name,src_file,src_line,total_ns,counts
schedule{name=Update},/Users/l-monninger/.cargo/registry/src/index.crates.io-1949cf8c6b5b557f/bevy_ecs-0.19.0/src/schedule/schedule.rs,562,25110285,1
system{name="lod::scene::refresh::sync::chunk::begin::begin_chunk_lod_fulfill<chico_vegetation_components::foliage::node::FoliageNode>"},/Users/l-monninger/.cargo/registry/src/index.crates.io-1949cf8c6b5b557f/bevy_ecs-0.19.0/src/system/function_system.rs,52,14554333,1
system{name="lod::scene::refresh::cull_regions::markers::sync_nested_refresh_allowed"},/Users/l-monninger/.cargo/registry/src/index.crates.io-1949cf8c6b5b557f/bevy_ecs-0.19.0/src/system/function_system.rs,52,4473292,1
system_commands{name="lod::scene::refresh::sync::chunk::drain::drain_chunk_lod_fulfill"},/Users/l-monninger/.cargo/registry/src/index.crates.io-1949cf8c6b5b557f/bevy_ecs-0.19.0/src/system/function_system.rs,54,2035764,1
system{name="lod::scene::refresh::sync::chunk::begin::begin_chunk_lod_fulfill<chico_vegetation_components::FlattenedComponentsOnly<chico_vegetation_components::placed_vegetation::PlacedVegetation<alloc::sync::Arc<chico_sbs_trees::rorys_head_trained::RorysHeadTrained>>>>"},/Users/l-monninger/.cargo/registry/src/index.crates.io-1949cf8c6b5b557f/bevy_ecs-0.19.0/src/system/function_system.rs,52,1913083,1
schedule{name=PostUpdate},/Users/l-monninger/.cargo/registry/src/index.crates.io-1949cf8c6b5b557f/bevy_ecs-0.19.0/src/schedule/schedule.rs,562,1363040,1
system{name="avian3d::physics_transform::transform_to_position"},/Users/l-monninger/.cargo/registry/src/index.crates.io-1949cf8c6b5b557f/bevy_ecs-0.19.0/src/system/function_system.rs,52,753042,1
par_for_each{query="(bevy_ecs::entity::Entity, bevy_ecs::change_detection::params::Ref<'_, bevy_transform::components::transform::Transform>, &bevy_ecs::hierarchy::Children)" filter="(bevy_ecs::query::filter::Without<bevy_ecs::hierarchy::ChildOf>, bevy_ecs::query::filter::With<avian3d::ancestor_marker::AncestorMarker<avian3d::collision::collider::backend::ColliderMarker>>)"},/Users/l-monninger/.cargo/registry/src/index.crates.io-1949cf8c6b5b557f/bevy_ecs-0.19.0/src/query/state.rs,297,3339168,8
queue_submit{count=11},/Users/l-monninger/.cargo/registry/src/index.crates.io-1949cf8c6b5b557f/bevy_core_pipeline-0.19.0/src/schedule.rs,236,410458,1
schedule{name=ExtractSchedule},/Users/l-monninger/.cargo/registry/src/index.crates.io-1949cf8c6b5b557f/bevy_ecs-0.19.0/src/schedule/schedule.rs,562,313084,1
system{name="lod::scene::refresh::cull_regions::markers::sync_cullable_roots_marker"},/Users/l-monninger/.cargo/registry/src/index.crates.io-1949cf8c6b5b557f/bevy_ecs-0.19.0/src/system/function_system.rs,52,299708,1
system_commands{name="lod::scene::bounds_patch::patch_scene_bounds<chico_vegetation_components::foliage::node::FoliageNode, lod_avian::AvianLodSceneBoundsMarshaller>"},/Users/l-monninger/.cargo/registry/src/index.crates.io-1949cf8c6b5b557f/bevy_ecs-0.19.0/src/system/function_system.rs,54,216830,1
system{name="lod::scene::bounds_patch::patch_scene_bounds<chico_vegetation_components::foliage::node::FoliageNode, lod_avian::AvianLodSceneBoundsMarshaller>"},/Users/l-monninger/.cargo/registry/src/index.crates.io-1949cf8c6b5b557f/bevy_ecs-0.19.0/src/system/function_system.rs,52,214541,1
schedule{name=Core3d},/Users/l-monninger/.cargo/registry/src/index.crates.io-1949cf8c6b5b557f/bevy_ecs-0.19.0/src/schedule/schedule.rs,562,205501,1
schedule{name=PreUpdate},/Users/l-monninger/.cargo/registry/src/index.crates.io-1949cf8c6b5b557f/bevy_ecs-0.19.0/src/schedule/schedule.rs,562,200917,1
RenderContextState::apply{system=bevy_pbr::cluster::gpu::cluster_on_gpu},/Users/l-monninger/.cargo/registry/src/index.crates.io-1949cf8c6b5b557f/bevy_render-0.19.0/src/renderer/render_context.rs,110,186542,1
system_commands{name="lod::scene::refresh::sync::chunk::begin::begin_chunk_lod_fulfill<chico_vegetation_components::foliage::node::FoliageNode>"},/Users/l-monninger/.cargo/registry/src/index.crates.io-1949cf8c6b5b557f/bevy_ecs-0.19.0/src/system/function_system.rs,54,181123,1
system{name="lod::scene::refresh::sync::chunk::drain::drain_chunk_lod_fulfill"},/Users/l-monninger/.cargo/registry/src/index.crates.io-1949cf8c6b5b557f/bevy_ecs-0.19.0/src/system/function_system.rs,52,176666,1
system{name="avian3d::collision::collider::collider_transform::plugin::propagate_collider_transforms"},/Users/l-monninger/.cargo/registry/src/index.crates.io-1949cf8c6b5b557f/bevy_ecs-0.19.0/src/system/function_system.rs,52,174461,1
system{name="bevy_camera::visibility::visibility_propagate_system"},/Users/l-monninger/.cargo/registry/src/index.crates.io-1949cf8c6b5b557f/bevy_ecs-0.19.0/src/system/function_system.rs,52,165208,1
system{name="avian3d::collider_tree::update::update_moved_collider_aabbs<avian3d::collision::collider::parry::Collider>"},/Users/l-monninger/.cargo/registry/src/index.crates.io-1949cf8c6b5b557f/bevy_ecs-0.19.0/src/system/function_system.rs,52,133875,1
RenderContextState::apply{system=bevy_pbr::render::light::per_view_shadow_pass<false>},/Users/l-monninger/.cargo/registry/src/index.crates.io-1949cf8c6b5b557f/bevy_render-0.19.0/src/renderer/render_context.rs,110,131833,1
system{name="bevy_pbr::cluster::gpu::prepare_clusters_for_gpu_clustering"},/Users/l-monninger/.cargo/registry/src/index.crates.io-1949cf8c6b5b557f/bevy_ecs-0.19.0/src/system/function_system.rs,52,119542,1
system{name="bevy_transform::systems::parallel::propagate_parent_transforms"},/Users/l-monninger/.cargo/registry/src/index.crates.io-1949cf8c6b5b557f/bevy_ecs-0.19.0/src/system/function_system.rs,52,230460,2
system_commands{name="avian3d::collider_tree::optimization::block_on_optimize_trees"},/Users/l-monninger/.cargo/registry/src/index.crates.io-1949cf8c6b5b557f/bevy_ecs-0.19.0/src/system/function_system.rs,54,101375,1
schedule{name=FixedLast},/Users/l-monninger/.cargo/registry/src/index.crates.io-1949cf8c6b5b557f/bevy_ecs-0.19.0/src/schedule/schedule.rs,562,91125,1
system{name="avian3d::collision::collider::backend::update_collider_mass_properties<avian3d::collision::collider::parry::Collider>"},/Users/l-monninger/.cargo/registry/src/index.crates.io-1949cf8c6b5b557f/bevy_ecs-0.19.0/src/system/function_system.rs,52,90958,1
system{name="bevy_ui::widget::text::text_system"},/Users/l-monninger/.cargo/registry/src/index.crates.io-1949cf8c6b5b557f/bevy_ecs-0.19.0/src/system/function_system.rs,52,90000,1
system{name="bevy_pbr::render::light::prepare_lights"},/Users/l-monninger/.cargo/registry/src/index.crates.io-1949cf8c6b5b557f/bevy_ecs-0.19.0/src/system/function_system.rs,52,82792,1
system{name="bevy_pbr::prepass::update_mesh_previous_global_transforms"},/Users/l-monninger/.cargo/registry/src/index.crates.io-1949cf8c6b5b557f/bevy_ecs-0.19.0/src/system/function_system.rs,52,79666,1
system{name="bevy_pbr::render::mesh::collect_meshes_for_gpu_building"},/Users/l-monninger/.cargo/registry/src/index.crates.io-1949cf8c6b5b557f/bevy_ecs-0.19.0/src/system/function_system.rs,52,77125,1
system{name="bevy_render::batching::gpu_preprocessing::write_indirect_parameters_buffers"},/Users/l-monninger/.cargo/registry/src/index.crates.io-1949cf8c6b5b557f/bevy_ecs-0.19.0/src/system/function_system.rs,52,76041,1
schedule{name=First},/Users/l-monninger/.cargo/registry/src/index.crates.io-1949cf8c6b5b557f/bevy_ecs-0.19.0/src/schedule/schedule.rs,562,73708,1
system{name="bevy_pbr::render::mesh::extract_meshes_for_gpu_building"},/Users/l-monninger/.cargo/registry/src/index.crates.io-1949cf8c6b5b557f/bevy_ecs-0.19.0/src/system/function_system.rs,52,73415,1
schedule{name=FixedFirst},/Users/l-monninger/.cargo/registry/src/index.crates.io-1949cf8c6b5b557f/bevy_ecs-0.19.0/src/schedule/schedule.rs,562,65166,1
system{name="bevy_pbr::render::gpu_preprocess::prepare_preprocess_bind_groups"},/Users/l-monninger/.cargo/registry/src/index.crates.io-1949cf8c6b5b557f/bevy_ecs-0.19.0/src/system/function_system.rs,52,64333,1
par_for_each{query="(bevy_ecs::entity::Entity, &bevy_camera::visibility::InheritedVisibility, &mut bevy_camera::visibility::ViewVisibility, core::option::Option<&bevy_camera::visibility::VisibilityClass>, core::option::Option<&bevy_camera::visibility::render_layers::RenderLayers>, core::option::Option<&bevy_camera::primitives::Aabb>, core::option::Option<&bevy_camera::primitives::Sphere>, &bevy_transform::components::global_transform::GlobalTransform, bevy_ecs::query::fetch::Has<bevy_camera::visibility::NoFrustumCulling>, bevy_ecs::query::fetch::Has<bevy_camera::visibility::range::VisibilityRange>)" filter="bevy_ecs::query::filter::Without<bevy_camera::visibility::NoCpuCulling>"},/Users/l-monninger/.cargo/registry/src/index.crates.io-1949cf8c6b5b557f/bevy_ecs-0.19.0/src/query/state.rs,297,885957,14
system{name="bevy_render::batching::gpu_preprocessing::write_binned_instance_buffers<bevy_pbr::render::light::Shadow, bevy_pbr::render::mesh::MeshPipeline>"},/Users/l-monninger/.cargo/registry/src/index.crates.io-1949cf8c6b5b557f/bevy_ecs-0.19.0/src/system/function_system.rs,52,61625,1
system{name="bevy_camera::visibility::calculate_bounds"},/Users/l-monninger/.cargo/registry/src/index.crates.io-1949cf8c6b5b557f/bevy_ecs-0.19.0/src/system/function_system.rs,52,61043,1
system{name="bevy_pbr::material::check_entities_needing_specialization<chico_sbs_trees_playground::checkerboard_material::CheckerboardMaterial>"},/Users/l-monninger/.cargo/registry/src/index.crates.io-1949cf8c6b5b557f/bevy_ecs-0.19.0/src/system/function_system.rs,52,60000,1
system{name="bevy_camera::visibility::reset_view_visibility"},/Users/l-monninger/.cargo/registry/src/index.crates.io-1949cf8c6b5b557f/bevy_ecs-0.19.0/src/system/function_system.rs,52,58917,1
system{name="bevy_transform::systems::mark_dirty_trees"},/Users/l-monninger/.cargo/registry/src/index.crates.io-1949cf8c6b5b557f/bevy_ecs-0.19.0/src/system/function_system.rs,52,117832,2
par_for_each{query="(bevy_ecs::entity::Entity, bevy_ecs::change_detection::params::Ref<'_, avian3d::physics_transform::transform::Position>, bevy_ecs::change_detection::params::Ref<'_, avian3d::physics_transform::transform::Rotation>, &mut avian3d::collision::collider::ColliderAabb, &mut avian3d::collision::collider::EnlargedAabb, bevy_ecs::change_detection::params::Ref<'_, avian3d::collision::collider::parry::Collider>, core::option::Option<&avian3d::collision::collider::CollisionMargin>, &avian3d::collider_tree::proxy_key::ColliderTreeProxyKey)" filter="bevy_ecs::query::filter::Without<avian3d::collision::collider::ColliderDisabled>"},/Users/l-monninger/.cargo/registry/src/index.crates.io-1949cf8c6b5b557f/bevy_ecs-0.19.0/src/query/state.rs,297,466377,8
system{name="bevy_render::batching::gpu_preprocessing::write_binned_instance_buffers<bevy_core_pipeline::core_3d::Opaque3d, bevy_pbr::render::mesh::MeshPipeline>"},/Users/l-monninger/.cargo/registry/src/index.crates.io-1949cf8c6b5b557f/bevy_ecs-0.19.0/src/system/function_system.rs,52,58166,1
schedule{name=RenderGraph},/Users/l-monninger/.cargo/registry/src/index.crates.io-1949cf8c6b5b557f/bevy_ecs-0.19.0/src/schedule/schedule.rs,562,55833,1
system{name="bevy_render::view::window::prepare_windows"},/Users/l-monninger/.cargo/registry/src/index.crates.io-1949cf8c6b5b557f/bevy_ecs-0.19.0/src/system/function_system.rs,52,54250,1
system{name="lod::scene::host::sync_lod_level_roots"},/Users/l-monninger/.cargo/registry/src/index.crates.io-1949cf8c6b5b557f/bevy_ecs-0.19.0/src/system/function_system.rs,52,53500,1
system{name="bevy_ui::widget::text::measure_text_system"},/Users/l-monninger/.cargo/registry/src/index.crates.io-1949cf8c6b5b557f/bevy_ecs-0.19.0/src/system/function_system.rs,52,53042,1
RenderContextState::apply{system=bevy_core_pipeline::core_3d::main_opaque_pass_3d_node::main_opaque_pass_3d},/Users/l-monninger/.cargo/registry/src/index.crates.io-1949cf8c6b5b557f/bevy_render-0.19.0/src/renderer/render_context.rs,110,50416,1
schedule{name=Last},/Users/l-monninger/.cargo/registry/src/index.crates.io-1949cf8c6b5b557f/bevy_ecs-0.19.0/src/schedule/schedule.rs,562,49044,1
system{name="bevy_ui_render::prepare_uinodes"},/Users/l-monninger/.cargo/registry/src/index.crates.io-1949cf8c6b5b557f/bevy_ecs-0.19.0/src/system/function_system.rs,52,47083,1
system{name="bevy_render::batching::gpu_preprocessing::write_batched_instance_buffers<bevy_pbr::render::mesh::MeshPipeline>"},/Users/l-monninger/.cargo/registry/src/index.crates.io-1949cf8c6b5b557f/bevy_ecs-0.19.0/src/system/function_system.rs,52,45959,1
system{name="bevy_pbr::material::check_entities_needing_specialization<chico_vegetation_shaders::chico_stick_material::ChicoStickMaterial>"},/Users/l-monninger/.cargo/registry/src/index.crates.io-1949cf8c6b5b557f/bevy_ecs-0.19.0/src/system/function_system.rs,52,43500,1
system{name="avian3d::collision::broad_phase::bvh_broad_phase::collect_collision_pairs<()>"},/Users/l-monninger/.cargo/registry/src/index.crates.io-1949cf8c6b5b557f/bevy_ecs-0.19.0/src/system/function_system.rs,52,40709,1
RenderContextState::apply{system=bevy_pbr::render::gpu_preprocess::unpack_bins},/Users/l-monninger/.cargo/registry/src/index.crates.io-1949cf8c6b5b557f/bevy_render-0.19.0/src/renderer/render_context.rs,110,38000,1
system{name="lod::scene::bounds_patch::patch_scene_bounds<chico_groves::riparian_general::vc::RiparianGeneral, lod_avian::AvianLodSceneBoundsMarshaller>"},/Users/l-monninger/.cargo/registry/src/index.crates.io-1949cf8c6b5b557f/bevy_ecs-0.19.0/src/system/function_system.rs,52,32708,1
system{name="bevy_pbr::render::mesh::prepare_mesh_bind_groups"},/Users/l-monninger/.cargo/registry/src/index.crates.io-1949cf8c6b5b557f/bevy_ecs-0.19.0/src/system/function_system.rs,52,32625,1
sub app{name=RenderExtractApp},/Users/l-monninger/.cargo/registry/src/index.crates.io-1949cf8c6b5b557f/bevy_app-0.19.0/src/sub_app.rs,576,30666,1
schedule{name=SubstepSchedule},/Users/l-monninger/.cargo/registry/src/index.crates.io-1949cf8c6b5b557f/bevy_ecs-0.19.0/src/schedule/schedule.rs,562,175054,6
RenderContextState::apply{system=bevy_pbr::render::gpu_preprocess::early_gpu_preprocess},/Users/l-monninger/.cargo/registry/src/index.crates.io-1949cf8c6b5b557f/bevy_render-0.19.0/src/renderer/render_context.rs,110,28292,1
system{name="bevy_pbr::cluster::gpu::prepare_clustering_bind_groups"},/Users/l-monninger/.cargo/registry/src/index.crates.io-1949cf8c6b5b557f/bevy_ecs-0.19.0/src/system/function_system.rs,52,27625,1
system{name="lod::scene::refresh::sync::chunk::complete::complete_chunk_lod_fulfill"},/Users/l-monninger/.cargo/registry/src/index.crates.io-1949cf8c6b5b557f/bevy_ecs-0.19.0/src/system/function_system.rs,52,26958,1
RenderContextState::apply{system=bevy_pbr::render::gpu_preprocess::main_build_indirect_parameters},/Users/l-monninger/.cargo/registry/src/index.crates.io-1949cf8c6b5b557f/bevy_render-0.19.0/src/renderer/render_context.rs,110,26917,1
system{name="bevy_render::extract_plugin::apply_extract_commands"},/Users/l-monninger/.cargo/registry/src/index.crates.io-1949cf8c6b5b557f/bevy_ecs-0.19.0/src/system/function_system.rs,52,26377,1
RenderContextState::apply{system=bevy_ui_render::render_pass::ui_pass},/Users/l-monninger/.cargo/registry/src/index.crates.io-1949cf8c6b5b557f/bevy_render-0.19.0/src/renderer/render_context.rs,110,26250,1
system{name="bevy_ui::layout::ui_layout_system"},/Users/l-monninger/.cargo/registry/src/index.crates.io-1949cf8c6b5b557f/bevy_ecs-0.19.0/src/system/function_system.rs,52,25583,1
schedule{name=SpawnScene},/Users/l-monninger/.cargo/registry/src/index.crates.io-1949cf8c6b5b557f/bevy_ecs-0.19.0/src/schedule/schedule.rs,562,23752,1
system_commands{name="lod::scene::refresh::cull_regions::markers::sync_nested_refresh_allowed"},/Users/l-monninger/.cargo/registry/src/index.crates.io-1949cf8c6b5b557f/bevy_ecs-0.19.0/src/system/function_system.rs,54,23209,1
RenderContextState::apply{system=bevy_pbr::render::gpu_preprocess::clear_indirect_parameters_metadata},/Users/l-monninger/.cargo/registry/src/index.crates.io-1949cf8c6b5b557f/bevy_render-0.19.0/src/renderer/render_context.rs,110,22750,1
system{name="lod::scene::bounds_patch::patch_scene_bounds<chico_vegetation_components::FlattenedComponentsOnly<chico_vegetation_components::placed_vegetation::PlacedVegetation<alloc::sync::Arc<chico_sbs_trees::rorys_head_trained::RorysHeadTrained>>>, lod_avian::AvianLodSceneBoundsMarshaller>"},/Users/l-monninger/.cargo/registry/src/index.crates.io-1949cf8c6b5b557f/bevy_ecs-0.19.0/src/system/function_system.rs,52,21750,1
system{name="lod::scene::bounds_patch::patch_scene_bounds<chico_vegetation_components::ComponentsOnly<chico_sbs_trees::waialea_palm::WaialeaPalm>, lod_avian::AvianLodSceneBoundsMarshaller>"},/Users/l-monninger/.cargo/registry/src/index.crates.io-1949cf8c6b5b557f/bevy_ecs-0.19.0/src/system/function_system.rs,52,21292,1
RenderContextState::apply{system=bevy_pbr::render::gpu_preprocess::early_prepass_build_indirect_parameters},/Users/l-monninger/.cargo/registry/src/index.crates.io-1949cf8c6b5b557f/bevy_render-0.19.0/src/renderer/render_context.rs,110,21125,1
system{name="bevy_camera::visibility::check_visibility_cpu_culling"},/Users/l-monninger/.cargo/registry/src/index.crates.io-1949cf8c6b5b557f/bevy_ecs-0.19.0/src/system/function_system.rs,52,20209,1
system{name="bevy_light::check_dir_light_mesh_visibility"},/Users/l-monninger/.cargo/registry/src/index.crates.io-1949cf8c6b5b557f/bevy_ecs-0.19.0/src/system/function_system.rs,52,19791,1
par_for_each{query="bevy_ecs::entity::Entity" filter="bevy_ecs::query::filter::Or<(bevy_ecs::query::filter::Changed<bevy_transform::components::transform::Transform>, bevy_ecs::query::filter::Changed<bevy_ecs::hierarchy::ChildOf>, bevy_ecs::query::filter::Added<bevy_transform::components::global_transform::GlobalTransform>)>"},/Users/l-monninger/.cargo/registry/src/index.crates.io-1949cf8c6b5b557f/bevy_ecs-0.19.0/src/query/state.rs,297,548833,28
system{name="bevy_pbr::render::mesh_view_bindings::prepare_mesh_view_bind_groups"},/Users/l-monninger/.cargo/registry/src/index.crates.io-1949cf8c6b5b557f/bevy_ecs-0.19.0/src/system/function_system.rs,52,18792,1
system{name="bevy_pbr::cluster::gpu::upload_view_gpu_clustering_buffers"},/Users/l-monninger/.cargo/registry/src/index.crates.io-1949cf8c6b5b557f/bevy_ecs-0.19.0/src/system/function_system.rs,52,18625,1
RenderContextState::apply{system=bevy_core_pipeline::upscaling::node::upscaling},/Users/l-monninger/.cargo/registry/src/index.crates.io-1949cf8c6b5b557f/bevy_render-0.19.0/src/renderer/render_context.rs,110,17750,1
system{name="scene_ref::fulfill::fulfill_multi_scene_merge_roots"},/Users/l-monninger/.cargo/registry/src/index.crates.io-1949cf8c6b5b557f/bevy_ecs-0.19.0/src/system/function_system.rs,52,17459,1
system{name="lod::scene::refresh::levels::produce::produce_lod_refresh_levels<chico_groves::orchard::vc::Orchard>"},/Users/l-monninger/.cargo/registry/src/index.crates.io-1949cf8c6b5b557f/bevy_ecs-0.19.0/src/system/function_system.rs,52,16750,1
system{name="lod::scene::refresh::sync::chunk::begin::begin_chunk_lod_fulfill<chico_vegetation_components::ComponentsOnly<chico_sbs_trees::rorys_head_trained::RorysHeadTrained>>"},/Users/l-monninger/.cargo/registry/src/index.crates.io-1949cf8c6b5b557f/bevy_ecs-0.19.0/src/system/function_system.rs,52,16000,1
system{name="lod::scene::refresh::levels::produce::produce_lod_refresh_levels<chico_vegetation_components::ComponentsOnly<chico_sbs_trees::friends_conifer::FriendsConifer>>"},/Users/l-monninger/.cargo/registry/src/index.crates.io-1949cf8c6b5b557f/bevy_ecs-0.19.0/src/system/function_system.rs,52,15875,1
system{name="bevy_core_pipeline::schedule::camera_driver"},/Users/l-monninger/.cargo/registry/src/index.crates.io-1949cf8c6b5b557f/bevy_ecs-0.19.0/src/system/function_system.rs,52,15791,1
system{name="lod::scene::refresh::sync::chunk::begin::begin_chunk_lod_fulfill<chico_groves::temperate_massives::vc::TemperateMassives>"},/Users/l-monninger/.cargo/registry/src/index.crates.io-1949cf8c6b5b557f/bevy_ecs-0.19.0/src/system/function_system.rs,52,15667,1
system{name="bevy_pbr::render::light::extract_shadow_lod_origin"},/Users/l-monninger/.cargo/registry/src/index.crates.io-1949cf8c6b5b557f/bevy_ecs-0.19.0/src/system/function_system.rs,52,15583,1
system{name="bevy_light::check_point_light_mesh_visibility"},/Users/l-monninger/.cargo/registry/src/index.crates.io-1949cf8c6b5b557f/bevy_ecs-0.19.0/src/system/function_system.rs,52,15417,1
system{name="bevy_pbr::material::mark_meshes_as_changed_if_their_materials_changed<chico_sbs_trees_playground::checkerboard_material::CheckerboardMaterial>"},/Users/l-monninger/.cargo/registry/src/index.crates.io-1949cf8c6b5b557f/bevy_ecs-0.19.0/src/system/function_system.rs,52,15209,1
opaque_main_pass_3d,/Users/l-monninger/.cargo/registry/src/index.crates.io-1949cf8c6b5b557f/bevy_core_pipeline-0.19.0/src/core_3d/main_opaque_pass_3d_node.rs,85,14875,1
system{name="bevy_camera::visibility::mark_newly_hidden_entities_invisible"},/Users/l-monninger/.cargo/registry/src/index.crates.io-1949cf8c6b5b557f/bevy_ecs-0.19.0/src/system/function_system.rs,52,14709,1
system{name="lod::scene::refresh::sync::chunk::begin::begin_chunk_lod_fulfill<chico_groves::trade_winds::vc::TradeWinds>"},/Users/l-monninger/.cargo/registry/src/index.crates.io-1949cf8c6b5b557f/bevy_ecs-0.19.0/src/system/function_system.rs,52,14209,1
system{name="bevy_pbr::prepass::prepare_prepass_view_bind_group"},/Users/l-monninger/.cargo/registry/src/index.crates.io-1949cf8c6b5b557f/bevy_ecs-0.19.0/src/system/function_system.rs,52,14125,1
system{name="bevy_pbr::material::check_entities_needing_specialization<chico_vegetation_shaders::chico_leaf_material::ChicoLeafMaterial>"},/Users/l-monninger/.cargo/registry/src/index.crates.io-1949cf8c6b5b557f/bevy_ecs-0.19.0/src/system/function_system.rs,52,13999,1
system{name="lod::scene::refresh::sync::chunk::begin::begin_chunk_lod_fulfill<chico_groves::dryland::vc::Dryland>"},/Users/l-monninger/.cargo/registry/src/index.crates.io-1949cf8c6b5b557f/bevy_ecs-0.19.0/src/system/function_system.rs,52,12625,1
system{name="bevy_render::globals::prepare_globals_buffer"},/Users/l-monninger/.cargo/registry/src/index.crates.io-1949cf8c6b5b557f/bevy_ecs-0.19.0/src/system/function_system.rs,52,12375,1
system{name="bevy_pbr::cluster::gpu::cluster_on_gpu"},/Users/l-monninger/.cargo/registry/src/index.crates.io-1949cf8c6b5b557f/bevy_ecs-0.19.0/src/system/function_system.rs,52,12375,1
system{name="bevy_core_pipeline::oit::resolve::prepare_oit_resolve_bind_group"},/Users/l-monninger/.cargo/registry/src/index.crates.io-1949cf8c6b5b557f/bevy_ecs-0.19.0/src/system/function_system.rs,52,12042,1
system{name="bevy_core_pipeline::schedule::submit_pending_command_buffers"},/Users/l-monninger/.cargo/registry/src/index.crates.io-1949cf8c6b5b557f/bevy_ecs-0.19.0/src/system/function_system.rs,52,12000,1
system{name="bevy_pbr::prepass::prepare_previous_view_uniforms"},/Users/l-monninger/.cargo/registry/src/index.crates.io-1949cf8c6b5b557f/bevy_ecs-0.19.0/src/system/function_system.rs,52,11667,1
write_previous_input_buffers,/Users/l-monninger/.cargo/registry/src/index.crates.io-1949cf8c6b5b557f/bevy_render-0.19.0/src/batching/gpu_preprocessing.rs,2362,11583,1
system{name="lod::scene::refresh::sync::chunk::begin::begin_chunk_lod_fulfill<chico_vegetation_components::ComponentsOnly<chico_vegetation_components::placed_vegetation::PlacedVegetation<chico_sbs_trees::rorys_head_trained::RorysHeadTrained>>>"},/Users/l-monninger/.cargo/registry/src/index.crates.io-1949cf8c6b5b557f/bevy_ecs-0.19.0/src/system/function_system.rs,52,11583,1
system{name="lod::scene::refresh::sync::chunk::begin::begin_chunk_lod_fulfill<chico_vegetation_components::ComponentsOnly<chico_groves::monster_grass::vc::MonsterGrass>>"},/Users/l-monninger/.cargo/registry/src/index.crates.io-1949cf8c6b5b557f/bevy_ecs-0.19.0/src/system/function_system.rs,52,11334,1
system{name="lod::scene::refresh::levels::produce::produce_lod_refresh_levels<chico_vegetation_components::ComponentsOnly<chico_vegetation_components::placed_vegetation::PlacedVegetation<chico_sbs_trees::penmarch_torch::PenmarchTorch>>>"},/Users/l-monninger/.cargo/registry/src/index.crates.io-1949cf8c6b5b557f/bevy_ecs-0.19.0/src/system/function_system.rs,52,11042,1
system{name="bevy_render::sync_world::despawn_temporary_render_entities"},/Users/l-monninger/.cargo/registry/src/index.crates.io-1949cf8c6b5b557f/bevy_ecs-0.19.0/src/system/function_system.rs,52,11000,1
system_commands{name="bevy_light::check_dir_light_mesh_visibility"},/Users/l-monninger/.cargo/registry/src/index.crates.io-1949cf8c6b5b557f/bevy_ecs-0.19.0/src/system/function_system.rs,54,10209,1
system{name="bevy_render::camera::camera_system"},/Users/l-monninger/.cargo/registry/src/index.crates.io-1949cf8c6b5b557f/bevy_ecs-0.19.0/src/system/function_system.rs,52,9917,1
system{name="lod::scene::bounds_patch::patch_scene_bounds<chico_vegetation_components::ComponentsOnly<chico_vegetation_components::placed_vegetation::PlacedVegetation<chico_sbs_trees::northern_conifer::NorthernConifer>>, lod_avian::AvianLodSceneBoundsMarshaller>"},/Users/l-monninger/.cargo/registry/src/index.crates.io-1949cf8c6b5b557f/bevy_ecs-0.19.0/src/system/function_system.rs,52,9708,1
system{name="bevy_pbr::material::mark_meshes_as_changed_if_their_materials_changed<chico_vegetation_shaders::chico_leaf_material::ChicoLeafMaterial>"},/Users/l-monninger/.cargo/registry/src/index.crates.io-1949cf8c6b5b557f/bevy_ecs-0.19.0/src/system/function_system.rs,52,9666,1
system{name="bevy_pbr::material::mark_meshes_as_changed_if_their_materials_changed<chico_vegetation_shaders::chico_stick_material::ChicoStickMaterial>"},/Users/l-monninger/.cargo/registry/src/index.crates.io-1949cf8c6b5b557f/bevy_ecs-0.19.0/src/system/function_system.rs,52,9500,1
system{name="bevy_render::view::prepare_view_uniforms"},/Users/l-monninger/.cargo/registry/src/index.crates.io-1949cf8c6b5b557f/bevy_ecs-0.19.0/src/system/function_system.rs,52,9416,1
system{name="bevy_transform::systems::sync_simple_transforms"},/Users/l-monninger/.cargo/registry/src/index.crates.io-1949cf8c6b5b557f/bevy_ecs-0.19.0/src/system/function_system.rs,52,18417,2
system{name="bevy_ui_render::gradient::prepare_gradient"},/Users/l-monninger/.cargo/registry/src/index.crates.io-1949cf8c6b5b557f/bevy_ecs-0.19.0/src/system/function_system.rs,52,9000,1
system{name="bevy_render::view::visibility::collect_visible_cpu_culled_entities"},/Users/l-monninger/.cargo/registry/src/index.crates.io-1949cf8c6b5b557f/bevy_ecs-0.19.0/src/system/function_system.rs,52,8916,1
{shadow_directional_light_1_cascade_0},/Users/l-monninger/.cargo/registry/src/index.crates.io-1949cf8c6b5b557f/bevy_pbr-0.19.0/src/render/light.rs,2830,8125,1
system_commands{name="bevy_pbr::render::light::prepare_lights"},/Users/l-monninger/.cargo/registry/src/index.crates.io-1949cf8c6b5b557f/bevy_ecs-0.19.0/src/system/function_system.rs,54,8042,1
system{name="avian3d::dynamics::solver::schedule::run_substep_schedule"},/Users/l-monninger/.cargo/registry/src/index.crates.io-1949cf8c6b5b557f/bevy_ecs-0.19.0/src/system/function_system.rs,52,8042,1
system{name="bevy_pbr::light_probe::upload_light_probes"},/Users/l-monninger/.cargo/registry/src/index.crates.io-1949cf8c6b5b557f/bevy_ecs-0.19.0/src/system/function_system.rs,52,7958,1
system{name="bevy_transform_interpolation::interpolation::update_scale_interpolation_end"},/Users/l-monninger/.cargo/registry/src/index.crates.io-1949cf8c6b5b557f/bevy_ecs-0.19.0/src/system/function_system.rs,52,7875,1
system{name="bevy_app::propagate::propagate_inherited<bevy_ui::ui_node::ComputedUiRenderTargetInfo, (), bevy_ecs::hierarchy::ChildOf>"},/Users/l-monninger/.cargo/registry/src/index.crates.io-1949cf8c6b5b557f/bevy_ecs-0.19.0/src/system/function_system.rs,52,7875,1
system{name="bevy_animation::advance_animations"},/Users/l-monninger/.cargo/registry/src/index.crates.io-1949cf8c6b5b557f/bevy_ecs-0.19.0/src/system/function_system.rs,52,7875,1
system{name="bevy_pbr::cluster::gpu::extract_clusters_for_gpu_clustering"},/Users/l-monninger/.cargo/registry/src/index.crates.io-1949cf8c6b5b557f/bevy_ecs-0.19.0/src/system/function_system.rs,52,7833,1
system{name="bevy_anti_alias::taa::extract_taa_settings"},/Users/l-monninger/.cargo/registry/src/index.crates.io-1949cf8c6b5b557f/bevy_ecs-0.19.0/src/system/function_system.rs,52,7542,1
system{name="bevy_ui_render::render_pass::ui_pass"},/Users/l-monninger/.cargo/registry/src/index.crates.io-1949cf8c6b5b557f/bevy_ecs-0.19.0/src/system/function_system.rs,52,7500,1
system{name="lod::scene::refresh::sync::chunk::begin::begin_chunk_lod_fulfill<chico_vegetation_components::sticks::node::StickNode>"},/Users/l-monninger/.cargo/registry/src/index.crates.io-1949cf8c6b5b557f/bevy_ecs-0.19.0/src/system/function_system.rs,52,7333,1
system{name="game_commands::ui::update_debug_ui"},/Users/l-monninger/.cargo/registry/src/index.crates.io-1949cf8c6b5b557f/bevy_ecs-0.19.0/src/system/function_system.rs,52,7250,1
system_commands{name="bevy_pbr::render::gpu_preprocess::prepare_preprocess_bind_groups"},/Users/l-monninger/.cargo/registry/src/index.crates.io-1949cf8c6b5b557f/bevy_ecs-0.19.0/src/system/function_system.rs,54,7208,1
system{name="bevy_sprite_render::render::prepare_sprite_view_bind_groups"},/Users/l-monninger/.cargo/registry/src/index.crates.io-1949cf8c6b5b557f/bevy_ecs-0.19.0/src/system/function_system.rs,52,6917,1
system{name="bevy_scene::spawn::spawn_queued"},/Users/l-monninger/.cargo/registry/src/index.crates.io-1949cf8c6b5b557f/bevy_ecs-0.19.0/src/system/function_system.rs,52,6375,1
system{name="lod::scene::refresh::cull_regions::enqueue::produce_lod_cull_for_region<lod_avian::AvianLodSceneRegionIndex<'_, '_, chico_vegetation_components::sticks::node::StickNode>, chico_sbs_trees_playground::vegetation_lod::VegetationCull, chico_vegetation_components::sticks::node::StickNode, bevy_ecs::query::filter::With<bevy_camera::camera::Camera>>"},/Users/l-monninger/.cargo/registry/src/index.crates.io-1949cf8c6b5b557f/bevy_ecs-0.19.0/src/system/function_system.rs,52,6250,1
system_commands{name="avian3d::dynamics::solver::islands::sleeping::sleep_islands"},/Users/l-monninger/.cargo/registry/src/index.crates.io-1949cf8c6b5b557f/bevy_ecs-0.19.0/src/system/function_system.rs,54,6250,1
system_commands{name="bevy_pbr::cluster::gpu::prepare_clusters_for_gpu_clustering"},/Users/l-monninger/.cargo/registry/src/index.crates.io-1949cf8c6b5b557f/bevy_ecs-0.19.0/src/system/function_system.rs,54,6042,1
system_commands{name="lod::scene::host::sync_lod_level_roots"},/Users/l-monninger/.cargo/registry/src/index.crates.io-1949cf8c6b5b557f/bevy_ecs-0.19.0/src/system/function_system.rs,54,6000,1
system{name="bevy_render::diagnostic::begin_diagnostics_frame"},/Users/l-monninger/.cargo/registry/src/index.crates.io-1949cf8c6b5b557f/bevy_ecs-0.19.0/src/system/function_system.rs,52,5958,1
system{name="lod::scene::refresh::cull_regions::enqueue::produce_lod_cull_for_region<lod_avian::AvianLodSceneRegionIndex<'_, '_, chico_vegetation_components::ComponentsOnly<chico_groves::monster_grass::vc::MonsterGrass>>, chico_sbs_trees_playground::vegetation_lod::VegetationCull, chico_vegetation_components::ComponentsOnly<chico_groves::monster_grass::vc::MonsterGrass>, bevy_ecs::query::filter::With<bevy_camera::camera::Camera>>"},/Users/l-monninger/.cargo/registry/src/index.crates.io-1949cf8c6b5b557f/bevy_ecs-0.19.0/src/system/function_system.rs,52,5917,1
system{name="bevy_pbr::render::light::extract_lights"},/Users/l-monninger/.cargo/registry/src/index.crates.io-1949cf8c6b5b557f/bevy_ecs-0.19.0/src/system/function_system.rs,52,5875,1
system{name="bevy_world_serialization::world_asset_spawner::world_instance_spawner_system"},/Users/l-monninger/.cargo/registry/src/index.crates.io-1949cf8c6b5b557f/bevy_ecs-0.19.0/src/system/function_system.rs,52,5792,1
system_commands{name="bevy_pbr::render::light::extract_lights"},/Users/l-monninger/.cargo/registry/src/index.crates.io-1949cf8c6b5b557f/bevy_ecs-0.19.0/src/system/function_system.rs,54,5708,1
system{name="lod::scene::refresh::levels::produce::produce_lod_refresh_levels<chico_vegetation_components::ComponentsOnly<chico_groves::braid_grass::vc::BraidGrass>>"},/Users/l-monninger/.cargo/registry/src/index.crates.io-1949cf8c6b5b557f/bevy_ecs-0.19.0/src/system/function_system.rs,52,5500,1
system{name="bevy_pbr::render::gpu_preprocess::unpack_bins"},/Users/l-monninger/.cargo/registry/src/index.crates.io-1949cf8c6b5b557f/bevy_ecs-0.19.0/src/system/function_system.rs,52,5458,1
system{name="bevy_ui::stack::ui_stack_system"},/Users/l-monninger/.cargo/registry/src/index.crates.io-1949cf8c6b5b557f/bevy_ecs-0.19.0/src/system/function_system.rs,52,5333,1
system{name="lod::scene::refresh::cull_regions::enqueue::produce_lod_cull_for_region<lod_avian::AvianLodSceneRegionIndex<'_, '_, chico_groves::levantine_scrub::vc::LevantineScrub>, chico_sbs_trees_playground::vegetation_lod::VegetationCull, chico_groves::levantine_scrub::vc::LevantineScrub, bevy_ecs::query::filter::With<bevy_camera::camera::Camera>>"},/Users/l-monninger/.cargo/registry/src/index.crates.io-1949cf8c6b5b557f/bevy_ecs-0.19.0/src/system/function_system.rs,52,5166,1
system{name="bevy_render::view::prepare_view_targets"},/Users/l-monninger/.cargo/registry/src/index.crates.io-1949cf8c6b5b557f/bevy_ecs-0.19.0/src/system/function_system.rs,52,4958,1
system{name="lod::scene::refresh::cull_regions::enqueue::produce_lod_cull_for_region<lod_avian::AvianLodSceneRegionIndex<'_, '_, chico_groves::palm_shade::vc::PalmShade>, chico_sbs_trees_playground::vegetation_lod::VegetationCull, chico_groves::palm_shade::vc::PalmShade, bevy_ecs::query::filter::With<bevy_camera::camera::Camera>>"},/Users/l-monninger/.cargo/registry/src/index.crates.io-1949cf8c6b5b557f/bevy_ecs-0.19.0/src/system/function_system.rs,52,4958,1
system{name="bevy_pbr::render::light::per_view_shadow_pass<false>"},/Users/l-monninger/.cargo/registry/src/index.crates.io-1949cf8c6b5b557f/bevy_ecs-0.19.0/src/system/function_system.rs,52,4833,1
system{name="bevy_render::camera::extract_cameras"},/Users/l-monninger/.cargo/registry/src/index.crates.io-1949cf8c6b5b557f/bevy_ecs-0.19.0/src/system/function_system.rs,52,4750,1
system{name="lod::scene::bounds_patch::patch_scene_bounds<chico_groves::vineyard::vc::Vineyard, lod_avian::AvianLodSceneBoundsMarshaller>"},/Users/l-monninger/.cargo/registry/src/index.crates.io-1949cf8c6b5b557f/bevy_ecs-0.19.0/src/system/function_system.rs,52,4625,1
system_commands{name="bevy_pbr::render::mesh::prepare_mesh_bind_groups"},/Users/l-monninger/.cargo/registry/src/index.crates.io-1949cf8c6b5b557f/bevy_ecs-0.19.0/src/system/function_system.rs,54,4541,1
system{name="lod::scene::refresh::cull_regions::produce::produce_lod_cull_regions<lod::scene::refresh::cull_regions::open_lattice::OpenLattice, bevy_ecs::query::filter::With<bevy_camera::camera::Camera>, chico_sbs_trees_playground::vegetation_lod::VegetationCull>"},/Users/l-monninger/.cargo/registry/src/index.crates.io-1949cf8c6b5b557f/bevy_ecs-0.19.0/src/system/function_system.rs,52,4375,1
system{name="material_ref::fulfill::restamp_material_ref_descendants_of_changed<chico_sbs_trees_playground::chico_material_lib::ChicoMaterialLib<'_>>"},/Users/l-monninger/.cargo/registry/src/index.crates.io-1949cf8c6b5b557f/bevy_ecs-0.19.0/src/system/function_system.rs,52,4125,1
main_opaque_pass_3d,/Users/l-monninger/.cargo/registry/src/index.crates.io-1949cf8c6b5b557f/bevy_core_pipeline-0.19.0/src/core_3d/main_opaque_pass_3d_node.rs,59,4125,1
system{name="bevy_ui_render::ui_texture_slice_pipeline::prepare_ui_slices"},/Users/l-monninger/.cargo/registry/src/index.crates.io-1949cf8c6b5b557f/bevy_ecs-0.19.0/src/system/function_system.rs,52,4041,1
system{name="lod::scene::refresh::levels::produce::produce_lod_refresh_levels<chico_groves::vineyard::vc::Vineyard>"},/Users/l-monninger/.cargo/registry/src/index.crates.io-1949cf8c6b5b557f/bevy_ecs-0.19.0/src/system/function_system.rs,52,4000,1
system{name="lod::scene::refresh::sync::chunk::begin::begin_chunk_lod_fulfill<chico_groves::tropical_undergrowth::vc::TropicalUndergrowth>"},/Users/l-monninger/.cargo/registry/src/index.crates.io-1949cf8c6b5b557f/bevy_ecs-0.19.0/src/system/function_system.rs,52,3959,1
system{name="bevy_render::batching::gpu_preprocessing::batch_and_prepare_binned_render_phase<bevy_core_pipeline::core_3d::Opaque3d, bevy_pbr::render::mesh::MeshPipeline>"},/Users/l-monninger/.cargo/registry/src/index.crates.io-1949cf8c6b5b557f/bevy_ecs-0.19.0/src/system/function_system.rs,52,3916,1
system{name="bevy_pbr::decal::clustered::upload_decals"},/Users/l-monninger/.cargo/registry/src/index.crates.io-1949cf8c6b5b557f/bevy_ecs-0.19.0/src/system/function_system.rs,52,3834,1
system{name="chico_sbs_trees_playground::ui::sync_command_status_text"},/Users/l-monninger/.cargo/registry/src/index.crates.io-1949cf8c6b5b557f/bevy_ecs-0.19.0/src/system/function_system.rs,52,3833,1
system{name="chico_sbs_trees_playground::commands::show::sync_show"},/Users/l-monninger/.cargo/registry/src/index.crates.io-1949cf8c6b5b557f/bevy_ecs-0.19.0/src/system/function_system.rs,52,3833,1
system{name="lod::scene::refresh::sync::chunk::begin::begin_chunk_lod_fulfill<chico_vegetation_components::FlattenedComponentsOnly<chico_vegetation_components::placed_vegetation::PlacedVegetation<alloc::sync::Arc<chico_sbs_trees::penmarch_torch::PenmarchTorch>>>>"},/Users/l-monninger/.cargo/registry/src/index.crates.io-1949cf8c6b5b557f/bevy_ecs-0.19.0/src/system/function_system.rs,52,3791,1
system{name="lod::scene::refresh::sync::chunk::begin::begin_chunk_lod_fulfill<chico_vegetation_components::ComponentsOnly<chico_groves::common_tufts::vc::CommonTufts>>"},/Users/l-monninger/.cargo/registry/src/index.crates.io-1949cf8c6b5b557f/bevy_ecs-0.19.0/src/system/function_system.rs,52,3750,1
system{name="lod::scene::refresh::sync::chunk::begin::begin_chunk_lod_fulfill<chico_groves::leeward::vc::Leeward>"},/Users/l-monninger/.cargo/registry/src/index.crates.io-1949cf8c6b5b557f/bevy_ecs-0.19.0/src/system/function_system.rs,52,3584,1
system{name="lod::scene::refresh::sync::chunk::begin::begin_chunk_lod_fulfill<chico_groves::bush_scrub::vc::BushScrub>"},/Users/l-monninger/.cargo/registry/src/index.crates.io-1949cf8c6b5b557f/bevy_ecs-0.19.0/src/system/function_system.rs,52,3583,1
system{name="lod::scene::refresh::sync::chunk::begin::begin_chunk_lod_fulfill<chico_vegetation_components::ComponentsOnly<chico_vegetation_components::placed_vegetation::PlacedVegetation<chico_sbs_trees::liams_conifer::LiamsConifer>>>"},/Users/l-monninger/.cargo/registry/src/index.crates.io-1949cf8c6b5b557f/bevy_ecs-0.19.0/src/system/function_system.rs,52,3542,1
system{name="bevy_render::erased_render_asset::extract_erased_render_asset<bevy_pbr::mesh_material::MeshMaterial3d<chico_vegetation_shaders::chico_leaf_material::ChicoLeafMaterial>>"},/Users/l-monninger/.cargo/registry/src/index.crates.io-1949cf8c6b5b557f/bevy_ecs-0.19.0/src/system/function_system.rs,52,3542,1
system{name="material_ref::fulfill::fulfill_material_ref_roots<chico_sbs_trees_playground::chico_material_lib::ChicoMaterialLib<'_>>"},/Users/l-monninger/.cargo/registry/src/index.crates.io-1949cf8c6b5b557f/bevy_ecs-0.19.0/src/system/function_system.rs,52,3542,1
system{name="bevy_render::render_asset::extract_render_asset<bevy_pbr::medium::GpuScatteringMedium>"},/Users/l-monninger/.cargo/registry/src/index.crates.io-1949cf8c6b5b557f/bevy_ecs-0.19.0/src/system/function_system.rs,52,3541,1
system{name="bevy_render::batching::gpu_preprocessing::batch_and_prepare_binned_render_phase<bevy_pbr::render::light::Shadow, bevy_pbr::render::mesh::MeshPipeline>"},/Users/l-monninger/.cargo/registry/src/index.crates.io-1949cf8c6b5b557f/bevy_ecs-0.19.0/src/system/function_system.rs,52,3541,1
system_commands{name="bevy_render::view::prepare_view_targets"},/Users/l-monninger/.cargo/registry/src/index.crates.io-1949cf8c6b5b557f/bevy_ecs-0.19.0/src/system/function_system.rs,54,3500,1
system{name="lod::scene::refresh::levels::produce::produce_lod_refresh_levels<chico_vegetation_components::ComponentsOnly<chico_sbs_trees::rorys_head_trained::RorysHeadTrained>>"},/Users/l-monninger/.cargo/registry/src/index.crates.io-1949cf8c6b5b557f/bevy_ecs-0.19.0/src/system/function_system.rs,52,3500,1
system{name="lod::scene::refresh::levels::produce::produce_lod_refresh_levels<chico_groves::strange_oasis::vc::StrangeOasis>"},/Users/l-monninger/.cargo/registry/src/index.crates.io-1949cf8c6b5b557f/bevy_ecs-0.19.0/src/system/function_system.rs,52,3458,1
system{name="avian3d::collision::collider::backend::init_collider_constructor_hierarchies"},/Users/l-monninger/.cargo/registry/src/index.crates.io-1949cf8c6b5b557f/bevy_ecs-0.19.0/src/system/function_system.rs,52,3458,1
system{name="lod::scene::refresh::sync::chunk::begin::begin_chunk_lod_fulfill<chico_vegetation_components::ComponentsOnly<chico_vegetation_components::placed_vegetation::PlacedVegetation<chico_sbs_trees::waialea_palm::WaialeaPalm>>>"},/Users/l-monninger/.cargo/registry/src/index.crates.io-1949cf8c6b5b557f/bevy_ecs-0.19.0/src/system/function_system.rs,52,3458,1
system{name="bevy_light::cascade::build_directional_light_cascades"},/Users/l-monninger/.cargo/registry/src/index.crates.io-1949cf8c6b5b557f/bevy_ecs-0.19.0/src/system/function_system.rs,52,3458,1
system{name="lod::scene::refresh::sync::chunk::begin::begin_chunk_lod_fulfill<chico_vegetation_components::ComponentsOnly<chico_groves::braid_grass::vc::BraidGrass>>"},/Users/l-monninger/.cargo/registry/src/index.crates.io-1949cf8c6b5b557f/bevy_ecs-0.19.0/src/system/function_system.rs,52,3417,1
system{name="bevy_sprite_render::mesh2d::material::specialize_material2d_meshes<bevy_sprite_render::mesh2d::color_material::ColorMaterial>"},/Users/l-monninger/.cargo/registry/src/index.crates.io-1949cf8c6b5b557f/bevy_ecs-0.19.0/src/system/function_system.rs,52,3375,1
system{name="bevy_sprite::calculate_bounds_2d"},/Users/l-monninger/.cargo/registry/src/index.crates.io-1949cf8c6b5b557f/bevy_ecs-0.19.0/src/system/function_system.rs,52,3375,1
system{name="lod::scene::refresh::sync::chunk::begin::begin_chunk_lod_fulfill<chico_vegetation_components::ComponentsOnly<chico_groves::tropical_tufts::vc::TropicalTufts>>"},/Users/l-monninger/.cargo/registry/src/index.crates.io-1949cf8c6b5b557f/bevy_ecs-0.19.0/src/system/function_system.rs,52,3375,1
system{name="lod::scene::refresh::sync::chunk::begin::begin_chunk_lod_fulfill<chico_groves::low_bush::vc::LowBush>"},/Users/l-monninger/.cargo/registry/src/index.crates.io-1949cf8c6b5b557f/bevy_ecs-0.19.0/src/system/function_system.rs,52,3334,1
system{name="lod::scene::refresh::sync::chunk::begin::begin_chunk_lod_fulfill<chico_vegetation_components::ComponentsOnly<chico_sbs_trees::simplemans_hedge::SimplemansHedge>>"},/Users/l-monninger/.cargo/registry/src/index.crates.io-1949cf8c6b5b557f/bevy_ecs-0.19.0/src/system/function_system.rs,52,3333,1
system{name="bevy_core_pipeline::upscaling::node::upscaling"},/Users/l-monninger/.cargo/registry/src/index.crates.io-1949cf8c6b5b557f/bevy_ecs-0.19.0/src/system/function_system.rs,52,3250,1
system_commands{name="bevy_render::camera::extract_cameras"},/Users/l-monninger/.cargo/registry/src/index.crates.io-1949cf8c6b5b557f/bevy_ecs-0.19.0/src/system/function_system.rs,54,3250,1
system{name="lod::scene::refresh::sync::chunk::begin::begin_chunk_lod_fulfill<chico_groves::goettingen_follow::vc::GoettingenFollow>"},/Users/l-monninger/.cargo/registry/src/index.crates.io-1949cf8c6b5b557f/bevy_ecs-0.19.0/src/system/function_system.rs,52,3250,1
system{name="lod::scene::refresh::sync::chunk::begin::begin_chunk_lod_fulfill<chico_groves::arid_conifer_sapling::vc::AridConiferSapling>"},/Users/l-monninger/.cargo/registry/src/index.crates.io-1949cf8c6b5b557f/bevy_ecs-0.19.0/src/system/function_system.rs,52,3250,1
system{name="bevy_pbr::render::gpu_preprocess::main_build_indirect_parameters"},/Users/l-monninger/.cargo/registry/src/index.crates.io-1949cf8c6b5b557f/bevy_ecs-0.19.0/src/system/function_system.rs,52,3250,1
system{name="lod::scene::refresh::sync::chunk::begin::begin_chunk_lod_fulfill<chico_vegetation_components::ComponentsOnly<chico_vegetation_components::placed_vegetation::PlacedVegetation<chico_sbs_trees::kamakura_torch::KamakuraTorch>>>"},/Users/l-monninger/.cargo/registry/src/index.crates.io-1949cf8c6b5b557f/bevy_ecs-0.19.0/src/system/function_system.rs,52,3250,1
system{name="bevy_ui_render::box_shadow::prepare_shadows"},/Users/l-monninger/.cargo/registry/src/index.crates.io-1949cf8c6b5b557f/bevy_ecs-0.19.0/src/system/function_system.rs,52,3209,1
system{name="lod::scene::refresh::sync::chunk::begin::begin_chunk_lod_fulfill<chico_groves::vineyard::vc::Vineyard>"},/Users/l-monninger/.cargo/registry/src/index.crates.io-1949cf8c6b5b557f/bevy_ecs-0.19.0/src/system/function_system.rs,52,3208,1
system{name="lod::scene::refresh::sync::chunk::begin::begin_chunk_lod_fulfill<chico_groves::wandering_acacia::vc::WanderingAcacia>"},/Users/l-monninger/.cargo/registry/src/index.crates.io-1949cf8c6b5b557f/bevy_ecs-0.19.0/src/system/function_system.rs,52,3208,1
system{name="lod::scene::refresh::sync::chunk::begin::begin_chunk_lod_fulfill<chico_vegetation_components::ComponentsOnly<chico_sbs_trees::temperate_conifer::TemperateConifer>>"},/Users/l-monninger/.cargo/registry/src/index.crates.io-1949cf8c6b5b557f/bevy_ecs-0.19.0/src/system/function_system.rs,52,3167,1
system{name="lod::scene::refresh::sync::chunk::begin::begin_chunk_lod_fulfill<chico_vegetation_components::ComponentsOnly<chico_sbs_trees::date_palm::DatePalm>>"},/Users/l-monninger/.cargo/registry/src/index.crates.io-1949cf8c6b5b557f/bevy_ecs-0.19.0/src/system/function_system.rs,52,3167,1
system{name="lod::scene::refresh::sync::chunk::begin::begin_chunk_lod_fulfill<chico_groves::unending_jungle::vc::UnendingJungle>"},/Users/l-monninger/.cargo/registry/src/index.crates.io-1949cf8c6b5b557f/bevy_ecs-0.19.0/src/system/function_system.rs,52,3167,1
system{name="lod::scene::refresh::sync::chunk::begin::begin_chunk_lod_fulfill<chico_vegetation_components::FlattenedComponentsOnly<chico_vegetation_components::placed_vegetation::PlacedVegetation<alloc::sync::Arc<chico_sbs_trees::vase_tree::VaseTree>>>>"},/Users/l-monninger/.cargo/registry/src/index.crates.io-1949cf8c6b5b557f/bevy_ecs-0.19.0/src/system/function_system.rs,52,3167,1
system{name="bevy_core_pipeline::core_3d::prepare_core_3d_depth_textures"},/Users/l-monninger/.cargo/registry/src/index.crates.io-1949cf8c6b5b557f/bevy_ecs-0.19.0/src/system/function_system.rs,52,3167,1
system{name="lod::scene::refresh::sync::chunk::begin::begin_chunk_lod_fulfill<chico_vegetation_components::ComponentsOnly<chico_vegetation_components::placed_vegetation::PlacedVegetation<chico_sbs_trees::braid_oak_tree::BraidOakTree>>>"},/Users/l-monninger/.cargo/registry/src/index.crates.io-1949cf8c6b5b557f/bevy_ecs-0.19.0/src/system/function_system.rs,52,3167,1
system{name="lod::scene::refresh::sync::chunk::begin::begin_chunk_lod_fulfill<chico_vegetation_components::ComponentsOnly<chico_vegetation_components::placed_vegetation::PlacedVegetation<chico_sbs_trees::simplemans_hedge::SimplemansHedge>>>"},/Users/l-monninger/.cargo/registry/src/index.crates.io-1949cf8c6b5b557f/bevy_ecs-0.19.0/src/system/function_system.rs,52,3166,1
system{name="lod::scene::refresh::sync::chunk::begin::begin_chunk_lod_fulfill<chico_vegetation_components::ComponentsOnly<chico_sbs_trees::tuft_patch::TuftPatch>>"},/Users/l-monninger/.cargo/registry/src/index.crates.io-1949cf8c6b5b557f/bevy_ecs-0.19.0/src/system/function_system.rs,52,3166,1
system_commands{name="bevy_core_pipeline::oit::resolve::prepare_oit_resolve_bind_group"},/Users/l-monninger/.cargo/registry/src/index.crates.io-1949cf8c6b5b557f/bevy_ecs-0.19.0/src/system/function_system.rs,54,3125,1
system{name="lod::scene::refresh::sync::chunk::begin::begin_chunk_lod_fulfill<chico_vegetation_components::ComponentsOnly<chico_vegetation_components::placed_vegetation::PlacedVegetation<chico_sbs_trees::temperate_conifer::TemperateConifer>>>"},/Users/l-monninger/.cargo/registry/src/index.crates.io-1949cf8c6b5b557f/bevy_ecs-0.19.0/src/system/function_system.rs,52,3125,1
system{name="lod::scene::refresh::sync::chunk::begin::begin_chunk_lod_fulfill<chico_groves::riverine_green::vc::RiverineGreen>"},/Users/l-monninger/.cargo/registry/src/index.crates.io-1949cf8c6b5b557f/bevy_ecs-0.19.0/src/system/function_system.rs,52,3125,1
system{name="lod::scene::refresh::sync::chunk::begin::begin_chunk_lod_fulfill<chico_vegetation_components::ComponentsOnly<chico_sbs_trees::honu_banyan::HonuBanyan>>"},/Users/l-monninger/.cargo/registry/src/index.crates.io-1949cf8c6b5b557f/bevy_ecs-0.19.0/src/system/function_system.rs,52,3125,1
system{name="bevy_pbr::render::morph::no_automatic_morph_batching"},/Users/l-monninger/.cargo/registry/src/index.crates.io-1949cf8c6b5b557f/bevy_ecs-0.19.0/src/system/function_system.rs,52,3125,1
system{name="lod::scene::refresh::sync::chunk::begin::begin_chunk_lod_fulfill<chico_vegetation_components::ComponentsOnly<chico_sbs_trees::palm_crown::PalmCrown>>"},/Users/l-monninger/.cargo/registry/src/index.crates.io-1949cf8c6b5b557f/bevy_ecs-0.19.0/src/system/function_system.rs,52,3084,1
system{name="bevy_pbr::render::gpu_preprocess::early_gpu_preprocess"},/Users/l-monninger/.cargo/registry/src/index.crates.io-1949cf8c6b5b557f/bevy_ecs-0.19.0/src/system/function_system.rs,52,3084,1
system{name="lod::scene::refresh::sync::chunk::begin::begin_chunk_lod_fulfill<chico_vegetation_components::ComponentsOnly<chico_sbs_trees::jungle_storybook_tree::JungleStorybookTree>>"},/Users/l-monninger/.cargo/registry/src/index.crates.io-1949cf8c6b5b557f/bevy_ecs-0.19.0/src/system/function_system.rs,52,3083,1
system{name="bevy_render::diagnostic::internal::sync_diagnostics"},/Users/l-monninger/.cargo/registry/src/index.crates.io-1949cf8c6b5b557f/bevy_ecs-0.19.0/src/system/function_system.rs,52,3083,1
system{name="lod::scene::refresh::sync::chunk::begin::begin_chunk_lod_fulfill<chico_groves::christmas_taiga::vc::ChristmasTaiga>"},/Users/l-monninger/.cargo/registry/src/index.crates.io-1949cf8c6b5b557f/bevy_ecs-0.19.0/src/system/function_system.rs,52,3083,1
system{name="lod::scene::refresh::sync::chunk::begin::begin_chunk_lod_fulfill<chico_vegetation_components::ComponentsOnly<chico_groves::tall_grass::vc::TallGrass>>"},/Users/l-monninger/.cargo/registry/src/index.crates.io-1949cf8c6b5b557f/bevy_ecs-0.19.0/src/system/function_system.rs,52,3042,1
system{name="lod::scene::refresh::sync::chunk::begin::begin_chunk_lod_fulfill<chico_groves::temperate_lower_massives::vc::TemperateLowerMassives>"},/Users/l-monninger/.cargo/registry/src/index.crates.io-1949cf8c6b5b557f/bevy_ecs-0.19.0/src/system/function_system.rs,52,3042,1
system{name="lod::scene::refresh::sync::chunk::begin::begin_chunk_lod_fulfill<chico_vegetation_components::ComponentsOnly<chico_sbs_trees::vase_tree::VaseTree>>"},/Users/l-monninger/.cargo/registry/src/index.crates.io-1949cf8c6b5b557f/bevy_ecs-0.19.0/src/system/function_system.rs,52,2958,1
system{name="lod::scene::refresh::sync::chunk::begin::begin_chunk_lod_fulfill<chico_groves::strange_oasis::vc::StrangeOasis>"},/Users/l-monninger/.cargo/registry/src/index.crates.io-1949cf8c6b5b557f/bevy_ecs-0.19.0/src/system/function_system.rs,52,2958,1
par_for_each{query="&mut bevy_camera::visibility::ViewVisibility" filter="bevy_ecs::query::filter::Without<bevy_camera::visibility::NoCpuCulling>"},/Users/l-monninger/.cargo/registry/src/index.crates.io-1949cf8c6b5b557f/bevy_ecs-0.19.0/src/query/state.rs,297,82790,28
system{name="lod::scene::refresh::sync::chunk::begin::begin_chunk_lod_fulfill<chico_vegetation_components::FlattenedComponentsOnly<chico_vegetation_components::placed_vegetation::PlacedVegetation<alloc::sync::Arc<chico_sbs_trees::braid_oak_tree::BraidOakTree>>>>"},/Users/l-monninger/.cargo/registry/src/index.crates.io-1949cf8c6b5b557f/bevy_ecs-0.19.0/src/system/function_system.rs,52,2917,1
system{name="bevy_ui_render::extract_ui_camera_view"},/Users/l-monninger/.cargo/registry/src/index.crates.io-1949cf8c6b5b557f/bevy_ecs-0.19.0/src/system/function_system.rs,52,2917,1
system{name="lod::scene::refresh::sync::chunk::begin::begin_chunk_lod_fulfill<chico_vegetation_components::ComponentsOnly<chico_vegetation_components::placed_vegetation::PlacedVegetation<chico_sbs_trees::jungle_storybook_tree::JungleStorybookTree>>>"},/Users/l-monninger/.cargo/registry/src/index.crates.io-1949cf8c6b5b557f/bevy_ecs-0.19.0/src/system/function_system.rs,52,2916,1
system{name="lod::scene::refresh::sync::chunk::begin::begin_chunk_lod_fulfill<chico_vegetation_components::ComponentsOnly<chico_sbs_trees::kamakura_torch::KamakuraTorch>>"},/Users/l-monninger/.cargo/registry/src/index.crates.io-1949cf8c6b5b557f/bevy_ecs-0.19.0/src/system/function_system.rs,52,2916,1
system{name="lod::scene::refresh::sync::chunk::begin::begin_chunk_lod_fulfill<chico_vegetation_components::FlattenedComponentsOnly<chico_vegetation_components::placed_vegetation::PlacedVegetation<alloc::sync::Arc<chico_sbs_trees::kamakura_torch::KamakuraTorch>>>>"},/Users/l-monninger/.cargo/registry/src/index.crates.io-1949cf8c6b5b557f/bevy_ecs-0.19.0/src/system/function_system.rs,52,2916,1
system{name="lod::scene::refresh::sync::chunk::begin::begin_chunk_lod_fulfill<chico_groves::jungle_massives::vc::JungleMassives>"},/Users/l-monninger/.cargo/registry/src/index.crates.io-1949cf8c6b5b557f/bevy_ecs-0.19.0/src/system/function_system.rs,52,2875,1
system{name="lod::scene::refresh::cull_regions::enqueue::produce_lod_cull_for_region<lod_avian::AvianLodSceneRegionIndex<'_, '_, chico_vegetation_components::ComponentsOnly<chico_groves::common_tufts::vc::CommonTufts>>, chico_sbs_trees_playground::vegetation_lod::VegetationCull, chico_vegetation_components::ComponentsOnly<chico_groves::common_tufts::vc::CommonTufts>, bevy_ecs::query::filter::With<bevy_camera::camera::Camera>>"},/Users/l-monninger/.cargo/registry/src/index.crates.io-1949cf8c6b5b557f/bevy_ecs-0.19.0/src/system/function_system.rs,52,2875,1
system{name="lod::scene::refresh::sync::chunk::begin::begin_chunk_lod_fulfill<chico_groves::conifer_sapling::vc::ConiferSapling>"},/Users/l-monninger/.cargo/registry/src/index.crates.io-1949cf8c6b5b557f/bevy_ecs-0.19.0/src/system/function_system.rs,52,2875,1
system{name="lod::scene::refresh::sync::chunk::begin::begin_chunk_lod_fulfill<chico_vegetation_components::ComponentsOnly<chico_vegetation_components::placed_vegetation::PlacedVegetation<chico_sbs_trees::tuft_patch::TuftPatch>>>"},/Users/l-monninger/.cargo/registry/src/index.crates.io-1949cf8c6b5b557f/bevy_ecs-0.19.0/src/system/function_system.rs,52,2875,1
system{name="bevy_render::render_asset::extract_render_asset<bevy_sprite_render::mesh2d::material::PreparedMaterial2d<bevy_sprite_render::tilemap_chunk::tilemap_chunk_material::TilemapChunkMaterial>>"},/Users/l-monninger/.cargo/registry/src/index.crates.io-1949cf8c6b5b557f/bevy_ecs-0.19.0/src/system/function_system.rs,52,2875,1
system{name="lod::scene::refresh::sync::chunk::begin::begin_chunk_lod_fulfill<chico_groves::levantine_scrub::vc::LevantineScrub>"},/Users/l-monninger/.cargo/registry/src/index.crates.io-1949cf8c6b5b557f/bevy_ecs-0.19.0/src/system/function_system.rs,52,2833,1
system{name="bevy_render::render_asset::extract_render_asset<bevy_gizmos_render::GpuLineGizmo>"},/Users/l-monninger/.cargo/registry/src/index.crates.io-1949cf8c6b5b557f/bevy_ecs-0.19.0/src/system/function_system.rs,52,2833,1
system{name="lod::scene::refresh::sync::chunk::begin::begin_chunk_lod_fulfill<chico_vegetation_components::ComponentsOnly<chico_vegetation_components::placed_vegetation::PlacedVegetation<chico_sbs_trees::vase_tree::VaseTree>>>"},/Users/l-monninger/.cargo/registry/src/index.crates.io-1949cf8c6b5b557f/bevy_ecs-0.19.0/src/system/function_system.rs,52,2833,1
system{name="lod::scene::refresh::sync::chunk::begin::begin_chunk_lod_fulfill<chico_vegetation_components::ComponentsOnly<chico_sbs_trees::friends_conifer::FriendsConifer>>"},/Users/l-monninger/.cargo/registry/src/index.crates.io-1949cf8c6b5b557f/bevy_ecs-0.19.0/src/system/function_system.rs,52,2833,1
system_commands{name="bevy_sprite_render::render::prepare_sprite_view_bind_groups"},/Users/l-monninger/.cargo/registry/src/index.crates.io-1949cf8c6b5b557f/bevy_ecs-0.19.0/src/system/function_system.rs,54,2792,1
system{name="lod::scene::refresh::sync::chunk::begin::begin_chunk_lod_fulfill<chico_vegetation_components::ComponentsOnly<chico_sbs_trees::penmarch_torch::PenmarchTorch>>"},/Users/l-monninger/.cargo/registry/src/index.crates.io-1949cf8c6b5b557f/bevy_ecs-0.19.0/src/system/function_system.rs,52,2792,1
camera_schedule{camera="Camera 0 (328v0)"},/Users/l-monninger/.cargo/registry/src/index.crates.io-1949cf8c6b5b557f/bevy_core_pipeline-0.19.0/src/schedule.rs,198,2792,1
system{name="lod::scene::refresh::sync::chunk::begin::begin_chunk_lod_fulfill<chico_groves::storytellers::vc::Storytellers>"},/Users/l-monninger/.cargo/registry/src/index.crates.io-1949cf8c6b5b557f/bevy_ecs-0.19.0/src/system/function_system.rs,52,2791,1
system{name="bevy_ui_render::extract_text_sections"},/Users/l-monninger/.cargo/registry/src/index.crates.io-1949cf8c6b5b557f/bevy_ecs-0.19.0/src/system/function_system.rs,52,2750,1
system{name="lod::scene::refresh::sync::chunk::begin::begin_chunk_lod_fulfill<chico_groves::high_bush::vc::HighBush>"},/Users/l-monninger/.cargo/registry/src/index.crates.io-1949cf8c6b5b557f/bevy_ecs-0.19.0/src/system/function_system.rs,52,2709,1
system{name="bevy_text::font::load_font_assets_into_font_collection"},/Users/l-monninger/.cargo/registry/src/index.crates.io-1949cf8c6b5b557f/bevy_ecs-0.19.0/src/system/function_system.rs,52,2708,1
system{name="lod::scene::refresh::sync::chunk::begin::begin_chunk_lod_fulfill<chico_vegetation_components::ComponentsOnly<chico_vegetation_components::placed_vegetation::PlacedVegetation<chico_sbs_trees::friends_conifer::FriendsConifer>>>"},/Users/l-monninger/.cargo/registry/src/index.crates.io-1949cf8c6b5b557f/bevy_ecs-0.19.0/src/system/function_system.rs,52,2708,1
system{name="lod::scene::refresh::levels::produce::fill_lod_produce_cache<lod_avian::AvianLodSceneHostIndex<'_, '_>, bevy_ecs::query::filter::With<bevy_camera::camera::Camera>>"},/Users/l-monninger/.cargo/registry/src/index.crates.io-1949cf8c6b5b557f/bevy_ecs-0.19.0/src/system/function_system.rs,52,2708,1
system{name="avian3d::collider_tree::optimization::block_on_optimize_trees"},/Users/l-monninger/.cargo/registry/src/index.crates.io-1949cf8c6b5b557f/bevy_ecs-0.19.0/src/system/function_system.rs,52,2708,1
system{name="bevy_diagnostic::frame_time_diagnostics_plugin::FrameTimeDiagnosticsPlugin::diagnostic_system"},/Users/l-monninger/.cargo/registry/src/index.crates.io-1949cf8c6b5b557f/bevy_ecs-0.19.0/src/system/function_system.rs,52,2708,1
system{name="lod::scene::refresh::sync::chunk::begin::begin_chunk_lod_fulfill<chico_vegetation_components::ComponentsOnly<chico_vegetation_components::placed_vegetation::PlacedVegetation<chico_sbs_trees::northern_conifer::NorthernConifer>>>"},/Users/l-monninger/.cargo/registry/src/index.crates.io-1949cf8c6b5b557f/bevy_ecs-0.19.0/src/system/function_system.rs,52,2667,1
system{name="bevy_render::erased_render_asset::extract_erased_render_asset<bevy_pbr::mesh_material::MeshMaterial3d<chico_sbs_trees_playground::checkerboard_material::CheckerboardMaterial>>"},/Users/l-monninger/.cargo/registry/src/index.crates.io-1949cf8c6b5b557f/bevy_ecs-0.19.0/src/system/function_system.rs,52,2667,1
system{name="bevy_sprite_render::mesh2d::material::check_entities_needing_specialization<bevy_sprite_render::tilemap_chunk::tilemap_chunk_material::TilemapChunkMaterial>"},/Users/l-monninger/.cargo/registry/src/index.crates.io-1949cf8c6b5b557f/bevy_ecs-0.19.0/src/system/function_system.rs,52,2667,1
system{name="lod::scene::refresh::sync::chunk::begin::begin_chunk_lod_fulfill<chico_vegetation_components::FlattenedComponentsOnly<chico_vegetation_components::placed_vegetation::PlacedVegetation<alloc::sync::Arc<chico_sbs_trees::jungle_storybook_tree::JungleStorybookTree>>>>"},/Users/l-monninger/.cargo/registry/src/index.crates.io-1949cf8c6b5b557f/bevy_ecs-0.19.0/src/system/function_system.rs,52,2667,1
system{name="lod::scene::refresh::sync::chunk::begin::begin_chunk_lod_fulfill<chico_vegetation_components::ComponentsOnly<chico_groves::wild_grass::vc::WildGrass>>"},/Users/l-monninger/.cargo/registry/src/index.crates.io-1949cf8c6b5b557f/bevy_ecs-0.19.0/src/system/function_system.rs,52,2667,1
system{name="lod::scene::refresh::sync::chunk::begin::begin_chunk_lod_fulfill<chico_vegetation_components::ComponentsOnly<chico_sbs_trees::braid_oak_tree::BraidOakTree>>"},/Users/l-monninger/.cargo/registry/src/index.crates.io-1949cf8c6b5b557f/bevy_ecs-0.19.0/src/system/function_system.rs,52,2666,1
system{name="avian3d::collision::collider::backend::update_collider_scale<avian3d::collision::collider::parry::Collider>"},/Users/l-monninger/.cargo/registry/src/index.crates.io-1949cf8c6b5b557f/bevy_ecs-0.19.0/src/system/function_system.rs,52,2625,1
system_commands{name="bevy_pbr::cluster::gpu::prepare_clustering_bind_groups"},/Users/l-monninger/.cargo/registry/src/index.crates.io-1949cf8c6b5b557f/bevy_ecs-0.19.0/src/system/function_system.rs,54,2625,1
system{name="bevy_asset::server::handle_internal_asset_events"},/Users/l-monninger/.cargo/registry/src/index.crates.io-1949cf8c6b5b557f/bevy_ecs-0.19.0/src/system/function_system.rs,52,2625,1
system{name="lod::scene::refresh::sync::chunk::begin::begin_chunk_lod_fulfill<chico_vegetation_components::ComponentsOnly<chico_sbs_trees::storybook_tree::StorybookTree>>"},/Users/l-monninger/.cargo/registry/src/index.crates.io-1949cf8c6b5b557f/bevy_ecs-0.19.0/src/system/function_system.rs,52,2625,1
system{name="material_ref::fulfill::fulfill_material_ref_descendants<chico_sbs_trees_playground::chico_material_lib::ChicoMaterialLib<'_>>"},/Users/l-monninger/.cargo/registry/src/index.crates.io-1949cf8c6b5b557f/bevy_ecs-0.19.0/src/system/function_system.rs,52,2584,1
system{name="lod::scene::refresh::sync::chunk::begin::begin_chunk_lod_fulfill<chico_vegetation_components::ComponentsOnly<chico_vegetation_components::placed_vegetation::PlacedVegetation<chico_sbs_trees::sopes_banyan::SopesBanyan>>>"},/Users/l-monninger/.cargo/registry/src/index.crates.io-1949cf8c6b5b557f/bevy_ecs-0.19.0/src/system/function_system.rs,52,2583,1
system{name="bevy_ui_widgets::menu::menu_acquire_focus"},/Users/l-monninger/.cargo/registry/src/index.crates.io-1949cf8c6b5b557f/bevy_ecs-0.19.0/src/system/function_system.rs,52,2583,1
system{name="bevy_render::render_asset::extract_render_asset<bevy_render::texture::gpu_image::GpuImage>"},/Users/l-monninger/.cargo/registry/src/index.crates.io-1949cf8c6b5b557f/bevy_ecs-0.19.0/src/system/function_system.rs,52,2583,1
system_commands{name="bevy_pbr::atmosphere::environment::prepare_atmosphere_probe_bind_groups"},/Users/l-monninger/.cargo/registry/src/index.crates.io-1949cf8c6b5b557f/bevy_ecs-0.19.0/src/system/function_system.rs,54,2583,1
system{name="bevy_render::batching::no_gpu_preprocessing::clear_batched_cpu_instance_buffers<bevy_pbr::render::mesh::MeshPipeline>"},/Users/l-monninger/.cargo/registry/src/index.crates.io-1949cf8c6b5b557f/bevy_ecs-0.19.0/src/system/function_system.rs,52,2542,1
system_commands{name="bevy_pbr::cluster::gpu::prepare_clustering_pipelines"},/Users/l-monninger/.cargo/registry/src/index.crates.io-1949cf8c6b5b557f/bevy_ecs-0.19.0/src/system/function_system.rs,54,2542,1
system{name="lod::scene::refresh::cull_regions::enqueue::produce_lod_cull_for_region<lod_avian::AvianLodSceneRegionIndex<'_, '_, chico_vegetation_components::ComponentsOnly<chico_groves::wild_grass::vc::WildGrass>>, chico_sbs_trees_playground::vegetation_lod::VegetationCull, chico_vegetation_components::ComponentsOnly<chico_groves::wild_grass::vc::WildGrass>, bevy_ecs::query::filter::With<bevy_camera::camera::Camera>>"},/Users/l-monninger/.cargo/registry/src/index.crates.io-1949cf8c6b5b557f/bevy_ecs-0.19.0/src/system/function_system.rs,52,2541,1
system{name="bevy_pbr::render::light::queue_shadows"},/Users/l-monninger/.cargo/registry/src/index.crates.io-1949cf8c6b5b557f/bevy_ecs-0.19.0/src/system/function_system.rs,52,2541,1
system{name="lod::scene::refresh::levels::produce::produce_lod_refresh_levels<chico_vegetation_components::sticks::node::StickNode>"},/Users/l-monninger/.cargo/registry/src/index.crates.io-1949cf8c6b5b557f/bevy_ecs-0.19.0/src/system/function_system.rs,52,2500,1
system{name="game_commands::command::capture_command_line_input<chico_sbs_trees_playground::commands::PlaygroundCommand>"},/Users/l-monninger/.cargo/registry/src/index.crates.io-1949cf8c6b5b557f/bevy_ecs-0.19.0/src/system/function_system.rs,52,2500,1
system{name="bevy_core_pipeline::schedule::handle_uncovered_swap_chains"},/Users/l-monninger/.cargo/registry/src/index.crates.io-1949cf8c6b5b557f/bevy_ecs-0.19.0/src/system/function_system.rs,52,2500,1
system{name="bevy_light::cluster::assign::assign_objects_to_clusters"},/Users/l-monninger/.cargo/registry/src/index.crates.io-1949cf8c6b5b557f/bevy_ecs-0.19.0/src/system/function_system.rs,52,2458,1
system{name="lod::scene::refresh::levels::produce::produce_lod_refresh_levels<chico_vegetation_components::ComponentsOnly<chico_sbs_trees::vase_tree::VaseTree>>"},/Users/l-monninger/.cargo/registry/src/index.crates.io-1949cf8c6b5b557f/bevy_ecs-0.19.0/src/system/function_system.rs,52,2458,1
multithreaded executor,/Users/l-monninger/.cargo/registry/src/index.crates.io-1949cf8c6b5b557f/bevy_ecs-0.19.0/src/schedule/executor/multi_threaded.rs,395,2209127,911
system{name="bevy_picking::hover::generate_hovermap"},/Users/l-monninger/.cargo/registry/src/index.crates.io-1949cf8c6b5b557f/bevy_ecs-0.19.0/src/system/function_system.rs,52,2417,1
system{name="lod::scene::refresh::cull_regions::enqueue::produce_lod_cull_for_region<lod_avian::AvianLodSceneRegionIndex<'_, '_, chico_vegetation_components::ComponentsOnly<chico_groves::tropical_tufts::vc::TropicalTufts>>, chico_sbs_trees_playground::vegetation_lod::VegetationCull, chico_vegetation_components::ComponentsOnly<chico_groves::tropical_tufts::vc::TropicalTufts>, bevy_ecs::query::filter::With<bevy_camera::camera::Camera>>"},/Users/l-monninger/.cargo/registry/src/index.crates.io-1949cf8c6b5b557f/bevy_ecs-0.19.0/src/system/function_system.rs,52,2417,1
system{name="bevy_picking::events::pointer_events"},/Users/l-monninger/.cargo/registry/src/index.crates.io-1949cf8c6b5b557f/bevy_ecs-0.19.0/src/system/function_system.rs,52,2417,1
system{name="bevy_render::render_asset::extract_render_asset<bevy_sprite_render::mesh2d::material::PreparedMaterial2d<bevy_sprite_render::mesh2d::color_material::ColorMaterial>>"},/Users/l-monninger/.cargo/registry/src/index.crates.io-1949cf8c6b5b557f/bevy_ecs-0.19.0/src/system/function_system.rs,52,2375,1
system{name="avian3d::collision::narrow_phase::update_narrow_phase<avian3d::collision::collider::parry::Collider, ()>"},/Users/l-monninger/.cargo/registry/src/index.crates.io-1949cf8c6b5b557f/bevy_ecs-0.19.0/src/system/function_system.rs,52,2375,1
system{name="bevy_sprite::text2d::update_text2d_layout"},/Users/l-monninger/.cargo/registry/src/index.crates.io-1949cf8c6b5b557f/bevy_ecs-0.19.0/src/system/function_system.rs,52,2375,1
system{name="lod::scene::host::settle_lod_level_root_visibility"},/Users/l-monninger/.cargo/registry/src/index.crates.io-1949cf8c6b5b557f/bevy_ecs-0.19.0/src/system/function_system.rs,52,2334,1
system{name="bevy_render::erased_render_asset::extract_erased_render_asset<bevy_pbr::mesh_material::MeshMaterial3d<bevy_pbr::pbr_material::StandardMaterial>>"},/Users/l-monninger/.cargo/registry/src/index.crates.io-1949cf8c6b5b557f/bevy_ecs-0.19.0/src/system/function_system.rs,52,2333,1
system{name="avian3d::collider_tree::update::update_solver_body_aabbs<avian3d::collision::collider::parry::Collider>"},/Users/l-monninger/.cargo/registry/src/index.crates.io-1949cf8c6b5b557f/bevy_ecs-0.19.0/src/system/function_system.rs,52,2333,1
system{name="lod::scene::refresh::sync::chunk::complete::bump_nested_streamed_progress"},/Users/l-monninger/.cargo/registry/src/index.crates.io-1949cf8c6b5b557f/bevy_ecs-0.19.0/src/system/function_system.rs,52,2333,1
system{name="bevy_render::erased_render_asset::extract_erased_render_asset<bevy_pbr::mesh_material::MeshMaterial3d<bevy_pbr::extended_material::ExtendedMaterial<bevy_pbr::pbr_material::StandardMaterial, bevy_pbr::decal::forward::ForwardDecalMaterialExt>>>"},/Users/l-monninger/.cargo/registry/src/index.crates.io-1949cf8c6b5b557f/bevy_ecs-0.19.0/src/system/function_system.rs,52,2333,1
system{name="bevy_pbr::render::light::specialize_shadows"},/Users/l-monninger/.cargo/registry/src/index.crates.io-1949cf8c6b5b557f/bevy_ecs-0.19.0/src/system/function_system.rs,52,2333,1
indexed_cpu_metadata,/Users/l-monninger/.cargo/registry/src/index.crates.io-1949cf8c6b5b557f/bevy_render-0.19.0/src/batching/gpu_preprocessing.rs,2675,20293,9
system{name="bevy_ui::picking_backend::ui_picking"},/Users/l-monninger/.cargo/registry/src/index.crates.io-1949cf8c6b5b557f/bevy_ecs-0.19.0/src/system/function_system.rs,52,2250,1
system{name="bevy_render::render_asset::extract_render_asset<bevy_render::storage::GpuShaderBuffer>"},/Users/l-monninger/.cargo/registry/src/index.crates.io-1949cf8c6b5b557f/bevy_ecs-0.19.0/src/system/function_system.rs,52,2250,1
system{name="bevy_pbr::render::gpu_preprocess::early_prepass_build_indirect_parameters"},/Users/l-monninger/.cargo/registry/src/index.crates.io-1949cf8c6b5b557f/bevy_ecs-0.19.0/src/system/function_system.rs,52,2209,1
system_commands{name="bevy_core_pipeline::core_3d::extract_camera_prepass_phase"},/Users/l-monninger/.cargo/registry/src/index.crates.io-1949cf8c6b5b557f/bevy_ecs-0.19.0/src/system/function_system.rs,54,2208,1
system_commands{name="bevy_ui::update::propagate_ui_target_cameras"},/Users/l-monninger/.cargo/registry/src/index.crates.io-1949cf8c6b5b557f/bevy_ecs-0.19.0/src/system/function_system.rs,54,2208,1
system{name="lod::scene::refresh::levels::produce::produce_lod_refresh_levels<chico_vegetation_components::ComponentsOnly<chico_vegetation_components::placed_vegetation::PlacedVegetation<chico_sbs_trees::braid_oak_tree::BraidOakTree>>>"},/Users/l-monninger/.cargo/registry/src/index.crates.io-1949cf8c6b5b557f/bevy_ecs-0.19.0/src/system/function_system.rs,52,2167,1
system{name="bevy_render::texture::texture_cache::update_texture_cache_system"},/Users/l-monninger/.cargo/registry/src/index.crates.io-1949cf8c6b5b557f/bevy_ecs-0.19.0/src/system/function_system.rs,52,2167,1
system{name="lod::scene::refresh::levels::produce::produce_lod_refresh_levels<chico_groves::bush_scrub::vc::BushScrub>"},/Users/l-monninger/.cargo/registry/src/index.crates.io-1949cf8c6b5b557f/bevy_ecs-0.19.0/src/system/function_system.rs,52,2167,1
system{name="bevy_render::view::window::screenshot::trigger_screenshots"},/Users/l-monninger/.cargo/registry/src/index.crates.io-1949cf8c6b5b557f/bevy_ecs-0.19.0/src/system/function_system.rs,52,2166,1
system{name="bevy_ui_render::extract_uinode_background_colors"},/Users/l-monninger/.cargo/registry/src/index.crates.io-1949cf8c6b5b557f/bevy_ecs-0.19.0/src/system/function_system.rs,52,2125,1
system{name="bevy_render::erased_render_asset::extract_erased_render_asset<bevy_pbr::mesh_material::MeshMaterial3d<chico_vegetation_shaders::chico_stick_material::ChicoStickMaterial>>"},/Users/l-monninger/.cargo/registry/src/index.crates.io-1949cf8c6b5b557f/bevy_ecs-0.19.0/src/system/function_system.rs,52,2125,1
system{name="bevy_pbr::material::check_entities_needing_specialization<bevy_pbr::pbr_material::StandardMaterial>"},/Users/l-monninger/.cargo/registry/src/index.crates.io-1949cf8c6b5b557f/bevy_ecs-0.19.0/src/system/function_system.rs,52,2083,1
system{name="lod::scene::refresh::cull_regions::enqueue::produce_lod_cull_for_region<lod_avian::AvianLodSceneRegionIndex<'_, '_, chico_vegetation_components::ComponentsOnly<chico_vegetation_components::placed_vegetation::PlacedVegetation<chico_sbs_trees::vase_tree::VaseTree>>>, chico_sbs_trees_playground::vegetation_lod::VegetationCull, chico_vegetation_components::ComponentsOnly<chico_vegetation_components::placed_vegetation::PlacedVegetation<chico_sbs_trees::vase_tree::VaseTree>>, bevy_ecs::query::filter::With<bevy_camera::camera::Camera>>"},/Users/l-monninger/.cargo/registry/src/index.crates.io-1949cf8c6b5b557f/bevy_ecs-0.19.0/src/system/function_system.rs,52,2042,1
system{name="bevy_ui::update::propagate_ui_target_cameras"},/Users/l-monninger/.cargo/registry/src/index.crates.io-1949cf8c6b5b557f/bevy_ecs-0.19.0/src/system/function_system.rs,52,2042,1
system{name="lod::scene::refresh::levels::produce::produce_lod_refresh_levels<chico_groves::dryland::vc::Dryland>"},/Users/l-monninger/.cargo/registry/src/index.crates.io-1949cf8c6b5b557f/bevy_ecs-0.19.0/src/system/function_system.rs,52,2041,1
update_from{name="update_from"},/Users/l-monninger/.cargo/registry/src/index.crates.io-1949cf8c6b5b557f/bevy_render-0.19.0/src/view/visibility/mod.rs,199,12129,6
system{name="lod::scene::refresh::levels::produce::produce_lod_refresh_levels<chico_groves::riparian_mix::vc::RiparianMix>"},/Users/l-monninger/.cargo/registry/src/index.crates.io-1949cf8c6b5b557f/bevy_ecs-0.19.0/src/system/function_system.rs,52,2000,1
system{name="lod::scene::refresh::levels::produce::produce_lod_refresh_levels<chico_groves::tropical_undergrowth::vc::TropicalUndergrowth>"},/Users/l-monninger/.cargo/registry/src/index.crates.io-1949cf8c6b5b557f/bevy_ecs-0.19.0/src/system/function_system.rs,52,2000,1
system_commands{name="bevy_ui_render::prepare_uinodes"},/Users/l-monninger/.cargo/registry/src/index.crates.io-1949cf8c6b5b557f/bevy_ecs-0.19.0/src/system/function_system.rs,54,2000,1
system{name="bevy_render::diagnostic::resolve_encoder"},/Users/l-monninger/.cargo/registry/src/index.crates.io-1949cf8c6b5b557f/bevy_ecs-0.19.0/src/system/function_system.rs,52,2000,1
system{name="bevy_time::time_system"},/Users/l-monninger/.cargo/registry/src/index.crates.io-1949cf8c6b5b557f/bevy_ecs-0.19.0/src/system/function_system.rs,52,2000,1
system_commands{name="bevy_pbr::cluster::gpu::extract_clusters_for_gpu_clustering"},/Users/l-monninger/.cargo/registry/src/index.crates.io-1949cf8c6b5b557f/bevy_ecs-0.19.0/src/system/function_system.rs,54,2000,1
system{name="bevy_pbr::material::check_entities_needing_specialization<bevy_pbr::extended_material::ExtendedMaterial<bevy_pbr::pbr_material::StandardMaterial, bevy_pbr::decal::forward::ForwardDecalMaterialExt>>"},/Users/l-monninger/.cargo/registry/src/index.crates.io-1949cf8c6b5b557f/bevy_ecs-0.19.0/src/system/function_system.rs,52,2000,1
system{name="avian3d::collider_tree::update::add_to_tree_on<bevy_ecs::lifecycle::Insert, (avian3d::collision::collider::parry::Collider, avian3d::collision::collider::collider_hierarchy::ColliderOf), bevy_ecs::query::filter::Without<avian3d::collision::collider::ColliderDisabled>>"},/Users/l-monninger/.cargo/registry/src/index.crates.io-1949cf8c6b5b557f/bevy_ecs-0.19.0/src/system/function_system.rs,52,251339,128
system{name="lod::scene::refresh::levels::produce::produce_lod_refresh_levels<chico_groves::levantine_scrub::vc::LevantineScrub>"},/Users/l-monninger/.cargo/registry/src/index.crates.io-1949cf8c6b5b557f/bevy_ecs-0.19.0/src/system/function_system.rs,52,1959,1
system{name="bevy_render::render_asset::extract_render_asset<bevy_sprite_render::mesh2d::material::PreparedMaterial2d<bevy_sprite_render::sprite_mesh::sprite_material::SpriteMaterial>>"},/Users/l-monninger/.cargo/registry/src/index.crates.io-1949cf8c6b5b557f/bevy_ecs-0.19.0/src/system/function_system.rs,52,1958,1
system{name="lod::scene::refresh::cull_regions::enqueue::produce_lod_cull_for_region<lod_avian::AvianLodSceneRegionIndex<'_, '_, chico_groves::riparian_mix::vc::RiparianMix>, chico_sbs_trees_playground::vegetation_lod::VegetationCull, chico_groves::riparian_mix::vc::RiparianMix, bevy_ecs::query::filter::With<bevy_camera::camera::Camera>>"},/Users/l-monninger/.cargo/registry/src/index.crates.io-1949cf8c6b5b557f/bevy_ecs-0.19.0/src/system/function_system.rs,52,1958,1
system{name="lod::scene::refresh::cull_regions::enqueue::produce_lod_cull_for_region<lod_avian::AvianLodSceneRegionIndex<'_, '_, chico_vegetation_components::ComponentsOnly<chico_sbs_trees::penmarch_torch::PenmarchTorch>>, chico_sbs_trees_playground::vegetation_lod::VegetationCull, chico_vegetation_components::ComponentsOnly<chico_sbs_trees::penmarch_torch::PenmarchTorch>, bevy_ecs::query::filter::With<bevy_camera::camera::Camera>>"},/Users/l-monninger/.cargo/registry/src/index.crates.io-1949cf8c6b5b557f/bevy_ecs-0.19.0/src/system/function_system.rs,52,1958,1
system{name="bevy_ui::focus::ui_focus_system"},/Users/l-monninger/.cargo/registry/src/index.crates.io-1949cf8c6b5b557f/bevy_ecs-0.19.0/src/system/function_system.rs,52,1958,1
system{name="lod::scene::refresh::cull_regions::enqueue::produce_lod_cull_for_region<lod_avian::AvianLodSceneRegionIndex<'_, '_, chico_vegetation_components::ComponentsOnly<chico_sbs_trees::vase_tree::VaseTree>>, chico_sbs_trees_playground::vegetation_lod::VegetationCull, chico_vegetation_components::ComponentsOnly<chico_sbs_trees::vase_tree::VaseTree>, bevy_ecs::query::filter::With<bevy_camera::camera::Camera>>"},/Users/l-monninger/.cargo/registry/src/index.crates.io-1949cf8c6b5b557f/bevy_ecs-0.19.0/src/system/function_system.rs,52,1958,1
system{name="lod::scene::refresh::levels::produce::produce_lod_refresh_levels<chico_groves::storytellers::vc::Storytellers>"},/Users/l-monninger/.cargo/registry/src/index.crates.io-1949cf8c6b5b557f/bevy_ecs-0.19.0/src/system/function_system.rs,52,1958,1
system{name="bevy_core_pipeline::core_3d::main_opaque_pass_3d_node::main_opaque_pass_3d"},/Users/l-monninger/.cargo/registry/src/index.crates.io-1949cf8c6b5b557f/bevy_ecs-0.19.0/src/system/function_system.rs,52,1917,1
system{name="bevy_gizmos_render::transform_gizmo_render::update_gizmo_meshes"},/Users/l-monninger/.cargo/registry/src/index.crates.io-1949cf8c6b5b557f/bevy_ecs-0.19.0/src/system/function_system.rs,52,1917,1
system{name="bevy_animation::animate_targets"},/Users/l-monninger/.cargo/registry/src/index.crates.io-1949cf8c6b5b557f/bevy_ecs-0.19.0/src/system/function_system.rs,52,1917,1
system_commands{name="bevy_render::view::prepare_view_uniforms"},/Users/l-monninger/.cargo/registry/src/index.crates.io-1949cf8c6b5b557f/bevy_ecs-0.19.0/src/system/function_system.rs,54,1916,1
system_commands{name="bevy_pbr::render::mesh_view_bindings::prepare_mesh_view_bind_groups"},/Users/l-monninger/.cargo/registry/src/index.crates.io-1949cf8c6b5b557f/bevy_ecs-0.19.0/src/system/function_system.rs,54,1916,1
system{name="bevy_pbr::decal::clustered::extract_decals"},/Users/l-monninger/.cargo/registry/src/index.crates.io-1949cf8c6b5b557f/bevy_ecs-0.19.0/src/system/function_system.rs,52,1916,1
system{name="lod::scene::refresh::levels::produce::produce_lod_refresh_levels<chico_groves::tropical_thicket::vc::TropicalThicket>"},/Users/l-monninger/.cargo/registry/src/index.crates.io-1949cf8c6b5b557f/bevy_ecs-0.19.0/src/system/function_system.rs,52,1875,1
system{name="lod::scene::refresh::sync::chunk::schedule::reset_lod_chunk_budget"},/Users/l-monninger/.cargo/registry/src/index.crates.io-1949cf8c6b5b557f/bevy_ecs-0.19.0/src/system/function_system.rs,52,1875,1
system{name="bevy_ecs::schedule::condition::common_conditions::resource_exists<bevy_diagnostic::diagnostic::DiagnosticsStore>"},/Users/l-monninger/.cargo/registry/src/index.crates.io-1949cf8c6b5b557f/bevy_ecs-0.19.0/src/system/function_system.rs,52,1875,1
system{name="bevy_sprite_render::mesh2d::material::prepare_pending_mesh_material2d_queues"},/Users/l-monninger/.cargo/registry/src/index.crates.io-1949cf8c6b5b557f/bevy_ecs-0.19.0/src/system/function_system.rs,52,1875,1
system{name="lod::scene::refresh::levels::produce::produce_lod_refresh_levels<chico_vegetation_components::ComponentsOnly<chico_vegetation_components::placed_vegetation::PlacedVegetation<chico_sbs_trees::simplemans_hedge::SimplemansHedge>>>"},/Users/l-monninger/.cargo/registry/src/index.crates.io-1949cf8c6b5b557f/bevy_ecs-0.19.0/src/system/function_system.rs,52,1875,1
system{name="game_commands::ui::toggle_game_command_drawer"},/Users/l-monninger/.cargo/registry/src/index.crates.io-1949cf8c6b5b557f/bevy_ecs-0.19.0/src/system/function_system.rs,52,1875,1
system{name="lod::scene::refresh::levels::produce::produce_lod_refresh_levels<chico_groves::spotty_bushes::vc::SpottyBushes>"},/Users/l-monninger/.cargo/registry/src/index.crates.io-1949cf8c6b5b557f/bevy_ecs-0.19.0/src/system/function_system.rs,52,1875,1
system{name="lod::scene::refresh::cull_regions::enqueue::produce_lod_cull_for_region<lod_avian::AvianLodSceneRegionIndex<'_, '_, chico_vegetation_components::ComponentsOnly<chico_sbs_trees::high_bush_shoots::HighBushShoots>>, chico_sbs_trees_playground::vegetation_lod::VegetationCull, chico_vegetation_components::ComponentsOnly<chico_sbs_trees::high_bush_shoots::HighBushShoots>, bevy_ecs::query::filter::With<bevy_camera::camera::Camera>>"},/Users/l-monninger/.cargo/registry/src/index.crates.io-1949cf8c6b5b557f/bevy_ecs-0.19.0/src/system/function_system.rs,52,1875,1
system{name="bevy_core_pipeline::core_3d::extract_camera_prepass_phase"},/Users/l-monninger/.cargo/registry/src/index.crates.io-1949cf8c6b5b557f/bevy_ecs-0.19.0/src/system/function_system.rs,52,1834,1
system{name="game_commands::ui::scroll_console_viewport_keyboard"},/Users/l-monninger/.cargo/registry/src/index.crates.io-1949cf8c6b5b557f/bevy_ecs-0.19.0/src/system/function_system.rs,52,1834,1
system{name="avian3d::dynamics::solver::solver_body::plugin::prepare_solver_bodies"},/Users/l-monninger/.cargo/registry/src/index.crates.io-1949cf8c6b5b557f/bevy_ecs-0.19.0/src/system/function_system.rs,52,1834,1
system{name="lod::scene::refresh::cull_regions::enqueue::produce_lod_cull_for_region<lod_avian::AvianLodSceneRegionIndex<'_, '_, chico_vegetation_components::ComponentsOnly<chico_sbs_trees::storybook_tree::StorybookTree>>, chico_sbs_trees_playground::vegetation_lod::VegetationCull, chico_vegetation_components::ComponentsOnly<chico_sbs_trees::storybook_tree::StorybookTree>, bevy_ecs::query::filter::With<bevy_camera::camera::Camera>>"},/Users/l-monninger/.cargo/registry/src/index.crates.io-1949cf8c6b5b557f/bevy_ecs-0.19.0/src/system/function_system.rs,52,1833,1
system{name="bevy_render::view::window::extract_windows"},/Users/l-monninger/.cargo/registry/src/index.crates.io-1949cf8c6b5b557f/bevy_ecs-0.19.0/src/system/function_system.rs,52,1833,1
system{name="lod::scene::refresh::levels::produce::produce_lod_refresh_levels<chico_vegetation_components::ComponentsOnly<chico_sbs_trees::simplemans_hedge::SimplemansHedge>>"},/Users/l-monninger/.cargo/registry/src/index.crates.io-1949cf8c6b5b557f/bevy_ecs-0.19.0/src/system/function_system.rs,52,1833,1
system_commands{name="bevy_render::extract_component::extract_components<bevy_camera::components::Camera3d, ()>"},/Users/l-monninger/.cargo/registry/src/index.crates.io-1949cf8c6b5b557f/bevy_ecs-0.19.0/src/system/function_system.rs,54,1792,1
system{name="lod::scene::refresh::levels::produce::produce_lod_refresh_levels<chico_vegetation_components::ComponentsOnly<chico_sbs_trees::sopes_banyan::SopesBanyan>>"},/Users/l-monninger/.cargo/registry/src/index.crates.io-1949cf8c6b5b557f/bevy_ecs-0.19.0/src/system/function_system.rs,52,1792,1
system{name="lod::scene::refresh::sync::cull::drain_lod_cull"},/Users/l-monninger/.cargo/registry/src/index.crates.io-1949cf8c6b5b557f/bevy_ecs-0.19.0/src/system/function_system.rs,52,1792,1
system{name="bevy_pbr::render::gpu_preprocess::clear_indirect_parameters_metadata"},/Users/l-monninger/.cargo/registry/src/index.crates.io-1949cf8c6b5b557f/bevy_ecs-0.19.0/src/system/function_system.rs,52,1792,1
system{name="lod::scene::refresh::levels::produce::produce_lod_refresh_levels<chico_vegetation_components::ComponentsOnly<chico_sbs_trees::high_bush_shoots::HighBushShoots>>"},/Users/l-monninger/.cargo/registry/src/index.crates.io-1949cf8c6b5b557f/bevy_ecs-0.19.0/src/system/function_system.rs,52,1792,1
system{name="material_ref::fulfill::invalidate_changed_material_ref_roots"},/Users/l-monninger/.cargo/registry/src/index.crates.io-1949cf8c6b5b557f/bevy_ecs-0.19.0/src/system/function_system.rs,52,1792,1
system{name="lod::scene::refresh::levels::produce::produce_lod_refresh_levels<chico_vegetation_components::ComponentsOnly<chico_sbs_trees::palm_crown::PalmCrown>>"},/Users/l-monninger/.cargo/registry/src/index.crates.io-1949cf8c6b5b557f/bevy_ecs-0.19.0/src/system/function_system.rs,52,1791,1
system_commands{name="bevy_ui_render::extract_ui_camera_view"},/Users/l-monninger/.cargo/registry/src/index.crates.io-1949cf8c6b5b557f/bevy_ecs-0.19.0/src/system/function_system.rs,54,1791,1
system{name="lod::scene::refresh::levels::produce::produce_lod_refresh_levels<chico_groves::date_grove::vc::DateGrove>"},/Users/l-monninger/.cargo/registry/src/index.crates.io-1949cf8c6b5b557f/bevy_ecs-0.19.0/src/system/function_system.rs,52,1791,1
system{name="render_item::mesh::fetch_meshes<render_item::mesh::handle::MeshHandle<sdf_common::noisy::NoisySurface<sdf_common::ball::Ball>>, chico_vegetation_shaders::chico_stick_material::ChicoStickMaterial>"},/Users/l-monninger/.cargo/registry/src/index.crates.io-1949cf8c6b5b557f/bevy_ecs-0.19.0/src/system/function_system.rs,52,1750,1
system{name="lod::scene::refresh::levels::produce::produce_lod_refresh_levels<chico_groves::christmas_taiga::vc::ChristmasTaiga>"},/Users/l-monninger/.cargo/registry/src/index.crates.io-1949cf8c6b5b557f/bevy_ecs-0.19.0/src/system/function_system.rs,52,1750,1
system{name="lod::scene::refresh::levels::produce::produce_lod_refresh_levels<chico_vegetation_components::ComponentsOnly<chico_vegetation_components::placed_vegetation::PlacedVegetation<chico_sbs_trees::rorys_head_trained::RorysHeadTrained>>>"},/Users/l-monninger/.cargo/registry/src/index.crates.io-1949cf8c6b5b557f/bevy_ecs-0.19.0/src/system/function_system.rs,52,1750,1
entity_sync,/Users/l-monninger/.cargo/registry/src/index.crates.io-1949cf8c6b5b557f/bevy_render-0.19.0/src/extract_plugin.rs,67,1750,1
system{name="bevy_render::render_asset::extract_render_asset<bevy_render::mesh::RenderMesh>"},/Users/l-monninger/.cargo/registry/src/index.crates.io-1949cf8c6b5b557f/bevy_ecs-0.19.0/src/system/function_system.rs,52,1750,1
system{name="bevy_ui_render::queue_uinodes"},/Users/l-monninger/.cargo/registry/src/index.crates.io-1949cf8c6b5b557f/bevy_ecs-0.19.0/src/system/function_system.rs,52,1750,1
system{name="bevy_light::directional_light::update_directional_light_frusta"},/Users/l-monninger/.cargo/registry/src/index.crates.io-1949cf8c6b5b557f/bevy_ecs-0.19.0/src/system/function_system.rs,52,1750,1
system{name="lod::scene::refresh::cull_regions::enqueue::produce_lod_cull_for_region<lod_avian::AvianLodSceneRegionIndex<'_, '_, chico_vegetation_components::ComponentsOnly<chico_sbs_trees::rorys_head_trained::RorysHeadTrained>>, chico_sbs_trees_playground::vegetation_lod::VegetationCull, chico_vegetation_components::ComponentsOnly<chico_sbs_trees::rorys_head_trained::RorysHeadTrained>, bevy_ecs::query::filter::With<bevy_camera::camera::Camera>>"},/Users/l-monninger/.cargo/registry/src/index.crates.io-1949cf8c6b5b557f/bevy_ecs-0.19.0/src/system/function_system.rs,52,1750,1
system{name="bevy_pbr::render::morph::extract_morphs"},/Users/l-monninger/.cargo/registry/src/index.crates.io-1949cf8c6b5b557f/bevy_ecs-0.19.0/src/system/function_system.rs,52,1750,1
system{name="bevy_sprite_render::tilemap_chunk::update_tilemap_chunk_indices"},/Users/l-monninger/.cargo/registry/src/index.crates.io-1949cf8c6b5b557f/bevy_ecs-0.19.0/src/system/function_system.rs,52,1750,1
system{name="bevy_core_pipeline::mip_generation::prepare_mip_generator_pipelines"},/Users/l-monninger/.cargo/registry/src/index.crates.io-1949cf8c6b5b557f/bevy_ecs-0.19.0/src/system/function_system.rs,52,1709,1
system{name="lod::scene::refresh::levels::produce::produce_lod_refresh_levels<chico_groves::temperate_massives::vc::TemperateMassives>"},/Users/l-monninger/.cargo/registry/src/index.crates.io-1949cf8c6b5b557f/bevy_ecs-0.19.0/src/system/function_system.rs,52,1709,1
system{name="lod::scene::refresh::cull_regions::enqueue::produce_lod_cull_for_region<lod_avian::AvianLodSceneRegionIndex<'_, '_, chico_vegetation_components::ComponentsOnly<chico_vegetation_components::placed_vegetation::PlacedVegetation<chico_sbs_trees::friends_conifer::FriendsConifer>>>, chico_sbs_trees_playground::vegetation_lod::VegetationCull, chico_vegetation_components::ComponentsOnly<chico_vegetation_components::placed_vegetation::PlacedVegetation<chico_sbs_trees::friends_conifer::FriendsConifer>>, bevy_ecs::query::filter::With<bevy_camera::camera::Camera>>"},/Users/l-monninger/.cargo/registry/src/index.crates.io-1949cf8c6b5b557f/bevy_ecs-0.19.0/src/system/function_system.rs,52,1709,1
par_for_each{query="(bevy_ecs::entity::Entity, &bevy_camera::visibility::InheritedVisibility, core::option::Option<&bevy_camera::visibility::render_layers::RenderLayers>, core::option::Option<&bevy_camera::primitives::Aabb>, core::option::Option<&bevy_transform::components::global_transform::GlobalTransform>, bevy_ecs::query::fetch::Has<bevy_camera::visibility::range::VisibilityRange>, bevy_ecs::query::fetch::Has<bevy_camera::visibility::NoFrustumCulling>)" filter="(bevy_ecs::query::filter::Without<bevy_light::NotShadowCaster>, bevy_ecs::query::filter::Without<bevy_light::directional_light::DirectionalLight>, bevy_ecs::query::filter::Without<bevy_camera::visibility::NoCpuCulling>, bevy_ecs::query::filter::With<bevy_mesh::components::Mesh3d>)"},/Users/l-monninger/.cargo/registry/src/index.crates.io-1949cf8c6b5b557f/bevy_ecs-0.19.0/src/query/state.rs,297,1709,1
system{name="lod::scene::refresh::cull_regions::enqueue::produce_lod_cull_for_region<lod_avian::AvianLodSceneRegionIndex<'_, '_, chico_vegetation_components::ComponentsOnly<chico_sbs_trees::palm_crown::PalmCrown>>, chico_sbs_trees_playground::vegetation_lod::VegetationCull, chico_vegetation_components::ComponentsOnly<chico_sbs_trees::palm_crown::PalmCrown>, bevy_ecs::query::filter::With<bevy_camera::camera::Camera>>"},/Users/l-monninger/.cargo/registry/src/index.crates.io-1949cf8c6b5b557f/bevy_ecs-0.19.0/src/system/function_system.rs,52,1708,1
system{name="chico_sbs_trees_playground::apply_mesh_stats"},/Users/l-monninger/.cargo/registry/src/index.crates.io-1949cf8c6b5b557f/bevy_ecs-0.19.0/src/system/function_system.rs,52,1708,1
system{name="bevy_pbr::prepass::specialize_prepass_material_meshes"},/Users/l-monninger/.cargo/registry/src/index.crates.io-1949cf8c6b5b557f/bevy_ecs-0.19.0/src/system/function_system.rs,52,1708,1
system{name="lod::scene::refresh::cull_regions::enqueue::produce_lod_cull_for_region<lod_avian::AvianLodSceneRegionIndex<'_, '_, chico_vegetation_components::ComponentsOnly<chico_sbs_trees::liams_conifer::LiamsConifer>>, chico_sbs_trees_playground::vegetation_lod::VegetationCull, chico_vegetation_components::ComponentsOnly<chico_sbs_trees::liams_conifer::LiamsConifer>, bevy_ecs::query::filter::With<bevy_camera::camera::Camera>>"},/Users/l-monninger/.cargo/registry/src/index.crates.io-1949cf8c6b5b557f/bevy_ecs-0.19.0/src/system/function_system.rs,52,1708,1
system{name="bevy_render::batching::gpu_preprocessing::write_binned_instance_buffers<bevy_core_pipeline::core_3d::AlphaMask3d, bevy_pbr::render::mesh::MeshPipeline>"},/Users/l-monninger/.cargo/registry/src/index.crates.io-1949cf8c6b5b557f/bevy_ecs-0.19.0/src/system/function_system.rs,52,1708,1
system{name="lod::scene::refresh::cull_regions::enqueue::produce_lod_cull_for_region<lod_avian::AvianLodSceneRegionIndex<'_, '_, chico_vegetation_components::ComponentsOnly<chico_vegetation_components::placed_vegetation::PlacedVegetation<chico_sbs_trees::rorys_head_trained::RorysHeadTrained>>>, chico_sbs_trees_playground::vegetation_lod::VegetationCull, chico_vegetation_components::ComponentsOnly<chico_vegetation_components::placed_vegetation::PlacedVegetation<chico_sbs_trees::rorys_head_trained::RorysHeadTrained>>, bevy_ecs::query::filter::With<bevy_camera::camera::Camera>>"},/Users/l-monninger/.cargo/registry/src/index.crates.io-1949cf8c6b5b557f/bevy_ecs-0.19.0/src/system/function_system.rs,52,1708,1
system{name="bevy_render::erased_render_asset::prepare_erased_assets<bevy_pbr::mesh_material::MeshMaterial3d<chico_vegetation_shaders::chico_stick_material::ChicoStickMaterial>>"},/Users/l-monninger/.cargo/registry/src/index.crates.io-1949cf8c6b5b557f/bevy_ecs-0.19.0/src/system/function_system.rs,52,1708,1
system{name="lod::scene::refresh::cull_regions::enqueue::produce_lod_cull_for_region<lod_avian::AvianLodSceneRegionIndex<'_, '_, chico_groves::spotty_bushes::vc::SpottyBushes>, chico_sbs_trees_playground::vegetation_lod::VegetationCull, chico_groves::spotty_bushes::vc::SpottyBushes, bevy_ecs::query::filter::With<bevy_camera::camera::Camera>>"},/Users/l-monninger/.cargo/registry/src/index.crates.io-1949cf8c6b5b557f/bevy_ecs-0.19.0/src/system/function_system.rs,52,1667,1
system_commands{name="bevy_render::extract_component::extract_components<bevy_pbr::transmission::ScreenSpaceTransmission, ()>"},/Users/l-monninger/.cargo/registry/src/index.crates.io-1949cf8c6b5b557f/bevy_ecs-0.19.0/src/system/function_system.rs,54,1667,1
system{name="lod::scene::refresh::levels::produce::produce_lod_refresh_levels<chico_groves::forlorn_savanna::vc::ForlornSavanna>"},/Users/l-monninger/.cargo/registry/src/index.crates.io-1949cf8c6b5b557f/bevy_ecs-0.19.0/src/system/function_system.rs,52,1666,1
system{name="lod::scene::refresh::levels::produce::produce_lod_refresh_levels<chico_groves::riverine_green::vc::RiverineGreen>"},/Users/l-monninger/.cargo/registry/src/index.crates.io-1949cf8c6b5b557f/bevy_ecs-0.19.0/src/system/function_system.rs,52,1666,1
system{name="bevy_render::batching::gpu_preprocessing::collect_buffers_for_phase<bevy_core_pipeline::core_3d::AlphaMask3d, bevy_pbr::render::mesh::MeshPipeline>"},/Users/l-monninger/.cargo/registry/src/index.crates.io-1949cf8c6b5b557f/bevy_ecs-0.19.0/src/system/function_system.rs,52,1666,1
system{name="bevy_world_serialization::world_asset_spawner::world_instance_spawner"},/Users/l-monninger/.cargo/registry/src/index.crates.io-1949cf8c6b5b557f/bevy_ecs-0.19.0/src/system/function_system.rs,52,1625,1
system{name="lod::scene::refresh::levels::produce::produce_lod_refresh_levels<chico_groves::alpine::vc::Alpine>"},/Users/l-monninger/.cargo/registry/src/index.crates.io-1949cf8c6b5b557f/bevy_ecs-0.19.0/src/system/function_system.rs,52,1625,1
system{name="lod::scene::refresh::cull_regions::enqueue::produce_lod_cull_for_region<lod_avian::AvianLodSceneRegionIndex<'_, '_, chico_groves::christmas_taiga::vc::ChristmasTaiga>, chico_sbs_trees_playground::vegetation_lod::VegetationCull, chico_groves::christmas_taiga::vc::ChristmasTaiga, bevy_ecs::query::filter::With<bevy_camera::camera::Camera>>"},/Users/l-monninger/.cargo/registry/src/index.crates.io-1949cf8c6b5b557f/bevy_ecs-0.19.0/src/system/function_system.rs,52,1625,1
system{name="lod::scene::refresh::levels::produce::produce_lod_refresh_levels<chico_groves::jungle_lower_massives::vc::JungleLowerMassives>"},/Users/l-monninger/.cargo/registry/src/index.crates.io-1949cf8c6b5b557f/bevy_ecs-0.19.0/src/system/function_system.rs,52,1625,1
system{name="bevy_render::camera::sort_cameras"},/Users/l-monninger/.cargo/registry/src/index.crates.io-1949cf8c6b5b557f/bevy_ecs-0.19.0/src/system/function_system.rs,52,1625,1
system{name="bevy_text::text::detect_text_needs_rerender"},/Users/l-monninger/.cargo/registry/src/index.crates.io-1949cf8c6b5b557f/bevy_ecs-0.19.0/src/system/function_system.rs,52,1625,1
system{name="lod::scene::refresh::levels::produce::produce_lod_refresh_levels<chico_groves::shamanhome::vc::Shamanhome>"},/Users/l-monninger/.cargo/registry/src/index.crates.io-1949cf8c6b5b557f/bevy_ecs-0.19.0/src/system/function_system.rs,52,1625,1
system_commands{name="bevy_pbr::light_probe::upload_light_probes"},/Users/l-monninger/.cargo/registry/src/index.crates.io-1949cf8c6b5b557f/bevy_ecs-0.19.0/src/system/function_system.rs,54,1625,1
system{name="lod::scene::refresh::cull_regions::enqueue::produce_lod_cull_for_region<lod_avian::AvianLodSceneRegionIndex<'_, '_, chico_groves::bush_scrub::vc::BushScrub>, chico_sbs_trees_playground::vegetation_lod::VegetationCull, chico_groves::bush_scrub::vc::BushScrub, bevy_ecs::query::filter::With<bevy_camera::camera::Camera>>"},/Users/l-monninger/.cargo/registry/src/index.crates.io-1949cf8c6b5b557f/bevy_ecs-0.19.0/src/system/function_system.rs,52,1625,1
system{name="lod::scene::refresh::cull_regions::enqueue::produce_lod_cull_for_region<lod_avian::AvianLodSceneRegionIndex<'_, '_, chico_vegetation_components::ComponentsOnly<chico_sbs_trees::kamakura_torch::KamakuraTorch>>, chico_sbs_trees_playground::vegetation_lod::VegetationCull, chico_vegetation_components::ComponentsOnly<chico_sbs_trees::kamakura_torch::KamakuraTorch>, bevy_ecs::query::filter::With<bevy_camera::camera::Camera>>"},/Users/l-monninger/.cargo/registry/src/index.crates.io-1949cf8c6b5b557f/bevy_ecs-0.19.0/src/system/function_system.rs,52,1625,1
system{name="lod::scene::refresh::levels::produce::produce_lod_refresh_levels<chico_groves::unending_jungle::vc::UnendingJungle>"},/Users/l-monninger/.cargo/registry/src/index.crates.io-1949cf8c6b5b557f/bevy_ecs-0.19.0/src/system/function_system.rs,52,1625,1
system{name="lod::scene::refresh::sync::chunk::begin::begin_chunk_lod_fulfill<chico_vegetation_components::ComponentsOnly<chico_sbs_trees::high_bush_shoots::HighBushShoots>>"},/Users/l-monninger/.cargo/registry/src/index.crates.io-1949cf8c6b5b557f/bevy_ecs-0.19.0/src/system/function_system.rs,52,1625,1
system{name="lod::scene::refresh::cull_regions::enqueue::produce_lod_cull_for_region<lod_avian::AvianLodSceneRegionIndex<'_, '_, chico_vegetation_components::FlattenedComponentsOnly<chico_vegetation_components::placed_vegetation::PlacedVegetation<chico_sbs_trees::storybook_tree::StorybookTree>>>, chico_sbs_trees_playground::vegetation_lod::VegetationCull, chico_vegetation_components::FlattenedComponentsOnly<chico_vegetation_components::placed_vegetation::PlacedVegetation<chico_sbs_trees::storybook_tree::StorybookTree>>, bevy_ecs::query::filter::With<bevy_camera::camera::Camera>>"},/Users/l-monninger/.cargo/registry/src/index.crates.io-1949cf8c6b5b557f/bevy_ecs-0.19.0/src/system/function_system.rs,52,1625,1
system{name="bevy_render::batching::gpu_preprocessing::clear_batched_gpu_instance_buffers<bevy_pbr::render::mesh::MeshPipeline>"},/Users/l-monninger/.cargo/registry/src/index.crates.io-1949cf8c6b5b557f/bevy_ecs-0.19.0/src/system/function_system.rs,52,1625,1
system_commands{name="bevy_pbr::cluster::gpu::prepare_cluster_dummy_textures"},/Users/l-monninger/.cargo/registry/src/index.crates.io-1949cf8c6b5b557f/bevy_ecs-0.19.0/src/system/function_system.rs,54,1625,1
system{name="lod::scene::refresh::cull_regions::enqueue::produce_lod_cull_for_region<lod_avian::AvianLodSceneRegionIndex<'_, '_, chico_vegetation_components::ComponentsOnly<chico_sbs_trees::tuft_patch::TuftPatch>>, chico_sbs_trees_playground::vegetation_lod::VegetationCull, chico_vegetation_components::ComponentsOnly<chico_sbs_trees::tuft_patch::TuftPatch>, bevy_ecs::query::filter::With<bevy_camera::camera::Camera>>"},/Users/l-monninger/.cargo/registry/src/index.crates.io-1949cf8c6b5b557f/bevy_ecs-0.19.0/src/system/function_system.rs,52,1584,1
system{name="lod::scene::refresh::levels::produce::produce_lod_refresh_levels<chico_vegetation_components::ComponentsOnly<chico_sbs_trees::kamakura_torch::KamakuraTorch>>"},/Users/l-monninger/.cargo/registry/src/index.crates.io-1949cf8c6b5b557f/bevy_ecs-0.19.0/src/system/function_system.rs,52,1583,1
system{name="bevy_pbr::light_probe::generate::generate_environment_map_light"},/Users/l-monninger/.cargo/registry/src/index.crates.io-1949cf8c6b5b557f/bevy_ecs-0.19.0/src/system/function_system.rs,52,1583,1
system{name="lod::lod_ref::node::track_lod_nodes"},/Users/l-monninger/.cargo/registry/src/index.crates.io-1949cf8c6b5b557f/bevy_ecs-0.19.0/src/system/function_system.rs,52,1583,1
system{name="lod::scene::refresh::levels::produce::produce_lod_refresh_levels<chico_vegetation_components::ComponentsOnly<chico_vegetation_components::placed_vegetation::PlacedVegetation<chico_groves::strange_oasis::vc::OasisDatePalm>>>"},/Users/l-monninger/.cargo/registry/src/index.crates.io-1949cf8c6b5b557f/bevy_ecs-0.19.0/src/system/function_system.rs,52,1542,1
system{name="lod::scene::refresh::levels::produce::produce_lod_refresh_levels<chico_groves::conifer_massives::vc::ConiferMassives>"},/Users/l-monninger/.cargo/registry/src/index.crates.io-1949cf8c6b5b557f/bevy_ecs-0.19.0/src/system/function_system.rs,52,1542,1
system{name="lod::scene::refresh::levels::produce::produce_lod_refresh_levels<chico_vegetation_components::ComponentsOnly<chico_vegetation_components::placed_vegetation::PlacedVegetation<chico_sbs_trees::temperate_conifer::TemperateConifer>>>"},/Users/l-monninger/.cargo/registry/src/index.crates.io-1949cf8c6b5b557f/bevy_ecs-0.19.0/src/system/function_system.rs,52,1542,1
system{name="lod::scene::refresh::levels::produce::produce_lod_refresh_levels<chico_groves::jungle_massives::vc::JungleMassives>"},/Users/l-monninger/.cargo/registry/src/index.crates.io-1949cf8c6b5b557f/bevy_ecs-0.19.0/src/system/function_system.rs,52,1542,1
system{name="lod::scene::refresh::levels::produce::produce_lod_refresh_levels<chico_groves::rolling_oaks::vc::RollingOaks>"},/Users/l-monninger/.cargo/registry/src/index.crates.io-1949cf8c6b5b557f/bevy_ecs-0.19.0/src/system/function_system.rs,52,1542,1
system{name="bevy_render::gpu_readback::map_buffers"},/Users/l-monninger/.cargo/registry/src/index.crates.io-1949cf8c6b5b557f/bevy_ecs-0.19.0/src/system/function_system.rs,52,1542,1
system{name="lod::scene::refresh::levels::produce::produce_lod_refresh_levels<chico_vegetation_components::ComponentsOnly<chico_vegetation_components::placed_vegetation::PlacedVegetation<chico_sbs_trees::date_palm::DatePalm>>>"},/Users/l-monninger/.cargo/registry/src/index.crates.io-1949cf8c6b5b557f/bevy_ecs-0.19.0/src/system/function_system.rs,52,1542,1
check_conditions{name="avian3d::collision::narrow_phase::update_narrow_phase<avian3d::collision::collider::parry::Collider, ()>"},/Users/l-monninger/.cargo/registry/src/index.crates.io-1949cf8c6b5b557f/bevy_ecs-0.19.0/src/schedule/executor/single_threaded.rs,77,1542,1
system{name="bevy_ui_render::extract_text_decorations"},/Users/l-monninger/.cargo/registry/src/index.crates.io-1949cf8c6b5b557f/bevy_ecs-0.19.0/src/system/function_system.rs,52,1542,1
system{name="bevy_light::gizmos::draw_lights"},/Users/l-monninger/.cargo/registry/src/index.crates.io-1949cf8c6b5b557f/bevy_ecs-0.19.0/src/system/function_system.rs,52,1541,1
system{name="lod::scene::refresh::cull_regions::enqueue::produce_lod_cull_for_region<lod_avian::AvianLodSceneRegionIndex<'_, '_, chico_groves::conifer_sapling::vc::ConiferSapling>, chico_sbs_trees_playground::vegetation_lod::VegetationCull, chico_groves::conifer_sapling::vc::ConiferSapling, bevy_ecs::query::filter::With<bevy_camera::camera::Camera>>"},/Users/l-monninger/.cargo/registry/src/index.crates.io-1949cf8c6b5b557f/bevy_ecs-0.19.0/src/system/function_system.rs,52,1541,1
system{name="lod::scene::refresh::levels::produce::produce_lod_refresh_levels<chico_groves::temperate_lower_massives::vc::TemperateLowerMassives>"},/Users/l-monninger/.cargo/registry/src/index.crates.io-1949cf8c6b5b557f/bevy_ecs-0.19.0/src/system/function_system.rs,52,1541,1
system{name="chico_sbs_trees_playground::render_materials::sync_render_material_handles"},/Users/l-monninger/.cargo/registry/src/index.crates.io-1949cf8c6b5b557f/bevy_ecs-0.19.0/src/system/function_system.rs,52,1541,1
check_conditions{name="bevy_gizmos::end_gizmo_context<bevy_gizmos::config::DefaultGizmoConfigGroup, bevy_time::fixed::Fixed>"},/Users/l-monninger/.cargo/registry/src/index.crates.io-1949cf8c6b5b557f/bevy_ecs-0.19.0/src/schedule/executor/single_threaded.rs,77,1541,1
system{name="bevy_sprite::picking_backend::sprite_picking"},/Users/l-monninger/.cargo/registry/src/index.crates.io-1949cf8c6b5b557f/bevy_ecs-0.19.0/src/system/function_system.rs,52,1541,1
system{name="bevy_render::render_asset::prepare_assets<bevy_sprite_render::mesh2d::material::PreparedMaterial2d<bevy_sprite_render::sprite_mesh::sprite_material::SpriteMaterial>>"},/Users/l-monninger/.cargo/registry/src/index.crates.io-1949cf8c6b5b557f/bevy_ecs-0.19.0/src/system/function_system.rs,52,1500,1
system{name="bevy_render::camera::expire_wireframe_specializations_for_views"},/Users/l-monninger/.cargo/registry/src/index.crates.io-1949cf8c6b5b557f/bevy_ecs-0.19.0/src/system/function_system.rs,52,1500,1
system{name="chico_vegetation_components::lod_host::inherit_not_shadow_caster_on_meshes"},/Users/l-monninger/.cargo/registry/src/index.crates.io-1949cf8c6b5b557f/bevy_ecs-0.19.0/src/system/function_system.rs,52,1500,1
system{name="lod::scene::refresh::cull_regions::enqueue::produce_lod_cull_for_region<lod_avian::AvianLodSceneRegionIndex<'_, '_, chico_vegetation_components::ComponentsOnly<chico_sbs_trees::temperate_conifer::TemperateConifer>>, chico_sbs_trees_playground::vegetation_lod::VegetationCull, chico_vegetation_components::ComponentsOnly<chico_sbs_trees::temperate_conifer::TemperateConifer>, bevy_ecs::query::filter::With<bevy_camera::camera::Camera>>"},/Users/l-monninger/.cargo/registry/src/index.crates.io-1949cf8c6b5b557f/bevy_ecs-0.19.0/src/system/function_system.rs,52,1500,1
system{name="lod::scene::refresh::cull_regions::enqueue::produce_lod_cull_for_region<lod_avian::AvianLodSceneRegionIndex<'_, '_, chico_vegetation_components::ComponentsOnly<chico_sbs_trees::honu_banyan::HonuBanyan>>, chico_sbs_trees_playground::vegetation_lod::VegetationCull, chico_vegetation_components::ComponentsOnly<chico_sbs_trees::honu_banyan::HonuBanyan>, bevy_ecs::query::filter::With<bevy_camera::camera::Camera>>"},/Users/l-monninger/.cargo/registry/src/index.crates.io-1949cf8c6b5b557f/bevy_ecs-0.19.0/src/system/function_system.rs,52,1500,1
system{name="lod::scene::refresh::levels::produce::produce_lod_refresh_levels<chico_groves::conifer_sapling::vc::ConiferSapling>"},/Users/l-monninger/.cargo/registry/src/index.crates.io-1949cf8c6b5b557f/bevy_ecs-0.19.0/src/system/function_system.rs,52,1500,1
system{name="lod::scene::refresh::cull_regions::enqueue::produce_lod_cull_for_region<lod_avian::AvianLodSceneRegionIndex<'_, '_, chico_vegetation_components::ComponentsOnly<chico_sbs_trees::waialea_palm::WaialeaPalm>>, chico_sbs_trees_playground::vegetation_lod::VegetationCull, chico_vegetation_components::ComponentsOnly<chico_sbs_trees::waialea_palm::WaialeaPalm>, bevy_ecs::query::filter::With<bevy_camera::camera::Camera>>"},/Users/l-monninger/.cargo/registry/src/index.crates.io-1949cf8c6b5b557f/bevy_ecs-0.19.0/src/system/function_system.rs,52,1500,1
system{name="lod_lazy_refs::clear_lod_lazy_when_mesh_and_material"},/Users/l-monninger/.cargo/registry/src/index.crates.io-1949cf8c6b5b557f/bevy_ecs-0.19.0/src/system/function_system.rs,52,1500,1
system{name="lod::scene::refresh::cull_regions::enqueue::produce_lod_cull_for_region<lod_avian::AvianLodSceneRegionIndex<'_, '_, chico_vegetation_components::ComponentsOnly<chico_sbs_trees::date_palm::DatePalm>>, chico_sbs_trees_playground::vegetation_lod::VegetationCull, chico_vegetation_components::ComponentsOnly<chico_sbs_trees::date_palm::DatePalm>, bevy_ecs::query::filter::With<bevy_camera::camera::Camera>>"},/Users/l-monninger/.cargo/registry/src/index.crates.io-1949cf8c6b5b557f/bevy_ecs-0.19.0/src/system/function_system.rs,52,1500,1
system{name="lod::scene::refresh::cull_regions::enqueue::produce_lod_cull_for_region<lod_avian::AvianLodSceneRegionIndex<'_, '_, chico_vegetation_components::ComponentsOnly<chico_sbs_trees::simplemans_hedge::SimplemansHedge>>, chico_sbs_trees_playground::vegetation_lod::VegetationCull, chico_vegetation_components::ComponentsOnly<chico_sbs_trees::simplemans_hedge::SimplemansHedge>, bevy_ecs::query::filter::With<bevy_camera::camera::Camera>>"},/Users/l-monninger/.cargo/registry/src/index.crates.io-1949cf8c6b5b557f/bevy_ecs-0.19.0/src/system/function_system.rs,52,1500,1
system{name="bevy_render::batching::sort_binned_render_phase<bevy_core_pipeline::core_3d::Opaque3d>"},/Users/l-monninger/.cargo/registry/src/index.crates.io-1949cf8c6b5b557f/bevy_ecs-0.19.0/src/system/function_system.rs,52,1500,1
system{name="lod::scene::refresh::cull_regions::enqueue::produce_lod_cull_for_region<lod_avian::AvianLodSceneRegionIndex<'_, '_, chico_vegetation_components::ComponentsOnly<chico_sbs_trees::braid_oak_tree::BraidOakTree>>, chico_sbs_trees_playground::vegetation_lod::VegetationCull, chico_vegetation_components::ComponentsOnly<chico_sbs_trees::braid_oak_tree::BraidOakTree>, bevy_ecs::query::filter::With<bevy_camera::camera::Camera>>"},/Users/l-monninger/.cargo/registry/src/index.crates.io-1949cf8c6b5b557f/bevy_ecs-0.19.0/src/system/function_system.rs,52,1500,1
system{name="bevy_pbr::render::mesh::check_views_need_specialization"},/Users/l-monninger/.cargo/registry/src/index.crates.io-1949cf8c6b5b557f/bevy_ecs-0.19.0/src/system/function_system.rs,52,1500,1
system{name="lod::scene::refresh::sync::chunk::begin::begin_chunk_lod_fulfill<chico_vegetation_components::ComponentsOnly<chico_vegetation_components::placed_vegetation::PlacedVegetation<chico_sbs_trees::honu_banyan::HonuBanyan>>>"},/Users/l-monninger/.cargo/registry/src/index.crates.io-1949cf8c6b5b557f/bevy_ecs-0.19.0/src/system/function_system.rs,52,1500,1
system{name="bevy_render::batching::gpu_preprocessing::batch_and_prepare_binned_render_phase<bevy_core_pipeline::core_3d::AlphaMask3d, bevy_pbr::render::mesh::MeshPipeline>"},/Users/l-monninger/.cargo/registry/src/index.crates.io-1949cf8c6b5b557f/bevy_ecs-0.19.0/src/system/function_system.rs,52,1500,1
system{name="bevy_pbr::render::gpu_preprocess::write_mesh_culling_data_buffer"},/Users/l-monninger/.cargo/registry/src/index.crates.io-1949cf8c6b5b557f/bevy_ecs-0.19.0/src/system/function_system.rs,52,1500,1
system{name="lod::scene::refresh::levels::produce::produce_lod_refresh_levels<chico_groves::high_bush::vc::HighBush>"},/Users/l-monninger/.cargo/registry/src/index.crates.io-1949cf8c6b5b557f/bevy_ecs-0.19.0/src/system/function_system.rs,52,1459,1
system{name="lod::scene::refresh::sync::chunk::begin::begin_chunk_lod_fulfill<chico_groves::orchard::vc::Orchard>"},/Users/l-monninger/.cargo/registry/src/index.crates.io-1949cf8c6b5b557f/bevy_ecs-0.19.0/src/system/function_system.rs,52,1459,1
RenderContextState::apply{system=bevy_core_pipeline::prepass::node::early_prepass},/Users/l-monninger/.cargo/registry/src/index.crates.io-1949cf8c6b5b557f/bevy_render-0.19.0/src/renderer/render_context.rs,110,1459,1
system{name="lod::scene::refresh::levels::produce::produce_lod_refresh_levels<chico_vegetation_components::ComponentsOnly<chico_vegetation_components::placed_vegetation::PlacedVegetation<chico_sbs_trees::liams_conifer::LiamsConifer>>>"},/Users/l-monninger/.cargo/registry/src/index.crates.io-1949cf8c6b5b557f/bevy_ecs-0.19.0/src/system/function_system.rs,52,1458,1
system{name="lod::scene::refresh::cull_regions::enqueue::produce_lod_cull_for_region<lod_avian::AvianLodSceneRegionIndex<'_, '_, chico_vegetation_components::ComponentsOnly<chico_sbs_trees::palm_bush::PalmBush>>, chico_sbs_trees_playground::vegetation_lod::VegetationCull, chico_vegetation_components::ComponentsOnly<chico_sbs_trees::palm_bush::PalmBush>, bevy_ecs::query::filter::With<bevy_camera::camera::Camera>>"},/Users/l-monninger/.cargo/registry/src/index.crates.io-1949cf8c6b5b557f/bevy_ecs-0.19.0/src/system/function_system.rs,52,1458,1
system{name="lod::scene::refresh::cull_regions::enqueue::produce_lod_cull_for_region<lod_avian::AvianLodSceneRegionIndex<'_, '_, chico_groves::rolling_oaks::vc::RollingOaks>, chico_sbs_trees_playground::vegetation_lod::VegetationCull, chico_groves::rolling_oaks::vc::RollingOaks, bevy_ecs::query::filter::With<bevy_camera::camera::Camera>>"},/Users/l-monninger/.cargo/registry/src/index.crates.io-1949cf8c6b5b557f/bevy_ecs-0.19.0/src/system/function_system.rs,52,1458,1
system{name="bevy_pbr::light_probe::gather_light_probes<bevy_light::probe::EnvironmentMapLight>"},/Users/l-monninger/.cargo/registry/src/index.crates.io-1949cf8c6b5b557f/bevy_ecs-0.19.0/src/system/function_system.rs,52,1458,1
system{name="lod::scene::refresh::cull_regions::enqueue::produce_lod_cull_for_region<lod_avian::AvianLodSceneRegionIndex<'_, '_, chico_vegetation_components::ComponentsOnly<chico_vegetation_components::placed_vegetation::PlacedVegetation<chico_sbs_trees::penmarch_torch::PenmarchTorch>>>, chico_sbs_trees_playground::vegetation_lod::VegetationCull, chico_vegetation_components::ComponentsOnly<chico_vegetation_components::placed_vegetation::PlacedVegetation<chico_sbs_trees::penmarch_torch::PenmarchTorch>>, bevy_ecs::query::filter::With<bevy_camera::camera::Camera>>"},/Users/l-monninger/.cargo/registry/src/index.crates.io-1949cf8c6b5b557f/bevy_ecs-0.19.0/src/system/function_system.rs,52,1458,1
system{name="bevy_render::send_time"},/Users/l-monninger/.cargo/registry/src/index.crates.io-1949cf8c6b5b557f/bevy_ecs-0.19.0/src/system/function_system.rs,52,1458,1
system{name="lod::scene::refresh::levels::produce::produce_lod_refresh_levels<chico_groves::low_bush::vc::LowBush>"},/Users/l-monninger/.cargo/registry/src/index.crates.io-1949cf8c6b5b557f/bevy_ecs-0.19.0/src/system/function_system.rs,52,1458,1
system{name="lod::scene::refresh::levels::produce::produce_lod_refresh_levels<chico_vegetation_components::ComponentsOnly<chico_sbs_trees::penmarch_torch::PenmarchTorch>>"},/Users/l-monninger/.cargo/registry/src/index.crates.io-1949cf8c6b5b557f/bevy_ecs-0.19.0/src/system/function_system.rs,52,1458,1
system_commands{name="bevy_app::propagate::update_source<bevy_ui::ui_node::ComputedUiTargetCamera, (), bevy_ecs::hierarchy::ChildOf>"},/Users/l-monninger/.cargo/registry/src/index.crates.io-1949cf8c6b5b557f/bevy_ecs-0.19.0/src/system/function_system.rs,54,1458,1
system{name="lod::scene::refresh::levels::produce::produce_lod_refresh_levels<chico_groves::palm_shade::vc::PalmShade>"},/Users/l-monninger/.cargo/registry/src/index.crates.io-1949cf8c6b5b557f/bevy_ecs-0.19.0/src/system/function_system.rs,52,1458,1
system{name="lod::scene::refresh::cull_regions::enqueue::produce_lod_cull_for_region<lod_avian::AvianLodSceneRegionIndex<'_, '_, chico_groves::unending_jungle::vc::UnendingJungle>, chico_sbs_trees_playground::vegetation_lod::VegetationCull, chico_groves::unending_jungle::vc::UnendingJungle, bevy_ecs::query::filter::With<bevy_camera::camera::Camera>>"},/Users/l-monninger/.cargo/registry/src/index.crates.io-1949cf8c6b5b557f/bevy_ecs-0.19.0/src/system/function_system.rs,52,1458,1
system{name="lod::scene::refresh::cull_regions::enqueue::produce_lod_cull_for_region<lod_avian::AvianLodSceneRegionIndex<'_, '_, chico_vegetation_components::ComponentsOnly<chico_sbs_trees::friends_conifer::FriendsConifer>>, chico_sbs_trees_playground::vegetation_lod::VegetationCull, chico_vegetation_components::ComponentsOnly<chico_sbs_trees::friends_conifer::FriendsConifer>, bevy_ecs::query::filter::With<bevy_camera::camera::Camera>>"},/Users/l-monninger/.cargo/registry/src/index.crates.io-1949cf8c6b5b557f/bevy_ecs-0.19.0/src/system/function_system.rs,52,1458,1
system{name="lod::scene::refresh::levels::produce::produce_lod_refresh_levels<chico_groves::riparian_general::vc::RiparianGeneral>"},/Users/l-monninger/.cargo/registry/src/index.crates.io-1949cf8c6b5b557f/bevy_ecs-0.19.0/src/system/function_system.rs,52,1458,1
system{name="bevy_pbr::render::mesh::collect_gpu_culled_meshes"},/Users/l-monninger/.cargo/registry/src/index.crates.io-1949cf8c6b5b557f/bevy_ecs-0.19.0/src/system/function_system.rs,52,1417,1
system{name="bevy_pbr::transmission::node::main_transmissive_pass_3d"},/Users/l-monninger/.cargo/registry/src/index.crates.io-1949cf8c6b5b557f/bevy_ecs-0.19.0/src/system/function_system.rs,52,1417,1
system{name="lod::scene::refresh::levels::produce::produce_lod_refresh_levels<chico_groves::jerrys_chaparral::vc::JerrysChaparral>"},/Users/l-monninger/.cargo/registry/src/index.crates.io-1949cf8c6b5b557f/bevy_ecs-0.19.0/src/system/function_system.rs,52,1417,1
system{name="lod::scene::refresh::levels::produce::produce_lod_refresh_levels<chico_groves::goettingen_follow::vc::GoettingenFollow>"},/Users/l-monninger/.cargo/registry/src/index.crates.io-1949cf8c6b5b557f/bevy_ecs-0.19.0/src/system/function_system.rs,52,1417,1
system{name="bevy_render::batching::gpu_preprocessing::delete_old_work_item_buffers<bevy_pbr::render::mesh::MeshPipeline>"},/Users/l-monninger/.cargo/registry/src/index.crates.io-1949cf8c6b5b557f/bevy_ecs-0.19.0/src/system/function_system.rs,52,1417,1
system{name="bevy_ecs::schedule::condition::common_conditions::any_match_filter<(bevy_ecs::query::filter::With<bevy_pbr::render::gpu_preprocess::PreprocessBindGroups>, bevy_ecs::query::filter::Without<bevy_pbr::render::gpu_preprocess::SkipGpuPreprocess>, bevy_ecs::query::filter::Without<bevy_render::view::NoIndirectDrawing>, bevy_ecs::query::filter::Or<(bevy_ecs::query::filter::Or<(bevy_ecs::query::filter::With<bevy_core_pipeline::prepass::DepthPrepass>, bevy_ecs::query::filter::With<bevy_core_pipeline::prepass::NormalPrepass>, bevy_ecs::query::filter::With<bevy_core_pipeline::prepass::MotionVectorPrepass>, bevy_ecs::query::filter::With<bevy_core_pipeline::prepass::DeferredPrepass>)>, bevy_ecs::query::filter::With<bevy_pbr::render::light::ShadowView>)>, bevy_ecs::query::filter::With<bevy_render::occlusion_culling::OcclusionCulling>)>"},/Users/l-monninger/.cargo/registry/src/index.crates.io-1949cf8c6b5b557f/bevy_ecs-0.19.0/src/system/function_system.rs,52,1417,1
system{name="lod::scene::refresh::levels::produce::produce_lod_refresh_levels<chico_vegetation_components::ComponentsOnly<chico_vegetation_components::placed_vegetation::PlacedVegetation<chico_sbs_trees::vase_tree::VaseTree>>>"},/Users/l-monninger/.cargo/registry/src/index.crates.io-1949cf8c6b5b557f/bevy_ecs-0.19.0/src/system/function_system.rs,52,1417,1
system{name="lod::scene::bounds_patch::patch_scene_bounds<chico_vegetation_components::FlattenedComponentsOnly<chico_vegetation_components::placed_vegetation::PlacedVegetation<alloc::sync::Arc<chico_sbs_trees::braid_oak_tree::BraidOakTree>>>, lod_avian::AvianLodSceneBoundsMarshaller>"},/Users/l-monninger/.cargo/registry/src/index.crates.io-1949cf8c6b5b557f/bevy_ecs-0.19.0/src/system/function_system.rs,52,1417,1
system{name="lod::scene::refresh::cull_regions::enqueue::produce_lod_cull_for_region<lod_avian::AvianLodSceneRegionIndex<'_, '_, chico_vegetation_components::ComponentsOnly<chico_vegetation_components::placed_vegetation::PlacedVegetation<chico_sbs_trees::high_bush_shoots::HighBushShoots>>>, chico_sbs_trees_playground::vegetation_lod::VegetationCull, chico_vegetation_components::ComponentsOnly<chico_vegetation_components::placed_vegetation::PlacedVegetation<chico_sbs_trees::high_bush_shoots::HighBushShoots>>, bevy_ecs::query::filter::With<bevy_camera::camera::Camera>>"},/Users/l-monninger/.cargo/registry/src/index.crates.io-1949cf8c6b5b557f/bevy_ecs-0.19.0/src/system/function_system.rs,52,1417,1
system{name="bevy_pbr::atmosphere::resources::prepare_atmosphere_bind_groups"},/Users/l-monninger/.cargo/registry/src/index.crates.io-1949cf8c6b5b557f/bevy_ecs-0.19.0/src/system/function_system.rs,52,1417,1
system{name="lod::scene::refresh::cull_regions::enqueue::produce_lod_cull_for_region<lod_avian::AvianLodSceneRegionIndex<'_, '_, chico_vegetation_components::ComponentsOnly<chico_vegetation_components::placed_vegetation::PlacedVegetation<chico_sbs_trees::simplemans_hedge::SimplemansHedge>>>, chico_sbs_trees_playground::vegetation_lod::VegetationCull, chico_vegetation_components::ComponentsOnly<chico_vegetation_components::placed_vegetation::PlacedVegetation<chico_sbs_trees::simplemans_hedge::SimplemansHedge>>, bevy_ecs::query::filter::With<bevy_camera::camera::Camera>>"},/Users/l-monninger/.cargo/registry/src/index.crates.io-1949cf8c6b5b557f/bevy_ecs-0.19.0/src/system/function_system.rs,52,1417,1
system{name="lod::scene::refresh::regions::produce::produce_lod_refresh_regions<lod::scene::refresh::regions::bullseye::Bullseye, bevy_ecs::query::filter::With<bevy_camera::camera::Camera>, chico_sbs_trees_playground::vegetation_lod::VegetationBullseye>"},/Users/l-monninger/.cargo/registry/src/index.crates.io-1949cf8c6b5b557f/bevy_ecs-0.19.0/src/system/function_system.rs,52,1417,1
system_commands{name="bevy_pbr::prepass::prepare_previous_view_uniforms"},/Users/l-monninger/.cargo/registry/src/index.crates.io-1949cf8c6b5b557f/bevy_ecs-0.19.0/src/system/function_system.rs,54,1417,1
system{name="lod::scene::refresh::levels::produce::produce_lod_refresh_levels<chico_vegetation_components::ComponentsOnly<chico_sbs_trees::tuft_patch::TuftPatch>>"},/Users/l-monninger/.cargo/registry/src/index.crates.io-1949cf8c6b5b557f/bevy_ecs-0.19.0/src/system/function_system.rs,52,1417,1
system{name="bevy_render::view::window::screenshot::extract_screenshots"},/Users/l-monninger/.cargo/registry/src/index.crates.io-1949cf8c6b5b557f/bevy_ecs-0.19.0/src/system/function_system.rs,52,1416,1
system{name="lod::scene::bounds_patch::patch_scene_bounds<chico_vegetation_components::ComponentsOnly<chico_sbs_trees::penmarch_torch::PenmarchTorch>, lod_avian::AvianLodSceneBoundsMarshaller>"},/Users/l-monninger/.cargo/registry/src/index.crates.io-1949cf8c6b5b557f/bevy_ecs-0.19.0/src/system/function_system.rs,52,1416,1
system{name="bevy_pbr::volumetric_fog::render::prepare_volumetric_fog_uniforms"},/Users/l-monninger/.cargo/registry/src/index.crates.io-1949cf8c6b5b557f/bevy_ecs-0.19.0/src/system/function_system.rs,52,1416,1
system{name="bevy_gizmos_render::pipeline_2d::queue_line_and_joint_gizmos_2d"},/Users/l-monninger/.cargo/registry/src/index.crates.io-1949cf8c6b5b557f/bevy_ecs-0.19.0/src/system/function_system.rs,52,1416,1
system_commands{name="bevy_world_serialization::world_asset_spawner::world_instance_spawner"},/Users/l-monninger/.cargo/registry/src/index.crates.io-1949cf8c6b5b557f/bevy_ecs-0.19.0/src/system/function_system.rs,54,1416,1
system{name="lod::scene::refresh::cull_regions::enqueue::produce_lod_cull_for_region<lod_avian::AvianLodSceneRegionIndex<'_, '_, chico_vegetation_components::ComponentsOnly<chico_vegetation_components::placed_vegetation::PlacedVegetation<chico_sbs_trees::temperate_conifer::TemperateConifer>>>, chico_sbs_trees_playground::vegetation_lod::VegetationCull, chico_vegetation_components::ComponentsOnly<chico_vegetation_components::placed_vegetation::PlacedVegetation<chico_sbs_trees::temperate_conifer::TemperateConifer>>, bevy_ecs::query::filter::With<bevy_camera::camera::Camera>>"},/Users/l-monninger/.cargo/registry/src/index.crates.io-1949cf8c6b5b557f/bevy_ecs-0.19.0/src/system/function_system.rs,52,1416,1
system{name="bevy_post_process::effect_stack::prepare_post_processing_pipelines"},/Users/l-monninger/.cargo/registry/src/index.crates.io-1949cf8c6b5b557f/bevy_ecs-0.19.0/src/system/function_system.rs,52,1375,1
system_commands{name="bevy_core_pipeline::core_3d::prepare_core_3d_depth_textures"},/Users/l-monninger/.cargo/registry/src/index.crates.io-1949cf8c6b5b557f/bevy_ecs-0.19.0/src/system/function_system.rs,54,1375,1
system{name="bevy_pbr::material::queue_material_meshes"},/Users/l-monninger/.cargo/registry/src/index.crates.io-1949cf8c6b5b557f/bevy_ecs-0.19.0/src/system/function_system.rs,52,1375,1
system{name="lod::scene::refresh::cull_regions::enqueue::produce_lod_cull_for_region<lod_avian::AvianLodSceneRegionIndex<'_, '_, chico_vegetation_components::ComponentsOnly<chico_groves::braid_grass::vc::BraidGrass>>, chico_sbs_trees_playground::vegetation_lod::VegetationCull, chico_vegetation_components::ComponentsOnly<chico_groves::braid_grass::vc::BraidGrass>, bevy_ecs::query::filter::With<bevy_camera::camera::Camera>>"},/Users/l-monninger/.cargo/registry/src/index.crates.io-1949cf8c6b5b557f/bevy_ecs-0.19.0/src/system/function_system.rs,52,1375,1
check_conditions{name="bevy_gizmos::start_gizmo_context<bevy_gizmos::frustum::FrustumGizmoConfigGroup, bevy_time::fixed::Fixed>"},/Users/l-monninger/.cargo/registry/src/index.crates.io-1949cf8c6b5b557f/bevy_ecs-0.19.0/src/schedule/executor/single_threaded.rs,77,1375,1
system{name="lod::scene::refresh::levels::produce::produce_lod_refresh_levels<chico_groves::wandering_acacia::vc::WanderingAcacia>"},/Users/l-monninger/.cargo/registry/src/index.crates.io-1949cf8c6b5b557f/bevy_ecs-0.19.0/src/system/function_system.rs,52,1375,1
system{name="bevy_transform_interpolation::reset_easing_states_on_transform_change"},/Users/l-monninger/.cargo/registry/src/index.crates.io-1949cf8c6b5b557f/bevy_ecs-0.19.0/src/system/function_system.rs,52,1375,1
system{name="lod::scene::refresh::sync::chunk::begin::begin_chunk_lod_fulfill<chico_groves::rolling_oaks::vc::RollingOaks>"},/Users/l-monninger/.cargo/registry/src/index.crates.io-1949cf8c6b5b557f/bevy_ecs-0.19.0/src/system/function_system.rs,52,1375,1
system{name="bevy_gilrs::gilrs_system::gilrs_event_system"},/Users/l-monninger/.cargo/registry/src/index.crates.io-1949cf8c6b5b557f/bevy_ecs-0.19.0/src/system/function_system.rs,52,1375,1
system{name="bevy_render::view::visibility::range::extract_visibility_ranges"},/Users/l-monninger/.cargo/registry/src/index.crates.io-1949cf8c6b5b557f/bevy_ecs-0.19.0/src/system/function_system.rs,52,1375,1
system{name="bevy_transform_interpolation::ease_rotation_slerp"},/Users/l-monninger/.cargo/registry/src/index.crates.io-1949cf8c6b5b557f/bevy_ecs-0.19.0/src/system/function_system.rs,52,1375,1
system{name="lod::scene::refresh::cull_regions::enqueue::produce_lod_cull_for_region<lod_avian::AvianLodSceneRegionIndex<'_, '_, chico_vegetation_components::ComponentsOnly<chico_vegetation_components::placed_vegetation::PlacedVegetation<chico_sbs_trees::storybook_tree::StorybookTree>>>, chico_sbs_trees_playground::vegetation_lod::VegetationCull, chico_vegetation_components::ComponentsOnly<chico_vegetation_components::placed_vegetation::PlacedVegetation<chico_sbs_trees::storybook_tree::StorybookTree>>, bevy_ecs::query::filter::With<bevy_camera::camera::Camera>>"},/Users/l-monninger/.cargo/registry/src/index.crates.io-1949cf8c6b5b557f/bevy_ecs-0.19.0/src/system/function_system.rs,52,1375,1
system{name="bevy_winit::system::changed_windows"},/Users/l-monninger/.cargo/registry/src/index.crates.io-1949cf8c6b5b557f/bevy_ecs-0.19.0/src/system/function_system.rs,52,1375,1
system{name="bevy_gizmos_render::pipeline_3d::queue_line_joint_gizmos_3d"},/Users/l-monninger/.cargo/registry/src/index.crates.io-1949cf8c6b5b557f/bevy_ecs-0.19.0/src/system/function_system.rs,52,1375,1
system{name="bevy_sprite_render::mesh2d::material::specialize_material2d_meshes<bevy_sprite_render::tilemap_chunk::tilemap_chunk_material::TilemapChunkMaterial>"},/Users/l-monninger/.cargo/registry/src/index.crates.io-1949cf8c6b5b557f/bevy_ecs-0.19.0/src/system/function_system.rs,52,1375,1
system{name="bevy_pbr::volumetric_fog::render::prepare_volumetric_fog_pipelines"},/Users/l-monninger/.cargo/registry/src/index.crates.io-1949cf8c6b5b557f/bevy_ecs-0.19.0/src/system/function_system.rs,52,1375,1
system_commands{name="bevy_core_pipeline::tonemapping::prepare_view_tonemapping_pipelines"},/Users/l-monninger/.cargo/registry/src/index.crates.io-1949cf8c6b5b557f/bevy_ecs-0.19.0/src/system/function_system.rs,54,1375,1
system{name="bevy_sprite_render::mesh2d::material::check_entities_needing_specialization<bevy_sprite_render::mesh2d::color_material::ColorMaterial>"},/Users/l-monninger/.cargo/registry/src/index.crates.io-1949cf8c6b5b557f/bevy_ecs-0.19.0/src/system/function_system.rs,52,1375,1
system{name="lod::scene::refresh::cull_regions::enqueue::produce_lod_cull_for_region<lod_avian::AvianLodSceneRegionIndex<'_, '_, chico_groves::alpine::vc::Alpine>, chico_sbs_trees_playground::vegetation_lod::VegetationCull, chico_groves::alpine::vc::Alpine, bevy_ecs::query::filter::With<bevy_camera::camera::Camera>>"},/Users/l-monninger/.cargo/registry/src/index.crates.io-1949cf8c6b5b557f/bevy_ecs-0.19.0/src/system/function_system.rs,52,1375,1
system{name="lod::scene::refresh::levels::produce::produce_lod_refresh_levels<chico_groves::trade_winds::vc::TradeWinds>"},/Users/l-monninger/.cargo/registry/src/index.crates.io-1949cf8c6b5b557f/bevy_ecs-0.19.0/src/system/function_system.rs,52,1375,1
system{name="lod::scene::refresh::cull_regions::enqueue::produce_lod_cull_for_region<lod_avian::AvianLodSceneRegionIndex<'_, '_, chico_vegetation_components::ComponentsOnly<chico_vegetation_components::placed_vegetation::PlacedVegetation<chico_sbs_trees::tuft_patch::TuftPatch>>>, chico_sbs_trees_playground::vegetation_lod::VegetationCull, chico_vegetation_components::ComponentsOnly<chico_vegetation_components::placed_vegetation::PlacedVegetation<chico_sbs_trees::tuft_patch::TuftPatch>>, bevy_ecs::query::filter::With<bevy_camera::camera::Camera>>"},/Users/l-monninger/.cargo/registry/src/index.crates.io-1949cf8c6b5b557f/bevy_ecs-0.19.0/src/system/function_system.rs,52,1375,1
system{name="bevy_core_pipeline::skybox::prepare_skybox_pipelines"},/Users/l-monninger/.cargo/registry/src/index.crates.io-1949cf8c6b5b557f/bevy_ecs-0.19.0/src/system/function_system.rs,52,1334,1
system{name="lod::scene::refresh::cull_regions::enqueue::produce_lod_cull_for_region<lod_avian::AvianLodSceneRegionIndex<'_, '_, chico_vegetation_components::ComponentsOnly<chico_vegetation_components::placed_vegetation::PlacedVegetation<chico_sbs_trees::northern_conifer::NorthernConifer>>>, chico_sbs_trees_playground::vegetation_lod::VegetationCull, chico_vegetation_components::ComponentsOnly<chico_vegetation_components::placed_vegetation::PlacedVegetation<chico_sbs_trees::northern_conifer::NorthernConifer>>, bevy_ecs::query::filter::With<bevy_camera::camera::Camera>>"},/Users/l-monninger/.cargo/registry/src/index.crates.io-1949cf8c6b5b557f/bevy_ecs-0.19.0/src/system/function_system.rs,52,1334,1
system{name="lod::scene::refresh::cull_regions::enqueue::produce_lod_cull_for_region<lod_avian::AvianLodSceneRegionIndex<'_, '_, chico_vegetation_components::ComponentsOnly<chico_sbs_trees::northern_conifer::NorthernConifer>>, chico_sbs_trees_playground::vegetation_lod::VegetationCull, chico_vegetation_components::ComponentsOnly<chico_sbs_trees::northern_conifer::NorthernConifer>, bevy_ecs::query::filter::With<bevy_camera::camera::Camera>>"},/Users/l-monninger/.cargo/registry/src/index.crates.io-1949cf8c6b5b557f/bevy_ecs-0.19.0/src/system/function_system.rs,52,1334,1
system{name="lod::scene::refresh::cull_regions::enqueue::produce_lod_cull_for_region<lod_avian::AvianLodSceneRegionIndex<'_, '_, chico_groves::orchard::vc::Orchard>, chico_sbs_trees_playground::vegetation_lod::VegetationCull, chico_groves::orchard::vc::Orchard, bevy_ecs::query::filter::With<bevy_camera::camera::Camera>>"},/Users/l-monninger/.cargo/registry/src/index.crates.io-1949cf8c6b5b557f/bevy_ecs-0.19.0/src/system/function_system.rs,52,1334,1
system_commands{name="bevy_render::extract_component::extract_components<bevy_render::view::Msaa, ()>"},/Users/l-monninger/.cargo/registry/src/index.crates.io-1949cf8c6b5b557f/bevy_ecs-0.19.0/src/system/function_system.rs,54,1334,1
system{name="lod::scene::refresh::sync::chunk::begin::begin_chunk_lod_fulfill<chico_vegetation_components::ComponentsOnly<chico_sbs_trees::liams_conifer::LiamsConifer>>"},/Users/l-monninger/.cargo/registry/src/index.crates.io-1949cf8c6b5b557f/bevy_ecs-0.19.0/src/system/function_system.rs,52,1334,1
system{name="lod::scene::refresh::sync::chunk::begin::begin_chunk_lod_fulfill<chico_vegetation_components::ComponentsOnly<chico_vegetation_components::placed_vegetation::PlacedVegetation<chico_groves::strange_oasis::vc::OasisDatePalm>>>"},/Users/l-monninger/.cargo/registry/src/index.crates.io-1949cf8c6b5b557f/bevy_ecs-0.19.0/src/system/function_system.rs,52,1333,1
system{name="bevy_picking::hover::update_interactions"},/Users/l-monninger/.cargo/registry/src/index.crates.io-1949cf8c6b5b557f/bevy_ecs-0.19.0/src/system/function_system.rs,52,1333,1
system{name="lod::scene::refresh::sync::chunk::begin::begin_chunk_lod_fulfill<chico_vegetation_components::ComponentsOnly<chico_vegetation_components::placed_vegetation::PlacedVegetation<chico_sbs_trees::penmarch_torch::PenmarchTorch>>>"},/Users/l-monninger/.cargo/registry/src/index.crates.io-1949cf8c6b5b557f/bevy_ecs-0.19.0/src/system/function_system.rs,52,1333,1
system{name="lod::scene::refresh::levels::produce::produce_lod_refresh_levels<chico_vegetation_components::foliage::node::FoliageNode>"},/Users/l-monninger/.cargo/registry/src/index.crates.io-1949cf8c6b5b557f/bevy_ecs-0.19.0/src/system/function_system.rs,52,1333,1
system{name="bevy_core_pipeline::tonemapping::prepare_view_tonemapping_pipelines"},/Users/l-monninger/.cargo/registry/src/index.crates.io-1949cf8c6b5b557f/bevy_ecs-0.19.0/src/system/function_system.rs,52,1333,1
system{name="lod::scene::refresh::cull_regions::enqueue::produce_lod_cull_for_region<lod_avian::AvianLodSceneRegionIndex<'_, '_, chico_groves::conifer_massives::vc::ConiferMassives>, chico_sbs_trees_playground::vegetation_lod::VegetationCull, chico_groves::conifer_massives::vc::ConiferMassives, bevy_ecs::query::filter::With<bevy_camera::camera::Camera>>"},/Users/l-monninger/.cargo/registry/src/index.crates.io-1949cf8c6b5b557f/bevy_ecs-0.19.0/src/system/function_system.rs,52,1333,1
system{name="bevy_ui_render::gradient::extract_gradients"},/Users/l-monninger/.cargo/registry/src/index.crates.io-1949cf8c6b5b557f/bevy_ecs-0.19.0/src/system/function_system.rs,52,1333,1
system{name="bevy_sprite_render::mesh2d::material::check_entities_needing_specialization<bevy_sprite_render::sprite_mesh::sprite_material::SpriteMaterial>"},/Users/l-monninger/.cargo/registry/src/index.crates.io-1949cf8c6b5b557f/bevy_ecs-0.19.0/src/system/function_system.rs,52,1333,1
system{name="lod::scene::refresh::levels::produce::produce_lod_refresh_levels<chico_groves::arid_conifer_sapling::vc::AridConiferSapling>"},/Users/l-monninger/.cargo/registry/src/index.crates.io-1949cf8c6b5b557f/bevy_ecs-0.19.0/src/system/function_system.rs,52,1333,1
system{name="lod::scene::refresh::cull_regions::enqueue::produce_lod_cull_for_region<lod_avian::AvianLodSceneRegionIndex<'_, '_, chico_groves::temperate_lower_massives::vc::TemperateLowerMassives>, chico_sbs_trees_playground::vegetation_lod::VegetationCull, chico_groves::temperate_lower_massives::vc::TemperateLowerMassives, bevy_ecs::query::filter::With<bevy_camera::camera::Camera>>"},/Users/l-monninger/.cargo/registry/src/index.crates.io-1949cf8c6b5b557f/bevy_ecs-0.19.0/src/system/function_system.rs,52,1333,1
system{name="lod::scene::refresh::cull_regions::enqueue::produce_lod_cull_for_region<lod_avian::AvianLodSceneRegionIndex<'_, '_, chico_vegetation_components::ComponentsOnly<chico_vegetation_components::placed_vegetation::PlacedVegetation<chico_groves::strange_oasis::vc::OasisDatePalm>>>, chico_sbs_trees_playground::vegetation_lod::VegetationCull, chico_vegetation_components::ComponentsOnly<chico_vegetation_components::placed_vegetation::PlacedVegetation<chico_groves::strange_oasis::vc::OasisDatePalm>>, bevy_ecs::query::filter::With<bevy_camera::camera::Camera>>"},/Users/l-monninger/.cargo/registry/src/index.crates.io-1949cf8c6b5b557f/bevy_ecs-0.19.0/src/system/function_system.rs,52,1292,1
system{name="lod::scene::refresh::sync::chunk::begin::begin_chunk_lod_fulfill<chico_vegetation_components::ComponentsOnly<chico_sbs_trees::northern_conifer::NorthernConifer>>"},/Users/l-monninger/.cargo/registry/src/index.crates.io-1949cf8c6b5b557f/bevy_ecs-0.19.0/src/system/function_system.rs,52,1292,1
check_conditions{name="avian3d::dynamics::solver::islands::sleeping::update_sleeping_states"},/Users/l-monninger/.cargo/registry/src/index.crates.io-1949cf8c6b5b557f/bevy_ecs-0.19.0/src/schedule/executor/single_threaded.rs,77,1292,1
system{name="avian3d::dynamics::solver::islands::sleeping::wake_on_changed"},/Users/l-monninger/.cargo/registry/src/index.crates.io-1949cf8c6b5b557f/bevy_ecs-0.19.0/src/system/function_system.rs,52,1292,1
system_commands{name="bevy_post_process::effect_stack::prepare_post_processing_pipelines"},/Users/l-monninger/.cargo/registry/src/index.crates.io-1949cf8c6b5b557f/bevy_ecs-0.19.0/src/system/function_system.rs,54,1292,1
system{name="lod::scene::refresh::levels::produce::produce_lod_refresh_levels<chico_vegetation_components::ComponentsOnly<chico_groves::tall_grass::vc::TallGrass>>"},/Users/l-monninger/.cargo/registry/src/index.crates.io-1949cf8c6b5b557f/bevy_ecs-0.19.0/src/system/function_system.rs,52,1292,1
system{name="lod::scene::refresh::cull_regions::enqueue::produce_lod_cull_for_region<lod_avian::AvianLodSceneRegionIndex<'_, '_, chico_vegetation_components::ComponentsOnly<chico_groves::tall_grass::vc::TallGrass>>, chico_sbs_trees_playground::vegetation_lod::VegetationCull, chico_vegetation_components::ComponentsOnly<chico_groves::tall_grass::vc::TallGrass>, bevy_ecs::query::filter::With<bevy_camera::camera::Camera>>"},/Users/l-monninger/.cargo/registry/src/index.crates.io-1949cf8c6b5b557f/bevy_ecs-0.19.0/src/system/function_system.rs,52,1292,1
system{name="lod::scene::refresh::cull_regions::enqueue::produce_lod_cull_for_region<lod_avian::AvianLodSceneRegionIndex<'_, '_, chico_groves::jungle_massives::vc::JungleMassives>, chico_sbs_trees_playground::vegetation_lod::VegetationCull, chico_groves::jungle_massives::vc::JungleMassives, bevy_ecs::query::filter::With<bevy_camera::camera::Camera>>"},/Users/l-monninger/.cargo/registry/src/index.crates.io-1949cf8c6b5b557f/bevy_ecs-0.19.0/src/system/function_system.rs,52,1292,1
system{name="lod::scene::refresh::cull_regions::enqueue::produce_lod_cull_for_region<lod_avian::AvianLodSceneRegionIndex<'_, '_, chico_groves::forlorn_savanna::vc::ForlornSavanna>, chico_sbs_trees_playground::vegetation_lod::VegetationCull, chico_groves::forlorn_savanna::vc::ForlornSavanna, bevy_ecs::query::filter::With<bevy_camera::camera::Camera>>"},/Users/l-monninger/.cargo/registry/src/index.crates.io-1949cf8c6b5b557f/bevy_ecs-0.19.0/src/system/function_system.rs,52,1292,1
system{name="bevy_pbr::material::specialize_material_meshes"},/Users/l-monninger/.cargo/registry/src/index.crates.io-1949cf8c6b5b557f/bevy_ecs-0.19.0/src/system/function_system.rs,52,1292,1
system{name="lod::scene::refresh::cull_regions::enqueue::produce_lod_cull_for_region<lod_avian::AvianLodSceneRegionIndex<'_, '_, chico_groves::low_bush::vc::LowBush>, chico_sbs_trees_playground::vegetation_lod::VegetationCull, chico_groves::low_bush::vc::LowBush, bevy_ecs::query::filter::With<bevy_camera::camera::Camera>>"},/Users/l-monninger/.cargo/registry/src/index.crates.io-1949cf8c6b5b557f/bevy_ecs-0.19.0/src/system/function_system.rs,52,1292,1
system{name="lod::scene::refresh::sync::chunk::begin::begin_chunk_lod_fulfill<chico_vegetation_components::ComponentsOnly<chico_sbs_trees::waialea_palm::WaialeaPalm>>"},/Users/l-monninger/.cargo/registry/src/index.crates.io-1949cf8c6b5b557f/bevy_ecs-0.19.0/src/system/function_system.rs,52,1292,1
system{name="bevy_pbr::prepass::check_prepass_views_need_specialization"},/Users/l-monninger/.cargo/registry/src/index.crates.io-1949cf8c6b5b557f/bevy_ecs-0.19.0/src/system/function_system.rs,52,1292,1
system{name="lod::scene::refresh::sync::chunk::begin::begin_chunk_lod_fulfill<chico_groves::alpine::vc::Alpine>"},/Users/l-monninger/.cargo/registry/src/index.crates.io-1949cf8c6b5b557f/bevy_ecs-0.19.0/src/system/function_system.rs,52,1292,1
system{name="bevy_render::view::prepare_view_attachments"},/Users/l-monninger/.cargo/registry/src/index.crates.io-1949cf8c6b5b557f/bevy_ecs-0.19.0/src/system/function_system.rs,52,1292,1
system{name="lod::scene::refresh::sync::chunk::begin::begin_chunk_lod_fulfill<chico_groves::tropical_thicket::vc::TropicalThicket>"},/Users/l-monninger/.cargo/registry/src/index.crates.io-1949cf8c6b5b557f/bevy_ecs-0.19.0/src/system/function_system.rs,52,1291,1
system_commands{name="bevy_render::globals::extract_time"},/Users/l-monninger/.cargo/registry/src/index.crates.io-1949cf8c6b5b557f/bevy_ecs-0.19.0/src/system/function_system.rs,54,1291,1
system{name="bevy_pbr::lightmap::extract_lightmaps"},/Users/l-monninger/.cargo/registry/src/index.crates.io-1949cf8c6b5b557f/bevy_ecs-0.19.0/src/system/function_system.rs,52,1291,1
system{name="lod::scene::refresh::sync::chunk::begin::begin_chunk_lod_fulfill<chico_vegetation_components::ComponentsOnly<chico_sbs_trees::palm_bush::PalmBush>>"},/Users/l-monninger/.cargo/registry/src/index.crates.io-1949cf8c6b5b557f/bevy_ecs-0.19.0/src/system/function_system.rs,52,1291,1
system_commands{name="bevy_render::extract_component::extract_components<bevy_core_pipeline::tonemapping::DebandDither, ()>"},/Users/l-monninger/.cargo/registry/src/index.crates.io-1949cf8c6b5b557f/bevy_ecs-0.19.0/src/system/function_system.rs,54,1291,1
system{name="bevy_camera::visibility::check_visibility_gpu_culling"},/Users/l-monninger/.cargo/registry/src/index.crates.io-1949cf8c6b5b557f/bevy_ecs-0.19.0/src/system/function_system.rs,52,1250,1
system{name="lod::scene::refresh::levels::produce::produce_lod_refresh_levels<chico_vegetation_components::ComponentsOnly<chico_vegetation_components::placed_vegetation::PlacedVegetation<chico_sbs_trees::tuft_patch::TuftPatch>>>"},/Users/l-monninger/.cargo/registry/src/index.crates.io-1949cf8c6b5b557f/bevy_ecs-0.19.0/src/system/function_system.rs,52,1250,1
system{name="lod::scene::bounds_patch::patch_scene_bounds<chico_vegetation_components::ComponentsOnly<chico_groves::wild_grass::vc::WildGrass>, lod_avian::AvianLodSceneBoundsMarshaller>"},/Users/l-monninger/.cargo/registry/src/index.crates.io-1949cf8c6b5b557f/bevy_ecs-0.19.0/src/system/function_system.rs,52,1250,1
system{name="bevy_pbr::cluster::gpu::prepare_clustering_pipelines"},/Users/l-monninger/.cargo/registry/src/index.crates.io-1949cf8c6b5b557f/bevy_ecs-0.19.0/src/system/function_system.rs,52,1250,1
system{name="bevy_app::propagate::propagate_output<bevy_ui::ui_node::ComputedUiRenderTargetInfo, ()>"},/Users/l-monninger/.cargo/registry/src/index.crates.io-1949cf8c6b5b557f/bevy_ecs-0.19.0/src/system/function_system.rs,52,1250,1
system{name="lod::scene::refresh::sync::chunk::begin::begin_chunk_lod_fulfill<chico_groves::forlorn_savanna::vc::ForlornSavanna>"},/Users/l-monninger/.cargo/registry/src/index.crates.io-1949cf8c6b5b557f/bevy_ecs-0.19.0/src/system/function_system.rs,52,1250,1
system{name="avian3d::collision::collider::backend::init_collider_constructors"},/Users/l-monninger/.cargo/registry/src/index.crates.io-1949cf8c6b5b557f/bevy_ecs-0.19.0/src/system/function_system.rs,52,1250,1
RenderContextState::apply{system=bevy_core_pipeline::deferred::node::early_deferred_prepass},/Users/l-monninger/.cargo/registry/src/index.crates.io-1949cf8c6b5b557f/bevy_render-0.19.0/src/renderer/render_context.rs,110,1250,1
system{name="bevy_render::mesh::allocator::allocate_and_free_meshes"},/Users/l-monninger/.cargo/registry/src/index.crates.io-1949cf8c6b5b557f/bevy_ecs-0.19.0/src/system/function_system.rs,52,1250,1
system{name="lod::scene::refresh::cull_regions::enqueue::produce_lod_cull_for_region<lod_avian::AvianLodSceneRegionIndex<'_, '_, chico_vegetation_components::ComponentsOnly<chico_vegetation_components::placed_vegetation::PlacedVegetation<chico_sbs_trees::kamakura_torch::KamakuraTorch>>>, chico_sbs_trees_playground::vegetation_lod::VegetationCull, chico_vegetation_components::ComponentsOnly<chico_vegetation_components::placed_vegetation::PlacedVegetation<chico_sbs_trees::kamakura_torch::KamakuraTorch>>, bevy_ecs::query::filter::With<bevy_camera::camera::Camera>>"},/Users/l-monninger/.cargo/registry/src/index.crates.io-1949cf8c6b5b557f/bevy_ecs-0.19.0/src/system/function_system.rs,52,1250,1
system{name="bevy_pbr::atmosphere::environment::prepare_atmosphere_probe_components"},/Users/l-monninger/.cargo/registry/src/index.crates.io-1949cf8c6b5b557f/bevy_ecs-0.19.0/src/system/function_system.rs,52,1250,1
system{name="lod::scene::refresh::regions::produce::produce_lod_refresh_regions<lod::scene::refresh::regions::spotlight::Spotlight, bevy_ecs::query::filter::With<bevy_camera::camera::Camera>, chico_sbs_trees_playground::vegetation_lod::VegetationSpotlight>"},/Users/l-monninger/.cargo/registry/src/index.crates.io-1949cf8c6b5b557f/bevy_ecs-0.19.0/src/system/function_system.rs,52,1250,1
system{name="bevy_pbr::transmission::phase::extract_transmissive_camera_phases"},/Users/l-monninger/.cargo/registry/src/index.crates.io-1949cf8c6b5b557f/bevy_ecs-0.19.0/src/system/function_system.rs,52,1250,1
system{name="bevy_pbr::light_probe::generate::prepare_generated_environment_map_bind_groups"},/Users/l-monninger/.cargo/registry/src/index.crates.io-1949cf8c6b5b557f/bevy_ecs-0.19.0/src/system/function_system.rs,52,1250,1
system{name="avian3d::dynamics::ccd::solve_swept_ccd"},/Users/l-monninger/.cargo/registry/src/index.crates.io-1949cf8c6b5b557f/bevy_ecs-0.19.0/src/system/function_system.rs,52,1250,1
system{name="lod::scene::refresh::cull_regions::enqueue::produce_lod_cull_for_region<lod_avian::AvianLodSceneRegionIndex<'_, '_, chico_groves::leeward::vc::Leeward>, chico_sbs_trees_playground::vegetation_lod::VegetationCull, chico_groves::leeward::vc::Leeward, bevy_ecs::query::filter::With<bevy_camera::camera::Camera>>"},/Users/l-monninger/.cargo/registry/src/index.crates.io-1949cf8c6b5b557f/bevy_ecs-0.19.0/src/system/function_system.rs,52,1250,1
system{name="render_item::mesh::handle::enforce_caching<sdf_common::crook_cylinder::CrookCylinder, chico_vegetation_shaders::chico_stick_material::ChicoStickMaterial>"},/Users/l-monninger/.cargo/registry/src/index.crates.io-1949cf8c6b5b557f/bevy_ecs-0.19.0/src/system/function_system.rs,52,1250,1
system{name="bevy_pbr::atmosphere::extract_atmosphere"},/Users/l-monninger/.cargo/registry/src/index.crates.io-1949cf8c6b5b557f/bevy_ecs-0.19.0/src/system/function_system.rs,52,1250,1
system{name="bevy_ui_widgets::popover::position_popover"},/Users/l-monninger/.cargo/registry/src/index.crates.io-1949cf8c6b5b557f/bevy_ecs-0.19.0/src/system/function_system.rs,52,1250,1
system{name="render_item::mesh::handle::enforce_caching<sdf_common::noisy::NoisySurface<sdf_common::ball::Ball>, bevy_pbr::pbr_material::StandardMaterial>"},/Users/l-monninger/.cargo/registry/src/index.crates.io-1949cf8c6b5b557f/bevy_ecs-0.19.0/src/system/function_system.rs,52,1250,1
indexed_batch_sets,/Users/l-monninger/.cargo/registry/src/index.crates.io-1949cf8c6b5b557f/bevy_render-0.19.0/src/batching/gpu_preprocessing.rs,2709,11166,9
system{name="lod::scene::refresh::cull_regions::enqueue::produce_lod_cull_for_region<lod_avian::AvianLodSceneRegionIndex<'_, '_, chico_groves::high_bush::vc::HighBush>, chico_sbs_trees_playground::vegetation_lod::VegetationCull, chico_groves::high_bush::vc::HighBush, bevy_ecs::query::filter::With<bevy_camera::camera::Camera>>"},/Users/l-monninger/.cargo/registry/src/index.crates.io-1949cf8c6b5b557f/bevy_ecs-0.19.0/src/system/function_system.rs,52,1209,1
system{name="lod::scene::refresh::cull_regions::enqueue::produce_lod_cull_for_region<lod_avian::AvianLodSceneRegionIndex<'_, '_, chico_vegetation_components::ComponentsOnly<chico_sbs_trees::jungle_storybook_tree::JungleStorybookTree>>, chico_sbs_trees_playground::vegetation_lod::VegetationCull, chico_vegetation_components::ComponentsOnly<chico_sbs_trees::jungle_storybook_tree::JungleStorybookTree>, bevy_ecs::query::filter::With<bevy_camera::camera::Camera>>"},/Users/l-monninger/.cargo/registry/src/index.crates.io-1949cf8c6b5b557f/bevy_ecs-0.19.0/src/system/function_system.rs,52,1209,1
system{name="lod::scene::refresh::cull_regions::enqueue::produce_lod_cull_for_region<lod_avian::AvianLodSceneRegionIndex<'_, '_, chico_vegetation_components::ComponentsOnly<chico_vegetation_components::placed_vegetation::PlacedVegetation<chico_sbs_trees::waialea_palm::WaialeaPalm>>>, chico_sbs_trees_playground::vegetation_lod::VegetationCull, chico_vegetation_components::ComponentsOnly<chico_vegetation_components::placed_vegetation::PlacedVegetation<chico_sbs_trees::waialea_palm::WaialeaPalm>>, bevy_ecs::query::filter::With<bevy_camera::camera::Camera>>"},/Users/l-monninger/.cargo/registry/src/index.crates.io-1949cf8c6b5b557f/bevy_ecs-0.19.0/src/system/function_system.rs,52,1209,1
system_commands{name="bevy_pbr::prepass::extract_camera_previous_view_data"},/Users/l-monninger/.cargo/registry/src/index.crates.io-1949cf8c6b5b557f/bevy_ecs-0.19.0/src/system/function_system.rs,54,1209,1
system{name="lod::scene::refresh::cull_regions::enqueue::produce_lod_cull_for_region<lod_avian::AvianLodSceneRegionIndex<'_, '_, chico_groves::riparian_general::vc::RiparianGeneral>, chico_sbs_trees_playground::vegetation_lod::VegetationCull, chico_groves::riparian_general::vc::RiparianGeneral, bevy_ecs::query::filter::With<bevy_camera::camera::Camera>>"},/Users/l-monninger/.cargo/registry/src/index.crates.io-1949cf8c6b5b557f/bevy_ecs-0.19.0/src/system/function_system.rs,52,1209,1
system{name="avian3d::dynamics::rigid_body::mass_properties::update_mass_properties"},/Users/l-monninger/.cargo/registry/src/index.crates.io-1949cf8c6b5b557f/bevy_ecs-0.19.0/src/system/function_system.rs,52,1208,1
system{name="lod::scene::refresh::sync::chunk::begin::begin_chunk_lod_fulfill<chico_groves::conifer_massives::vc::ConiferMassives>"},/Users/l-monninger/.cargo/registry/src/index.crates.io-1949cf8c6b5b557f/bevy_ecs-0.19.0/src/system/function_system.rs,52,1208,1
system{name="bevy_app::task_pool_plugin::tick_global_task_pools"},/Users/l-monninger/.cargo/registry/src/index.crates.io-1949cf8c6b5b557f/bevy_ecs-0.19.0/src/system/function_system.rs,52,1208,1
system_commands{name="bevy_render::globals::extract_frame_count"},/Users/l-monninger/.cargo/registry/src/index.crates.io-1949cf8c6b5b557f/bevy_ecs-0.19.0/src/system/function_system.rs,54,1208,1
system{name="lod::scene::refresh::sync::chunk::resume::cancel_unstarted_cull_for_desired_pending_roots"},/Users/l-monninger/.cargo/registry/src/index.crates.io-1949cf8c6b5b557f/bevy_ecs-0.19.0/src/system/function_system.rs,52,1208,1
system{name="lod::scene::refresh::sync::chunk::begin::begin_chunk_lod_fulfill<chico_vegetation_components::ComponentsOnly<chico_vegetation_components::placed_vegetation::PlacedVegetation<chico_sbs_trees::palm_bush::PalmBush>>>"},/Users/l-monninger/.cargo/registry/src/index.crates.io-1949cf8c6b5b557f/bevy_ecs-0.19.0/src/system/function_system.rs,52,1167,1
system{name="bevy_app::propagate::propagate_inherited<bevy_ui::ui_node::ComputedUiTargetCamera, (), bevy_ecs::hierarchy::ChildOf>"},/Users/l-monninger/.cargo/registry/src/index.crates.io-1949cf8c6b5b557f/bevy_ecs-0.19.0/src/system/function_system.rs,52,1167,1
system{name="lod::scene::refresh::sync::chunk::begin::begin_chunk_lod_fulfill<chico_groves::date_grove::vc::DateGrove>"},/Users/l-monninger/.cargo/registry/src/index.crates.io-1949cf8c6b5b557f/bevy_ecs-0.19.0/src/system/function_system.rs,52,1167,1
{shadow_directional_light_1_cascade_1},/Users/l-monninger/.cargo/registry/src/index.crates.io-1949cf8c6b5b557f/bevy_pbr-0.19.0/src/render/light.rs,2830,1167,1
system_commands{name="bevy_render::extract_component::extract_components<bevy_camera::camera::CameraMainTextureUsages, ()>"},/Users/l-monninger/.cargo/registry/src/index.crates.io-1949cf8c6b5b557f/bevy_ecs-0.19.0/src/system/function_system.rs,54,1167,1
system{name="lod::scene::refresh::sync::chunk::begin::begin_chunk_lod_fulfill<chico_groves::riparian_general::vc::RiparianGeneral>"},/Users/l-monninger/.cargo/registry/src/index.crates.io-1949cf8c6b5b557f/bevy_ecs-0.19.0/src/system/function_system.rs,52,1167,1
system{name="bevy_anti_alias::fxaa::prepare_fxaa_pipelines"},/Users/l-monninger/.cargo/registry/src/index.crates.io-1949cf8c6b5b557f/bevy_ecs-0.19.0/src/system/function_system.rs,52,1167,1
system{name="lod::scene::refresh::cull_regions::enqueue::produce_lod_cull_for_region<lod_avian::AvianLodSceneRegionIndex<'_, '_, chico_groves::temperate_massives::vc::TemperateMassives>, chico_sbs_trees_playground::vegetation_lod::VegetationCull, chico_groves::temperate_massives::vc::TemperateMassives, bevy_ecs::query::filter::With<bevy_camera::camera::Camera>>"},/Users/l-monninger/.cargo/registry/src/index.crates.io-1949cf8c6b5b557f/bevy_ecs-0.19.0/src/system/function_system.rs,52,1167,1
system{name="bevy_pbr::ssr::screen_space_reflections"},/Users/l-monninger/.cargo/registry/src/index.crates.io-1949cf8c6b5b557f/bevy_ecs-0.19.0/src/system/function_system.rs,52,1167,1
system{name="lod::scene::refresh::cull_regions::enqueue::produce_lod_cull_for_region<lod_avian::AvianLodSceneRegionIndex<'_, '_, chico_groves::dryland::vc::Dryland>, chico_sbs_trees_playground::vegetation_lod::VegetationCull, chico_groves::dryland::vc::Dryland, bevy_ecs::query::filter::With<bevy_camera::camera::Camera>>"},/Users/l-monninger/.cargo/registry/src/index.crates.io-1949cf8c6b5b557f/bevy_ecs-0.19.0/src/system/function_system.rs,52,1167,1
system{name="bevy_pbr::render::gpu_preprocess::prepare_preprocess_pipelines"},/Users/l-monninger/.cargo/registry/src/index.crates.io-1949cf8c6b5b557f/bevy_ecs-0.19.0/src/system/function_system.rs,52,1167,1
system{name="lod::scene::refresh::cull_regions::enqueue::produce_lod_cull_for_region<lod_avian::AvianLodSceneRegionIndex<'_, '_, chico_vegetation_components::foliage::node::FoliageNode>, chico_sbs_trees_playground::vegetation_lod::VegetationCull, chico_vegetation_components::foliage::node::FoliageNode, bevy_ecs::query::filter::With<bevy_camera::camera::Camera>>"},/Users/l-monninger/.cargo/registry/src/index.crates.io-1949cf8c6b5b557f/bevy_ecs-0.19.0/src/system/function_system.rs,52,1166,1
system{name="lod::scene::refresh::sync::chunk::begin::begin_chunk_lod_fulfill<chico_vegetation_components::FlattenedComponentsOnly<chico_vegetation_components::placed_vegetation::PlacedVegetation<chico_sbs_trees::storybook_tree::StorybookTree>>>"},/Users/l-monninger/.cargo/registry/src/index.crates.io-1949cf8c6b5b557f/bevy_ecs-0.19.0/src/system/function_system.rs,52,1166,1
system{name="bevy_render::batching::gpu_preprocessing::collect_buffers_for_phase<bevy_pbr::transmission::phase::Transmissive3d, bevy_pbr::render::mesh::MeshPipeline>"},/Users/l-monninger/.cargo/registry/src/index.crates.io-1949cf8c6b5b557f/bevy_ecs-0.19.0/src/system/function_system.rs,52,1166,1
system{name="lod::scene::refresh::sync::chunk::begin::begin_chunk_lod_fulfill<chico_vegetation_components::ComponentsOnly<chico_vegetation_components::placed_vegetation::PlacedVegetation<chico_sbs_trees::date_palm::DatePalm>>>"},/Users/l-monninger/.cargo/registry/src/index.crates.io-1949cf8c6b5b557f/bevy_ecs-0.19.0/src/system/function_system.rs,52,1166,1
system{name="bevy_pbr::light_probe::generate::extract_generated_environment_map_entities"},/Users/l-monninger/.cargo/registry/src/index.crates.io-1949cf8c6b5b557f/bevy_ecs-0.19.0/src/system/function_system.rs,52,1166,1
system{name="lod::scene::refresh::sync::chunk::begin::begin_chunk_lod_fulfill<chico_vegetation_components::ComponentsOnly<chico_vegetation_components::placed_vegetation::PlacedVegetation<chico_sbs_trees::storybook_tree::StorybookTree>>>"},/Users/l-monninger/.cargo/registry/src/index.crates.io-1949cf8c6b5b557f/bevy_ecs-0.19.0/src/system/function_system.rs,52,1166,1
system{name="render_item::mesh::handle::enforce_caching<sdf_common::noisy::NoisySurface<sdf_common::cylinder::TaperedCylinder>, chico_vegetation_shaders::chico_stick_material::ChicoStickMaterial>"},/Users/l-monninger/.cargo/registry/src/index.crates.io-1949cf8c6b5b557f/bevy_ecs-0.19.0/src/system/function_system.rs,52,1166,1
system{name="lod::scene::refresh::sync::chunk::begin::begin_chunk_lod_fulfill<chico_groves::jungle_lower_massives::vc::JungleLowerMassives>"},/Users/l-monninger/.cargo/registry/src/index.crates.io-1949cf8c6b5b557f/bevy_ecs-0.19.0/src/system/function_system.rs,52,1166,1
system{name="game_commands::ui::sync_game_command_drawer_visibility"},/Users/l-monninger/.cargo/registry/src/index.crates.io-1949cf8c6b5b557f/bevy_ecs-0.19.0/src/system/function_system.rs,52,1166,1
system{name="bevy_pbr::material::extract_mesh_materials<bevy_pbr::extended_material::ExtendedMaterial<bevy_pbr::pbr_material::StandardMaterial, bevy_pbr::decal::forward::ForwardDecalMaterialExt>>"},/Users/l-monninger/.cargo/registry/src/index.crates.io-1949cf8c6b5b557f/bevy_ecs-0.19.0/src/system/function_system.rs,52,1125,1
system{name="render_item::mesh::handle::enforce_caching<sdf_common::crook_cylinder::CrookCylinder, bevy_pbr::pbr_material::StandardMaterial>"},/Users/l-monninger/.cargo/registry/src/index.crates.io-1949cf8c6b5b557f/bevy_ecs-0.19.0/src/system/function_system.rs,52,1125,1
system{name="lod::scene::bounds_patch::patch_scene_bounds<chico_groves::temperate_massives::vc::TemperateMassives, lod_avian::AvianLodSceneBoundsMarshaller>"},/Users/l-monninger/.cargo/registry/src/index.crates.io-1949cf8c6b5b557f/bevy_ecs-0.19.0/src/system/function_system.rs,52,1125,1
system{name="bevy_render::render_phase::sort_phase_system<bevy_ui_render::render_pass::TransparentUi>"},/Users/l-monninger/.cargo/registry/src/index.crates.io-1949cf8c6b5b557f/bevy_ecs-0.19.0/src/system/function_system.rs,52,1125,1
system{name="<bevy_light::gizmos::LightGizmoPlugin as bevy_app::plugin::Plugin>::build::{{closure}}"},/Users/l-monninger/.cargo/registry/src/index.crates.io-1949cf8c6b5b557f/bevy_ecs-0.19.0/src/system/function_system.rs,52,1125,1
system{name="bevy_sprite_render::render::queue_sprites"},/Users/l-monninger/.cargo/registry/src/index.crates.io-1949cf8c6b5b557f/bevy_ecs-0.19.0/src/system/function_system.rs,52,1125,1
system{name="lod::scene::refresh::cull_regions::enqueue::produce_lod_cull_for_region<lod_avian::AvianLodSceneRegionIndex<'_, '_, chico_vegetation_components::FlattenedComponentsOnly<chico_vegetation_components::placed_vegetation::PlacedVegetation<alloc::sync::Arc<chico_sbs_trees::vase_tree::VaseTree>>>>, chico_sbs_trees_playground::vegetation_lod::VegetationCull, chico_vegetation_components::FlattenedComponentsOnly<chico_vegetation_components::placed_vegetation::PlacedVegetation<alloc::sync::Arc<chico_sbs_trees::vase_tree::VaseTree>>>, bevy_ecs::query::filter::With<bevy_camera::camera::Camera>>"},/Users/l-monninger/.cargo/registry/src/index.crates.io-1949cf8c6b5b557f/bevy_ecs-0.19.0/src/system/function_system.rs,52,1125,1
system{name="lod::scene::refresh::cull_regions::enqueue::produce_lod_cull_for_region<lod_avian::AvianLodSceneRegionIndex<'_, '_, chico_vegetation_components::FlattenedComponentsOnly<chico_vegetation_components::placed_vegetation::PlacedVegetation<alloc::sync::Arc<chico_sbs_trees::jungle_storybook_tree::JungleStorybookTree>>>>, chico_sbs_trees_playground::vegetation_lod::VegetationCull, chico_vegetation_components::FlattenedComponentsOnly<chico_vegetation_components::placed_vegetation::PlacedVegetation<alloc::sync::Arc<chico_sbs_trees::jungle_storybook_tree::JungleStorybookTree>>>, bevy_ecs::query::filter::With<bevy_camera::camera::Camera>>"},/Users/l-monninger/.cargo/registry/src/index.crates.io-1949cf8c6b5b557f/bevy_ecs-0.19.0/src/system/function_system.rs,52,1125,1
system{name="lod::scene::refresh::cull_regions::enqueue::produce_lod_cull_for_region<lod_avian::AvianLodSceneRegionIndex<'_, '_, chico_vegetation_components::ComponentsOnly<chico_vegetation_components::placed_vegetation::PlacedVegetation<chico_sbs_trees::braid_oak_tree::BraidOakTree>>>, chico_sbs_trees_playground::vegetation_lod::VegetationCull, chico_vegetation_components::ComponentsOnly<chico_vegetation_components::placed_vegetation::PlacedVegetation<chico_sbs_trees::braid_oak_tree::BraidOakTree>>, bevy_ecs::query::filter::With<bevy_camera::camera::Camera>>"},/Users/l-monninger/.cargo/registry/src/index.crates.io-1949cf8c6b5b557f/bevy_ecs-0.19.0/src/system/function_system.rs,52,1125,1
system{name="lod::scene::refresh::sync::chunk::begin::begin_chunk_lod_fulfill<chico_vegetation_components::ComponentsOnly<chico_vegetation_components::placed_vegetation::PlacedVegetation<chico_sbs_trees::high_bush_shoots::HighBushShoots>>>"},/Users/l-monninger/.cargo/registry/src/index.crates.io-1949cf8c6b5b557f/bevy_ecs-0.19.0/src/system/function_system.rs,52,1125,1
system{name="render_item::mesh::fetch_meshes<render_item::mesh::handle::MeshHandle<sdf_common::noisy::NoisySurface<sdf_common::ball::Ball>>, chico_vegetation_shaders::chico_leaf_material::ChicoLeafMaterial>"},/Users/l-monninger/.cargo/registry/src/index.crates.io-1949cf8c6b5b557f/bevy_ecs-0.19.0/src/system/function_system.rs,52,1125,1
system{name="bevy_asset::assets::Assets<bevy_animation::graph::AnimationGraph>::track_assets"},/Users/l-monninger/.cargo/registry/src/index.crates.io-1949cf8c6b5b557f/bevy_ecs-0.19.0/src/system/function_system.rs,52,1125,1
system{name="bevy_asset::assets::Assets<bevy_sprite_render::sprite_mesh::sprite_material::SpriteMaterial>::track_assets"},/Users/l-monninger/.cargo/registry/src/index.crates.io-1949cf8c6b5b557f/bevy_ecs-0.19.0/src/system/function_system.rs,52,1125,1
system{name="lod::scene::refresh::sync::chunk::begin::begin_chunk_lod_fulfill<chico_groves::jerrys_chaparral::vc::JerrysChaparral>"},/Users/l-monninger/.cargo/registry/src/index.crates.io-1949cf8c6b5b557f/bevy_ecs-0.19.0/src/system/function_system.rs,52,1125,1
system{name="lod::scene::refresh::cull_regions::enqueue::produce_lod_cull_for_region<lod_avian::AvianLodSceneRegionIndex<'_, '_, chico_groves::wandering_acacia::vc::WanderingAcacia>, chico_sbs_trees_playground::vegetation_lod::VegetationCull, chico_groves::wandering_acacia::vc::WanderingAcacia, bevy_ecs::query::filter::With<bevy_camera::camera::Camera>>"},/Users/l-monninger/.cargo/registry/src/index.crates.io-1949cf8c6b5b557f/bevy_ecs-0.19.0/src/system/function_system.rs,52,1125,1
system{name="lod::scene::refresh::cull_regions::enqueue::produce_lod_cull_for_region<lod_avian::AvianLodSceneRegionIndex<'_, '_, chico_groves::shamanhome::vc::Shamanhome>, chico_sbs_trees_playground::vegetation_lod::VegetationCull, chico_groves::shamanhome::vc::Shamanhome, bevy_ecs::query::filter::With<bevy_camera::camera::Camera>>"},/Users/l-monninger/.cargo/registry/src/index.crates.io-1949cf8c6b5b557f/bevy_ecs-0.19.0/src/system/function_system.rs,52,1125,1
system{name="bevy_app::propagate::update_source<bevy_ui::ui_node::ComputedUiRenderTargetInfo, (), bevy_ecs::hierarchy::ChildOf>"},/Users/l-monninger/.cargo/registry/src/index.crates.io-1949cf8c6b5b557f/bevy_ecs-0.19.0/src/system/function_system.rs,52,1125,1
system{name="lod::scene::refresh::levels::produce::produce_lod_refresh_levels<chico_vegetation_components::ComponentsOnly<chico_vegetation_components::placed_vegetation::PlacedVegetation<chico_sbs_trees::palm_bush::PalmBush>>>"},/Users/l-monninger/.cargo/registry/src/index.crates.io-1949cf8c6b5b557f/bevy_ecs-0.19.0/src/system/function_system.rs,52,1125,1
system{name="bevy_render::batching::gpu_preprocessing::batch_and_prepare_sorted_render_phase<bevy_core_pipeline::core_3d::Transparent3d, bevy_pbr::render::mesh::MeshPipeline>"},/Users/l-monninger/.cargo/registry/src/index.crates.io-1949cf8c6b5b557f/bevy_ecs-0.19.0/src/system/function_system.rs,52,1125,1
system{name="lod::scene::refresh::levels::produce::produce_lod_refresh_levels<chico_groves::leeward::vc::Leeward>"},/Users/l-monninger/.cargo/registry/src/index.crates.io-1949cf8c6b5b557f/bevy_ecs-0.19.0/src/system/function_system.rs,52,1125,1
par_for_each{query="bevy_ecs::entity::Entity" filter="(bevy_ecs::query::filter::Or<(bevy_ecs::query::filter::Changed<bevy_mesh::components::Mesh3d>, bevy_asset::asset_changed::AssetChanged<bevy_mesh::components::Mesh3d>, bevy_ecs::query::filter::Changed<bevy_pbr::mesh_material::MeshMaterial3d<chico_sbs_trees_playground::checkerboard_material::CheckerboardMaterial>>, bevy_asset::asset_changed::AssetChanged<bevy_pbr::mesh_material::MeshMaterial3d<chico_sbs_trees_playground::checkerboard_material::CheckerboardMaterial>>)>, bevy_ecs::query::filter::With<bevy_pbr::mesh_material::MeshMaterial3d<chico_sbs_trees_playground::checkerboard_material::CheckerboardMaterial>>)"},/Users/l-monninger/.cargo/registry/src/index.crates.io-1949cf8c6b5b557f/bevy_ecs-0.19.0/src/query/state.rs,297,1125,1
system{name="lod::scene::refresh::sync::chunk::begin::begin_chunk_lod_fulfill<chico_groves::riparian_mix::vc::RiparianMix>"},/Users/l-monninger/.cargo/registry/src/index.crates.io-1949cf8c6b5b557f/bevy_ecs-0.19.0/src/system/function_system.rs,52,1125,1
system{name="bevy_core_pipeline::oit::check_msaa"},/Users/l-monninger/.cargo/registry/src/index.crates.io-1949cf8c6b5b557f/bevy_ecs-0.19.0/src/system/function_system.rs,52,1125,1
system{name="bevy_pbr::material::mark_meshes_as_changed_if_their_materials_changed<bevy_pbr::extended_material::ExtendedMaterial<bevy_pbr::pbr_material::StandardMaterial, bevy_pbr::decal::forward::ForwardDecalMaterialExt>>"},/Users/l-monninger/.cargo/registry/src/index.crates.io-1949cf8c6b5b557f/bevy_ecs-0.19.0/src/system/function_system.rs,52,1125,1
system{name="lod::scene::bounds_patch::patch_scene_bounds<chico_groves::palm_shade::vc::PalmShade, lod_avian::AvianLodSceneBoundsMarshaller>"},/Users/l-monninger/.cargo/registry/src/index.crates.io-1949cf8c6b5b557f/bevy_ecs-0.19.0/src/system/function_system.rs,52,1125,1
{shadow_directional_light_1_cascade_2},/Users/l-monninger/.cargo/registry/src/index.crates.io-1949cf8c6b5b557f/bevy_pbr-0.19.0/src/render/light.rs,2830,1125,1
{shadow_directional_light_1_cascade_3},/Users/l-monninger/.cargo/registry/src/index.crates.io-1949cf8c6b5b557f/bevy_pbr-0.19.0/src/render/light.rs,2830,1125,1
system{name="bevy_render::batching::gpu_preprocessing::batch_and_prepare_sorted_render_phase<bevy_pbr::transmission::phase::Transmissive3d, bevy_pbr::render::mesh::MeshPipeline>"},/Users/l-monninger/.cargo/registry/src/index.crates.io-1949cf8c6b5b557f/bevy_ecs-0.19.0/src/system/function_system.rs,52,1125,1
system{name="bevy_core_pipeline::tonemapping::node::tonemapping"},/Users/l-monninger/.cargo/registry/src/index.crates.io-1949cf8c6b5b557f/bevy_ecs-0.19.0/src/system/function_system.rs,52,1084,1
system{name="lod::scene::refresh::sync::chunk::begin::begin_chunk_lod_fulfill<chico_groves::palm_shade::vc::PalmShade>"},/Users/l-monninger/.cargo/registry/src/index.crates.io-1949cf8c6b5b557f/bevy_ecs-0.19.0/src/system/function_system.rs,52,1084,1
system{name="bevy_render::render_asset::prepare_assets<bevy_pbr::medium::GpuScatteringMedium>"},/Users/l-monninger/.cargo/registry/src/index.crates.io-1949cf8c6b5b557f/bevy_ecs-0.19.0/src/system/function_system.rs,52,1084,1
system{name="bevy_gilrs::rumble::play_gilrs_rumble"},/Users/l-monninger/.cargo/registry/src/index.crates.io-1949cf8c6b5b557f/bevy_ecs-0.19.0/src/system/function_system.rs,52,1084,1
system{name="bevy_camera::visibility::update_skinned_mesh_bounds"},/Users/l-monninger/.cargo/registry/src/index.crates.io-1949cf8c6b5b557f/bevy_ecs-0.19.0/src/system/function_system.rs,52,1084,1
system{name="lod::scene::refresh::cull_regions::enqueue::produce_lod_cull_for_region<lod_avian::AvianLodSceneRegionIndex<'_, '_, chico_vegetation_components::FlattenedComponentsOnly<chico_vegetation_components::placed_vegetation::PlacedVegetation<alloc::sync::Arc<chico_sbs_trees::kamakura_torch::KamakuraTorch>>>>, chico_sbs_trees_playground::vegetation_lod::VegetationCull, chico_vegetation_components::FlattenedComponentsOnly<chico_vegetation_components::placed_vegetation::PlacedVegetation<alloc::sync::Arc<chico_sbs_trees::kamakura_torch::KamakuraTorch>>>, bevy_ecs::query::filter::With<bevy_camera::camera::Camera>>"},/Users/l-monninger/.cargo/registry/src/index.crates.io-1949cf8c6b5b557f/bevy_ecs-0.19.0/src/system/function_system.rs,52,1084,1
system{name="bevy_asset::assets::Assets<bevy_sprite_render::mesh2d::color_material::ColorMaterial>::track_assets"},/Users/l-monninger/.cargo/registry/src/index.crates.io-1949cf8c6b5b557f/bevy_ecs-0.19.0/src/system/function_system.rs,52,1084,1
system{name="lod::scene::bounds_patch::patch_scene_bounds<chico_vegetation_components::ComponentsOnly<chico_sbs_trees::palm_bush::PalmBush>, lod_avian::AvianLodSceneBoundsMarshaller>"},/Users/l-monninger/.cargo/registry/src/index.crates.io-1949cf8c6b5b557f/bevy_ecs-0.19.0/src/system/function_system.rs,52,1083,1
system{name="bevy_sprite_render::texture_slice::computed_slices::compute_slices_on_sprite_change"},/Users/l-monninger/.cargo/registry/src/index.crates.io-1949cf8c6b5b557f/bevy_ecs-0.19.0/src/system/function_system.rs,52,1083,1
system{name="bevy_ui::update::update_clipping_system"},/Users/l-monninger/.cargo/registry/src/index.crates.io-1949cf8c6b5b557f/bevy_ecs-0.19.0/src/system/function_system.rs,52,1083,1
system{name="lod::scene::refresh::cull_regions::enqueue::produce_lod_cull_for_region<lod_avian::AvianLodSceneRegionIndex<'_, '_, chico_vegetation_components::FlattenedComponentsOnly<chico_vegetation_components::placed_vegetation::PlacedVegetation<alloc::sync::Arc<chico_sbs_trees::braid_oak_tree::BraidOakTree>>>>, chico_sbs_trees_playground::vegetation_lod::VegetationCull, chico_vegetation_components::FlattenedComponentsOnly<chico_vegetation_components::placed_vegetation::PlacedVegetation<alloc::sync::Arc<chico_sbs_trees::braid_oak_tree::BraidOakTree>>>, bevy_ecs::query::filter::With<bevy_camera::camera::Camera>>"},/Users/l-monninger/.cargo/registry/src/index.crates.io-1949cf8c6b5b557f/bevy_ecs-0.19.0/src/system/function_system.rs,52,1083,1
system{name="lod::scene::refresh::cull_regions::enqueue::produce_lod_cull_for_region<lod_avian::AvianLodSceneRegionIndex<'_, '_, chico_groves::date_grove::vc::DateGrove>, chico_sbs_trees_playground::vegetation_lod::VegetationCull, chico_groves::date_grove::vc::DateGrove, bevy_ecs::query::filter::With<bevy_camera::camera::Camera>>"},/Users/l-monninger/.cargo/registry/src/index.crates.io-1949cf8c6b5b557f/bevy_ecs-0.19.0/src/system/function_system.rs,52,1083,1
system{name="bevy_sprite::calculate_bounds_2d_sprite_mesh"},/Users/l-monninger/.cargo/registry/src/index.crates.io-1949cf8c6b5b557f/bevy_ecs-0.19.0/src/system/function_system.rs,52,1083,1
system{name="bevy_gizmos::global::flush_global_gizmos"},/Users/l-monninger/.cargo/registry/src/index.crates.io-1949cf8c6b5b557f/bevy_ecs-0.19.0/src/system/function_system.rs,52,1083,1
system_commands{name="bevy_pbr::deferred::prepare_deferred_lighting_pipelines"},/Users/l-monninger/.cargo/registry/src/index.crates.io-1949cf8c6b5b557f/bevy_ecs-0.19.0/src/system/function_system.rs,54,1083,1
system{name="avian3d::dynamics::integrator::pre_process_velocity_increments"},/Users/l-monninger/.cargo/registry/src/index.crates.io-1949cf8c6b5b557f/bevy_ecs-0.19.0/src/system/function_system.rs,52,1083,1
system{name="bevy_pbr::render::light::extract_shadow_filtering_method"},/Users/l-monninger/.cargo/registry/src/index.crates.io-1949cf8c6b5b557f/bevy_ecs-0.19.0/src/system/function_system.rs,52,1083,1
system{name="lod::scene::refresh::cull_regions::enqueue::produce_lod_cull_for_region<lod_avian::AvianLodSceneRegionIndex<'_, '_, chico_groves::arid_conifer_sapling::vc::AridConiferSapling>, chico_sbs_trees_playground::vegetation_lod::VegetationCull, chico_groves::arid_conifer_sapling::vc::AridConiferSapling, bevy_ecs::query::filter::With<bevy_camera::camera::Camera>>"},/Users/l-monninger/.cargo/registry/src/index.crates.io-1949cf8c6b5b557f/bevy_ecs-0.19.0/src/system/function_system.rs,52,1083,1
system{name="lod::scene::bounds_patch::patch_scene_bounds<chico_groves::date_grove::vc::DateGrove, lod_avian::AvianLodSceneBoundsMarshaller>"},/Users/l-monninger/.cargo/registry/src/index.crates.io-1949cf8c6b5b557f/bevy_ecs-0.19.0/src/system/function_system.rs,52,1083,1
system_commands{name="bevy_post_process::msaa_writeback::prepare_msaa_writeback_pipelines"},/Users/l-monninger/.cargo/registry/src/index.crates.io-1949cf8c6b5b557f/bevy_ecs-0.19.0/src/system/function_system.rs,54,1083,1
system{name="lod::scene::refresh::cull_regions::enqueue::produce_lod_cull_for_region<lod_avian::AvianLodSceneRegionIndex<'_, '_, chico_vegetation_components::ComponentsOnly<chico_vegetation_components::placed_vegetation::PlacedVegetation<chico_sbs_trees::date_palm::DatePalm>>>, chico_sbs_trees_playground::vegetation_lod::VegetationCull, chico_vegetation_components::ComponentsOnly<chico_vegetation_components::placed_vegetation::PlacedVegetation<chico_sbs_trees::date_palm::DatePalm>>, bevy_ecs::query::filter::With<bevy_camera::camera::Camera>>"},/Users/l-monninger/.cargo/registry/src/index.crates.io-1949cf8c6b5b557f/bevy_ecs-0.19.0/src/system/function_system.rs,52,1083,1
system{name="lod::scene::bounds_patch::patch_scene_bounds<chico_groves::low_bush::vc::LowBush, lod_avian::AvianLodSceneBoundsMarshaller>"},/Users/l-monninger/.cargo/registry/src/index.crates.io-1949cf8c6b5b557f/bevy_ecs-0.19.0/src/system/function_system.rs,52,1083,1
system{name="bevy_ui_widgets::scrollbar::update_scrollbar_thumb"},/Users/l-monninger/.cargo/registry/src/index.crates.io-1949cf8c6b5b557f/bevy_ecs-0.19.0/src/system/function_system.rs,52,1042,1
system_commands{name="bevy_app::propagate::update_source<bevy_ui::ui_node::ComputedUiRenderTargetInfo, (), bevy_ecs::hierarchy::ChildOf>"},/Users/l-monninger/.cargo/registry/src/index.crates.io-1949cf8c6b5b557f/bevy_ecs-0.19.0/src/system/function_system.rs,54,1042,1
system{name="bevy_asset::assets::Assets<bevy_audio::audio_source::AudioSource>::track_assets"},/Users/l-monninger/.cargo/registry/src/index.crates.io-1949cf8c6b5b557f/bevy_ecs-0.19.0/src/system/function_system.rs,52,1042,1
system{name="bevy_pbr::render::skin::extract_skins"},/Users/l-monninger/.cargo/registry/src/index.crates.io-1949cf8c6b5b557f/bevy_ecs-0.19.0/src/system/function_system.rs,52,1042,1
RenderContextState::apply{system=bevy_core_pipeline::mip_generation::experimental::depth::early_downsample_depth},/Users/l-monninger/.cargo/registry/src/index.crates.io-1949cf8c6b5b557f/bevy_render-0.19.0/src/renderer/render_context.rs,110,1042,1
system{name="chico_sbs_trees_playground::camera::camera_controller"},/Users/l-monninger/.cargo/registry/src/index.crates.io-1949cf8c6b5b557f/bevy_ecs-0.19.0/src/system/function_system.rs,52,1042,1
system{name="bevy_pbr::light_probe::gather_light_probes<bevy_light::probe::IrradianceVolume>"},/Users/l-monninger/.cargo/registry/src/index.crates.io-1949cf8c6b5b557f/bevy_ecs-0.19.0/src/system/function_system.rs,52,1042,1
system{name="bevy_transform_interpolation::hermite::ease_rotation_hermite<avian3d::interpolation::AngVelSource>"},/Users/l-monninger/.cargo/registry/src/index.crates.io-1949cf8c6b5b557f/bevy_ecs-0.19.0/src/system/function_system.rs,52,1042,1
system{name="<bevy_gizmos::frustum::FrustumGizmoPlugin as bevy_app::plugin::Plugin>::build::{{closure}}"},/Users/l-monninger/.cargo/registry/src/index.crates.io-1949cf8c6b5b557f/bevy_ecs-0.19.0/src/system/function_system.rs,52,1042,1
system{name="lod::scene::refresh::sync::chunk::begin::begin_chunk_lod_fulfill<chico_groves::spotty_bushes::vc::SpottyBushes>"},/Users/l-monninger/.cargo/registry/src/index.crates.io-1949cf8c6b5b557f/bevy_ecs-0.19.0/src/system/function_system.rs,52,1042,1
RenderContextState::apply{system=bevy_pbr::ssao::ssao},/Users/l-monninger/.cargo/registry/src/index.crates.io-1949cf8c6b5b557f/bevy_render-0.19.0/src/renderer/render_context.rs,110,1042,1
system{name="bevy_winit::system::check_keyboard_focus_lost"},/Users/l-monninger/.cargo/registry/src/index.crates.io-1949cf8c6b5b557f/bevy_ecs-0.19.0/src/system/function_system.rs,52,1042,1
system{name="lod::scene::refresh::cull_regions::enqueue::produce_lod_cull_for_region<lod_avian::AvianLodSceneRegionIndex<'_, '_, chico_groves::riverine_green::vc::RiverineGreen>, chico_sbs_trees_playground::vegetation_lod::VegetationCull, chico_groves::riverine_green::vc::RiverineGreen, bevy_ecs::query::filter::With<bevy_camera::camera::Camera>>"},/Users/l-monninger/.cargo/registry/src/index.crates.io-1949cf8c6b5b557f/bevy_ecs-0.19.0/src/system/function_system.rs,52,1042,1
system{name="lod::scene::refresh::cull_regions::enqueue::produce_lod_cull_for_region<lod_avian::AvianLodSceneRegionIndex<'_, '_, chico_vegetation_components::FlattenedComponentsOnly<chico_vegetation_components::placed_vegetation::PlacedVegetation<alloc::sync::Arc<chico_sbs_trees::penmarch_torch::PenmarchTorch>>>>, chico_sbs_trees_playground::vegetation_lod::VegetationCull, chico_vegetation_components::FlattenedComponentsOnly<chico_vegetation_components::placed_vegetation::PlacedVegetation<alloc::sync::Arc<chico_sbs_trees::penmarch_torch::PenmarchTorch>>>, bevy_ecs::query::filter::With<bevy_camera::camera::Camera>>"},/Users/l-monninger/.cargo/registry/src/index.crates.io-1949cf8c6b5b557f/bevy_ecs-0.19.0/src/system/function_system.rs,52,1042,1
system{name="bevy_winit::accessibility::window_closed"},/Users/l-monninger/.cargo/registry/src/index.crates.io-1949cf8c6b5b557f/bevy_ecs-0.19.0/src/system/function_system.rs,52,1042,1
system{name="lod::scene::refresh::sync::chunk::begin::begin_chunk_lod_fulfill<chico_vegetation_components::ComponentsOnly<chico_sbs_trees::sopes_banyan::SopesBanyan>>"},/Users/l-monninger/.cargo/registry/src/index.crates.io-1949cf8c6b5b557f/bevy_ecs-0.19.0/src/system/function_system.rs,52,1041,1
RenderContextState::apply{system=bevy_anti_alias::fxaa::node::fxaa},/Users/l-monninger/.cargo/registry/src/index.crates.io-1949cf8c6b5b557f/bevy_render-0.19.0/src/renderer/render_context.rs,110,1041,1
system{name="lod::scene::bounds_patch::patch_scene_bounds<chico_vegetation_components::ComponentsOnly<chico_sbs_trees::sopes_banyan::SopesBanyan>, lod_avian::AvianLodSceneBoundsMarshaller>"},/Users/l-monninger/.cargo/registry/src/index.crates.io-1949cf8c6b5b557f/bevy_ecs-0.19.0/src/system/function_system.rs,52,1041,1
system{name="lod::scene::bounds_patch::patch_scene_bounds<chico_groves::leeward::vc::Leeward, lod_avian::AvianLodSceneBoundsMarshaller>"},/Users/l-monninger/.cargo/registry/src/index.crates.io-1949cf8c6b5b557f/bevy_ecs-0.19.0/src/system/function_system.rs,52,1041,1
system{name="lod::scene::refresh::sync::chunk::begin::begin_chunk_lod_fulfill<chico_vegetation_components::FlattenedComponentsOnly<chico_vegetation_components::placed_vegetation::PlacedVegetation<alloc::sync::Arc<chico_sbs_trees::storybook_tree::StorybookTree>>>>"},/Users/l-monninger/.cargo/registry/src/index.crates.io-1949cf8c6b5b557f/bevy_ecs-0.19.0/src/system/function_system.rs,52,1041,1
system{name="bevy_asset::assets::Assets<bevy_mesh::mesh::Mesh>::track_assets"},/Users/l-monninger/.cargo/registry/src/index.crates.io-1949cf8c6b5b557f/bevy_ecs-0.19.0/src/system/function_system.rs,52,1041,1
system{name="bevy_sprite_render::text2d::extract_text2d_sprite"},/Users/l-monninger/.cargo/registry/src/index.crates.io-1949cf8c6b5b557f/bevy_ecs-0.19.0/src/system/function_system.rs,52,1041,1
system{name="bevy_asset::assets::Assets<bevy_text::font::Font>::track_assets"},/Users/l-monninger/.cargo/registry/src/index.crates.io-1949cf8c6b5b557f/bevy_ecs-0.19.0/src/system/function_system.rs,52,1041,1
system{name="bevy_asset::assets::Assets<bevy_gltf::assets::GltfMesh>::track_assets"},/Users/l-monninger/.cargo/registry/src/index.crates.io-1949cf8c6b5b557f/bevy_ecs-0.19.0/src/system/function_system.rs,52,1041,1
system{name="lod::scene::refresh::cull_regions::enqueue::produce_lod_cull_for_region<lod_avian::AvianLodSceneRegionIndex<'_, '_, chico_vegetation_components::ComponentsOnly<chico_vegetation_components::placed_vegetation::PlacedVegetation<chico_sbs_trees::honu_banyan::HonuBanyan>>>, chico_sbs_trees_playground::vegetation_lod::VegetationCull, chico_vegetation_components::ComponentsOnly<chico_vegetation_components::placed_vegetation::PlacedVegetation<chico_sbs_trees::honu_banyan::HonuBanyan>>, bevy_ecs::query::filter::With<bevy_camera::camera::Camera>>"},/Users/l-monninger/.cargo/registry/src/index.crates.io-1949cf8c6b5b557f/bevy_ecs-0.19.0/src/system/function_system.rs,52,1041,1
system{name="bevy_anti_alias::smaa::prepare_smaa_bind_groups"},/Users/l-monninger/.cargo/registry/src/index.crates.io-1949cf8c6b5b557f/bevy_ecs-0.19.0/src/system/function_system.rs,52,1041,1
system{name="bevy_audio::audio_output::cleanup_finished_audio<bevy_audio::audio_source::AudioSource>"},/Users/l-monninger/.cargo/registry/src/index.crates.io-1949cf8c6b5b557f/bevy_ecs-0.19.0/src/system/function_system.rs,52,1041,1
system{name="bevy_render::batching::gpu_preprocessing::collect_buffers_for_phase<bevy_core_pipeline::prepass::Opaque3dPrepass, bevy_pbr::render::mesh::MeshPipeline>"},/Users/l-monninger/.cargo/registry/src/index.crates.io-1949cf8c6b5b557f/bevy_ecs-0.19.0/src/system/function_system.rs,52,1041,1
system{name="lod::scene::bounds_patch::patch_scene_bounds<chico_vegetation_components::ComponentsOnly<chico_sbs_trees::braid_oak_tree::BraidOakTree>, lod_avian::AvianLodSceneBoundsMarshaller>"},/Users/l-monninger/.cargo/registry/src/index.crates.io-1949cf8c6b5b557f/bevy_ecs-0.19.0/src/system/function_system.rs,52,1000,1
system{name="bevy_core_pipeline::core_3d::extract_core_3d_camera_phases"},/Users/l-monninger/.cargo/registry/src/index.crates.io-1949cf8c6b5b557f/bevy_ecs-0.19.0/src/system/function_system.rs,52,1000,1
system{name="lod::scene::bounds_patch::patch_scene_bounds<chico_groves::temperate_lower_massives::vc::TemperateLowerMassives, lod_avian::AvianLodSceneBoundsMarshaller>"},/Users/l-monninger/.cargo/registry/src/index.crates.io-1949cf8c6b5b557f/bevy_ecs-0.19.0/src/system/function_system.rs,52,1000,1
system{name="lod::scene::bounds_patch::patch_scene_bounds<chico_groves::conifer_sapling::vc::ConiferSapling, lod_avian::AvianLodSceneBoundsMarshaller>"},/Users/l-monninger/.cargo/registry/src/index.crates.io-1949cf8c6b5b557f/bevy_ecs-0.19.0/src/system/function_system.rs,52,1000,1
system{name="bevy_pbr::cluster::gpu::prepare_cluster_dummy_textures"},/Users/l-monninger/.cargo/registry/src/index.crates.io-1949cf8c6b5b557f/bevy_ecs-0.19.0/src/system/function_system.rs,52,1000,1
system{name="bevy_core_pipeline::oit::resolve::queue_oit_resolve_pipeline"},/Users/l-monninger/.cargo/registry/src/index.crates.io-1949cf8c6b5b557f/bevy_ecs-0.19.0/src/system/function_system.rs,52,1000,1
system{name="lod::scene::refresh::sync::chunk::begin::begin_chunk_lod_fulfill<chico_groves::shamanhome::vc::Shamanhome>"},/Users/l-monninger/.cargo/registry/src/index.crates.io-1949cf8c6b5b557f/bevy_ecs-0.19.0/src/system/function_system.rs,52,1000,1
system{name="bevy_asset::assets::Assets<bevy_image::texture_atlas::TextureAtlasLayout>::track_assets"},/Users/l-monninger/.cargo/registry/src/index.crates.io-1949cf8c6b5b557f/bevy_ecs-0.19.0/src/system/function_system.rs,52,1000,1
system{name="lod::scene::bounds_patch::patch_scene_bounds<chico_vegetation_components::ComponentsOnly<chico_sbs_trees::vase_tree::VaseTree>, lod_avian::AvianLodSceneBoundsMarshaller>"},/Users/l-monninger/.cargo/registry/src/index.crates.io-1949cf8c6b5b557f/bevy_ecs-0.19.0/src/system/function_system.rs,52,1000,1
system{name="lod::scene::bounds_patch::patch_scene_bounds<chico_groves::dryland::vc::Dryland, lod_avian::AvianLodSceneBoundsMarshaller>"},/Users/l-monninger/.cargo/registry/src/index.crates.io-1949cf8c6b5b557f/bevy_ecs-0.19.0/src/system/function_system.rs,52,1000,1
system{name="bevy_input_focus::dispatch_focused_input<bevy_input::keyboard::KeyboardInput>"},/Users/l-monninger/.cargo/registry/src/index.crates.io-1949cf8c6b5b557f/bevy_ecs-0.19.0/src/system/function_system.rs,52,1000,1
system{name="bevy_window::system::exit_on_all_closed"},/Users/l-monninger/.cargo/registry/src/index.crates.io-1949cf8c6b5b557f/bevy_ecs-0.19.0/src/system/function_system.rs,52,1000,1
system{name="bevy_pbr::render::light::check_views_lights_need_specialization"},/Users/l-monninger/.cargo/registry/src/index.crates.io-1949cf8c6b5b557f/bevy_ecs-0.19.0/src/system/function_system.rs,52,1000,1
system{name="bevy_asset::assets::Assets<chico_sbs_trees_playground::checkerboard_material::CheckerboardMaterial>::track_assets"},/Users/l-monninger/.cargo/registry/src/index.crates.io-1949cf8c6b5b557f/bevy_ecs-0.19.0/src/system/function_system.rs,52,1000,1
system{name="bevy_render::batching::gpu_preprocessing::collect_buffers_for_phase<bevy_core_pipeline::deferred::AlphaMask3dDeferred, bevy_pbr::render::mesh::MeshPipeline>"},/Users/l-monninger/.cargo/registry/src/index.crates.io-1949cf8c6b5b557f/bevy_ecs-0.19.0/src/system/function_system.rs,52,1000,1
system{name="bevy_render::batching::sort_binned_render_phase<bevy_pbr::render::light::Shadow>"},/Users/l-monninger/.cargo/registry/src/index.crates.io-1949cf8c6b5b557f/bevy_ecs-0.19.0/src/system/function_system.rs,52,1000,1
system{name="bevy_asset::assets::Assets<bevy_asset::assets::LoadedUntypedAsset>::track_assets"},/Users/l-monninger/.cargo/registry/src/index.crates.io-1949cf8c6b5b557f/bevy_ecs-0.19.0/src/system/function_system.rs,52,1000,1
system{name="bevy_render::extract_instances::extract_all<bevy_pbr::light_probe::environment_map::EnvironmentMapIds>"},/Users/l-monninger/.cargo/registry/src/index.crates.io-1949cf8c6b5b557f/bevy_ecs-0.19.0/src/system/function_system.rs,52,1000,1
system{name="lod::scene::refresh::cull_regions::enqueue::produce_lod_cull_for_region<lod_avian::AvianLodSceneRegionIndex<'_, '_, chico_groves::vineyard::vc::Vineyard>, chico_sbs_trees_playground::vegetation_lod::VegetationCull, chico_groves::vineyard::vc::Vineyard, bevy_ecs::query::filter::With<bevy_camera::camera::Camera>>"},/Users/l-monninger/.cargo/registry/src/index.crates.io-1949cf8c6b5b557f/bevy_ecs-0.19.0/src/system/function_system.rs,52,1000,1
system{name="bevy_ui::widget::text_input_layout::update_editable_text_layout"},/Users/l-monninger/.cargo/registry/src/index.crates.io-1949cf8c6b5b557f/bevy_ecs-0.19.0/src/system/function_system.rs,52,1000,1
system{name="lod::scene::refresh::cull_regions::enqueue::produce_lod_cull_for_region<lod_avian::AvianLodSceneRegionIndex<'_, '_, chico_groves::trade_winds::vc::TradeWinds>, chico_sbs_trees_playground::vegetation_lod::VegetationCull, chico_groves::trade_winds::vc::TradeWinds, bevy_ecs::query::filter::With<bevy_camera::camera::Camera>>"},/Users/l-monninger/.cargo/registry/src/index.crates.io-1949cf8c6b5b557f/bevy_ecs-0.19.0/src/system/function_system.rs,52,1000,1
system{name="bevy_render::view::clear_view_attachments"},/Users/l-monninger/.cargo/registry/src/index.crates.io-1949cf8c6b5b557f/bevy_ecs-0.19.0/src/system/function_system.rs,52,1000,1
system{name="lod::scene::refresh::cull_regions::enqueue::produce_lod_cull_for_region<lod_avian::AvianLodSceneRegionIndex<'_, '_, chico_groves::tropical_undergrowth::vc::TropicalUndergrowth>, chico_sbs_trees_playground::vegetation_lod::VegetationCull, chico_groves::tropical_undergrowth::vc::TropicalUndergrowth, bevy_ecs::query::filter::With<bevy_camera::camera::Camera>>"},/Users/l-monninger/.cargo/registry/src/index.crates.io-1949cf8c6b5b557f/bevy_ecs-0.19.0/src/system/function_system.rs,52,1000,1
system{name="bevy_asset::assets::Assets<bevy_render::storage::ShaderBuffer>::track_assets"},/Users/l-monninger/.cargo/registry/src/index.crates.io-1949cf8c6b5b557f/bevy_ecs-0.19.0/src/system/function_system.rs,52,1000,1
check_conditions{name="avian3d::dynamics::solver::islands::sleeping::sleep_islands"},/Users/l-monninger/.cargo/registry/src/index.crates.io-1949cf8c6b5b557f/bevy_ecs-0.19.0/src/schedule/executor/single_threaded.rs,77,1000,1
system{name="render_item::mesh::fetch_meshes<render_item::mesh::handle::MeshHandle<sdf_common::noisy::NoisySurface<sdf_common::ball::Ball>>, bevy_pbr::pbr_material::StandardMaterial>"},/Users/l-monninger/.cargo/registry/src/index.crates.io-1949cf8c6b5b557f/bevy_ecs-0.19.0/src/system/function_system.rs,52,1000,1
system{name="lod::scene::refresh::cull_regions::enqueue::produce_lod_cull_for_region<lod_avian::AvianLodSceneRegionIndex<'_, '_, chico_groves::storytellers::vc::Storytellers>, chico_sbs_trees_playground::vegetation_lod::VegetationCull, chico_groves::storytellers::vc::Storytellers, bevy_ecs::query::filter::With<bevy_camera::camera::Camera>>"},/Users/l-monninger/.cargo/registry/src/index.crates.io-1949cf8c6b5b557f/bevy_ecs-0.19.0/src/system/function_system.rs,52,1000,1
system{name="lod::scene::bounds_patch::patch_scene_bounds<chico_groves::storytellers::vc::Storytellers, lod_avian::AvianLodSceneBoundsMarshaller>"},/Users/l-monninger/.cargo/registry/src/index.crates.io-1949cf8c6b5b557f/bevy_ecs-0.19.0/src/system/function_system.rs,52,1000,1
system{name="bevy_ui::widget::viewport::viewport_picking"},/Users/l-monninger/.cargo/registry/src/index.crates.io-1949cf8c6b5b557f/bevy_ecs-0.19.0/src/system/function_system.rs,52,1000,1
par_for_each{query="bevy_ecs::entity::Entity" filter="(bevy_ecs::query::filter::Or<(bevy_ecs::query::filter::Changed<bevy_mesh::components::Mesh3d>, bevy_asset::asset_changed::AssetChanged<bevy_mesh::components::Mesh3d>, bevy_ecs::query::filter::Changed<bevy_pbr::mesh_material::MeshMaterial3d<chico_vegetation_shaders::chico_leaf_material::ChicoLeafMaterial>>, bevy_asset::asset_changed::AssetChanged<bevy_pbr::mesh_material::MeshMaterial3d<chico_vegetation_shaders::chico_leaf_material::ChicoLeafMaterial>>)>, bevy_ecs::query::filter::With<bevy_pbr::mesh_material::MeshMaterial3d<chico_vegetation_shaders::chico_leaf_material::ChicoLeafMaterial>>)"},/Users/l-monninger/.cargo/registry/src/index.crates.io-1949cf8c6b5b557f/bevy_ecs-0.19.0/src/query/state.rs,297,5834,6
system{name="lod::scene::refresh::cull_regions::enqueue::produce_lod_cull_for_region<lod_avian::AvianLodSceneRegionIndex<'_, '_, chico_vegetation_components::ComponentsOnly<chico_vegetation_components::placed_vegetation::PlacedVegetation<chico_sbs_trees::sopes_banyan::SopesBanyan>>>, chico_sbs_trees_playground::vegetation_lod::VegetationCull, chico_vegetation_components::ComponentsOnly<chico_vegetation_components::placed_vegetation::PlacedVegetation<chico_sbs_trees::sopes_banyan::SopesBanyan>>, bevy_ecs::query::filter::With<bevy_camera::camera::Camera>>"},/Users/l-monninger/.cargo/registry/src/index.crates.io-1949cf8c6b5b557f/bevy_ecs-0.19.0/src/system/function_system.rs,52,959,1
system{name="lod::scene::bounds_patch::patch_scene_bounds<chico_vegetation_components::ComponentsOnly<chico_groves::monster_grass::vc::MonsterGrass>, lod_avian::AvianLodSceneBoundsMarshaller>"},/Users/l-monninger/.cargo/registry/src/index.crates.io-1949cf8c6b5b557f/bevy_ecs-0.19.0/src/system/function_system.rs,52,959,1
system{name="bevy_pbr::prepass::queue_prepass_material_meshes"},/Users/l-monninger/.cargo/registry/src/index.crates.io-1949cf8c6b5b557f/bevy_ecs-0.19.0/src/system/function_system.rs,52,959,1
system{name="bevy_render::batching::gpu_preprocessing::collect_buffers_for_phase<bevy_core_pipeline::deferred::Opaque3dDeferred, bevy_pbr::render::mesh::MeshPipeline>"},/Users/l-monninger/.cargo/registry/src/index.crates.io-1949cf8c6b5b557f/bevy_ecs-0.19.0/src/system/function_system.rs,52,959,1
system{name="bevy_sprite_render::render::prepare_sprite_image_bind_groups"},/Users/l-monninger/.cargo/registry/src/index.crates.io-1949cf8c6b5b557f/bevy_ecs-0.19.0/src/system/function_system.rs,52,959,1
system{name="bevy_ui_render::extract_uinode_borders"},/Users/l-monninger/.cargo/registry/src/index.crates.io-1949cf8c6b5b557f/bevy_ecs-0.19.0/src/system/function_system.rs,52,959,1
system{name="bevy_render::batching::gpu_preprocessing::collect_buffers_for_phase<bevy_pbr::render::light::Shadow, bevy_pbr::render::mesh::MeshPipeline>"},/Users/l-monninger/.cargo/registry/src/index.crates.io-1949cf8c6b5b557f/bevy_ecs-0.19.0/src/system/function_system.rs,52,959,1
system{name="lod::scene::refresh::cull_regions::enqueue::produce_lod_cull_for_region<lod_avian::AvianLodSceneRegionIndex<'_, '_, chico_vegetation_components::FlattenedComponentsOnly<chico_vegetation_components::placed_vegetation::PlacedVegetation<alloc::sync::Arc<chico_sbs_trees::rorys_head_trained::RorysHeadTrained>>>>, chico_sbs_trees_playground::vegetation_lod::VegetationCull, chico_vegetation_components::FlattenedComponentsOnly<chico_vegetation_components::placed_vegetation::PlacedVegetation<alloc::sync::Arc<chico_sbs_trees::rorys_head_trained::RorysHeadTrained>>>, bevy_ecs::query::filter::With<bevy_camera::camera::Camera>>"},/Users/l-monninger/.cargo/registry/src/index.crates.io-1949cf8c6b5b557f/bevy_ecs-0.19.0/src/system/function_system.rs,52,958,1
system{name="bevy_core_pipeline::core_3d::prepare_prepass_textures"},/Users/l-monninger/.cargo/registry/src/index.crates.io-1949cf8c6b5b557f/bevy_ecs-0.19.0/src/system/function_system.rs,52,958,1
system{name="bevy_render::extract_component::extract_components<bevy_render::occlusion_culling::OcclusionCulling, ()>"},/Users/l-monninger/.cargo/registry/src/index.crates.io-1949cf8c6b5b557f/bevy_ecs-0.19.0/src/system/function_system.rs,52,958,1
system{name="lod::scene::refresh::cull_regions::enqueue::produce_lod_cull_for_region<lod_avian::AvianLodSceneRegionIndex<'_, '_, chico_groves::strange_oasis::vc::StrangeOasis>, chico_sbs_trees_playground::vegetation_lod::VegetationCull, chico_groves::strange_oasis::vc::StrangeOasis, bevy_ecs::query::filter::With<bevy_camera::camera::Camera>>"},/Users/l-monninger/.cargo/registry/src/index.crates.io-1949cf8c6b5b557f/bevy_ecs-0.19.0/src/system/function_system.rs,52,958,1
system{name="lod::scene::bounds_patch::patch_scene_bounds<chico_vegetation_components::FlattenedComponentsOnly<chico_vegetation_components::placed_vegetation::PlacedVegetation<alloc::sync::Arc<chico_sbs_trees::penmarch_torch::PenmarchTorch>>>, lod_avian::AvianLodSceneBoundsMarshaller>"},/Users/l-monninger/.cargo/registry/src/index.crates.io-1949cf8c6b5b557f/bevy_ecs-0.19.0/src/system/function_system.rs,52,958,1
system{name="lod::scene::bounds_patch::patch_scene_bounds<chico_vegetation_components::ComponentsOnly<chico_sbs_trees::tuft_patch::TuftPatch>, lod_avian::AvianLodSceneBoundsMarshaller>"},/Users/l-monninger/.cargo/registry/src/index.crates.io-1949cf8c6b5b557f/bevy_ecs-0.19.0/src/system/function_system.rs,52,958,1
system{name="bevy_asset::assets::Assets<bevy_pbr::pbr_material::StandardMaterial>::track_assets"},/Users/l-monninger/.cargo/registry/src/index.crates.io-1949cf8c6b5b557f/bevy_ecs-0.19.0/src/system/function_system.rs,52,958,1
system{name="bevy_sprite_render::mesh2d::mesh::check_views_need_specialization"},/Users/l-monninger/.cargo/registry/src/index.crates.io-1949cf8c6b5b557f/bevy_ecs-0.19.0/src/system/function_system.rs,52,958,1
system{name="lod::scene::refresh::cull_regions::enqueue::produce_lod_cull_for_region<lod_avian::AvianLodSceneRegionIndex<'_, '_, chico_vegetation_components::ComponentsOnly<chico_vegetation_components::placed_vegetation::PlacedVegetation<chico_sbs_trees::palm_bush::PalmBush>>>, chico_sbs_trees_playground::vegetation_lod::VegetationCull, chico_vegetation_components::ComponentsOnly<chico_vegetation_components::placed_vegetation::PlacedVegetation<chico_sbs_trees::palm_bush::PalmBush>>, bevy_ecs::query::filter::With<bevy_camera::camera::Camera>>"},/Users/l-monninger/.cargo/registry/src/index.crates.io-1949cf8c6b5b557f/bevy_ecs-0.19.0/src/system/function_system.rs,52,958,1
system{name="bevy_render::extract_component::extract_components<bevy_post_process::effect_stack::vignette::Vignette, ()>"},/Users/l-monninger/.cargo/registry/src/index.crates.io-1949cf8c6b5b557f/bevy_ecs-0.19.0/src/system/function_system.rs,52,958,1
system{name="lod::scene::refresh::cull_regions::enqueue::produce_lod_cull_for_region<lod_avian::AvianLodSceneRegionIndex<'_, '_, chico_groves::tropical_thicket::vc::TropicalThicket>, chico_sbs_trees_playground::vegetation_lod::VegetationCull, chico_groves::tropical_thicket::vc::TropicalThicket, bevy_ecs::query::filter::With<bevy_camera::camera::Camera>>"},/Users/l-monninger/.cargo/registry/src/index.crates.io-1949cf8c6b5b557f/bevy_ecs-0.19.0/src/system/function_system.rs,52,958,1
system{name="bevy_render::batching::gpu_preprocessing::collect_buffers_for_phase<bevy_core_pipeline::prepass::AlphaMask3dPrepass, bevy_pbr::render::mesh::MeshPipeline>"},/Users/l-monninger/.cargo/registry/src/index.crates.io-1949cf8c6b5b557f/bevy_ecs-0.19.0/src/system/function_system.rs,52,958,1
system{name="lod::scene::bounds_patch::patch_scene_bounds<chico_vegetation_components::ComponentsOnly<chico_groves::braid_grass::vc::BraidGrass>, lod_avian::AvianLodSceneBoundsMarshaller>"},/Users/l-monninger/.cargo/registry/src/index.crates.io-1949cf8c6b5b557f/bevy_ecs-0.19.0/src/system/function_system.rs,52,958,1
system{name="bevy_core_pipeline::core_3d::main_transparent_pass_3d_node::main_transparent_pass_3d"},/Users/l-monninger/.cargo/registry/src/index.crates.io-1949cf8c6b5b557f/bevy_ecs-0.19.0/src/system/function_system.rs,52,958,1
system{name="bevy_render::batching::gpu_preprocessing::write_binned_instance_buffers<bevy_core_pipeline::deferred::Opaque3dDeferred, bevy_pbr::render::mesh::MeshPipeline>"},/Users/l-monninger/.cargo/registry/src/index.crates.io-1949cf8c6b5b557f/bevy_ecs-0.19.0/src/system/function_system.rs,52,958,1
system{name="bevy_render::batching::gpu_preprocessing::collect_buffers_for_phase<bevy_core_pipeline::core_3d::Transparent3d, bevy_pbr::render::mesh::MeshPipeline>"},/Users/l-monninger/.cargo/registry/src/index.crates.io-1949cf8c6b5b557f/bevy_ecs-0.19.0/src/system/function_system.rs,52,958,1
system{name="lod::scene::bounds_patch::patch_scene_bounds<chico_vegetation_components::ComponentsOnly<chico_sbs_trees::honu_banyan::HonuBanyan>, lod_avian::AvianLodSceneBoundsMarshaller>"},/Users/l-monninger/.cargo/registry/src/index.crates.io-1949cf8c6b5b557f/bevy_ecs-0.19.0/src/system/function_system.rs,52,958,1
system{name="bevy_winit::accessibility::should_update_accessibility_nodes"},/Users/l-monninger/.cargo/registry/src/index.crates.io-1949cf8c6b5b557f/bevy_ecs-0.19.0/src/system/function_system.rs,52,958,1
par_for_each{query="bevy_ecs::entity::Entity" filter="(bevy_ecs::query::filter::Or<(bevy_ecs::query::filter::Changed<bevy_mesh::components::Mesh3d>, bevy_asset::asset_changed::AssetChanged<bevy_mesh::components::Mesh3d>, bevy_ecs::query::filter::Changed<bevy_pbr::mesh_material::MeshMaterial3d<chico_vegetation_shaders::chico_stick_material::ChicoStickMaterial>>, bevy_asset::asset_changed::AssetChanged<bevy_pbr::mesh_material::MeshMaterial3d<chico_vegetation_shaders::chico_stick_material::ChicoStickMaterial>>)>, bevy_ecs::query::filter::With<bevy_pbr::mesh_material::MeshMaterial3d<chico_vegetation_shaders::chico_stick_material::ChicoStickMaterial>>)"},/Users/l-monninger/.cargo/registry/src/index.crates.io-1949cf8c6b5b557f/bevy_ecs-0.19.0/src/query/state.rs,297,5625,6
system{name="bevy_light::point_light::update_point_light_frusta"},/Users/l-monninger/.cargo/registry/src/index.crates.io-1949cf8c6b5b557f/bevy_ecs-0.19.0/src/system/function_system.rs,52,917,1
system{name="bevy_render::erased_render_asset::prepare_erased_assets<bevy_pbr::mesh_material::MeshMaterial3d<bevy_pbr::pbr_material::StandardMaterial>>"},/Users/l-monninger/.cargo/registry/src/index.crates.io-1949cf8c6b5b557f/bevy_ecs-0.19.0/src/system/function_system.rs,52,917,1
system{name="bevy_sprite_render::render::extract_sprite_events"},/Users/l-monninger/.cargo/registry/src/index.crates.io-1949cf8c6b5b557f/bevy_ecs-0.19.0/src/system/function_system.rs,52,917,1
system{name="bevy_core_pipeline::mip_generation::reset_mip_generation_jobs"},/Users/l-monninger/.cargo/registry/src/index.crates.io-1949cf8c6b5b557f/bevy_ecs-0.19.0/src/system/function_system.rs,52,917,1
system{name="bevy_ui_render::extract_text_shadows"},/Users/l-monninger/.cargo/registry/src/index.crates.io-1949cf8c6b5b557f/bevy_ecs-0.19.0/src/system/function_system.rs,52,917,1
system{name="bevy_app::propagate::propagate_output<bevy_ui::ui_node::ComputedUiTargetCamera, ()>"},/Users/l-monninger/.cargo/registry/src/index.crates.io-1949cf8c6b5b557f/bevy_ecs-0.19.0/src/system/function_system.rs,52,917,1
system{name="bevy_pbr::material::extract_mesh_materials<chico_vegetation_shaders::chico_stick_material::ChicoStickMaterial>"},/Users/l-monninger/.cargo/registry/src/index.crates.io-1949cf8c6b5b557f/bevy_ecs-0.19.0/src/system/function_system.rs,52,917,1
system{name="render_item::mesh::fetch_meshes<render_item::mesh::handle::MeshHandle<sdf_common::noisy::NoisySurface<sdf_common::cylinder::TaperedCylinder>>, bevy_pbr::pbr_material::StandardMaterial>"},/Users/l-monninger/.cargo/registry/src/index.crates.io-1949cf8c6b5b557f/bevy_ecs-0.19.0/src/system/function_system.rs,52,917,1
system{name="bevy_core_pipeline::prepass::background_motion_vectors::prepare_background_motion_vectors_bind_groups"},/Users/l-monninger/.cargo/registry/src/index.crates.io-1949cf8c6b5b557f/bevy_ecs-0.19.0/src/system/function_system.rs,52,917,1
system{name="bevy_audio::audio_output::cleanup_finished_audio<bevy_audio::pitch::Pitch>"},/Users/l-monninger/.cargo/registry/src/index.crates.io-1949cf8c6b5b557f/bevy_ecs-0.19.0/src/system/function_system.rs,52,917,1
system{name="bevy_asset::assets::Assets<bevy_sprite_render::tilemap_chunk::tilemap_chunk_material::TilemapChunkMaterial>::track_assets"},/Users/l-monninger/.cargo/registry/src/index.crates.io-1949cf8c6b5b557f/bevy_ecs-0.19.0/src/system/function_system.rs,52,917,1
system{name="bevy_pbr::volumetric_fog::render::extract_volumetric_fog"},/Users/l-monninger/.cargo/registry/src/index.crates.io-1949cf8c6b5b557f/bevy_ecs-0.19.0/src/system/function_system.rs,52,917,1
system{name="lod::scene::refresh::cull_regions::enqueue::produce_lod_cull_for_region<lod_avian::AvianLodSceneRegionIndex<'_, '_, chico_vegetation_components::FlattenedComponentsOnly<chico_vegetation_components::placed_vegetation::PlacedVegetation<alloc::sync::Arc<chico_sbs_trees::storybook_tree::StorybookTree>>>>, chico_sbs_trees_playground::vegetation_lod::VegetationCull, chico_vegetation_components::FlattenedComponentsOnly<chico_vegetation_components::placed_vegetation::PlacedVegetation<alloc::sync::Arc<chico_sbs_trees::storybook_tree::StorybookTree>>>, bevy_ecs::query::filter::With<bevy_camera::camera::Camera>>"},/Users/l-monninger/.cargo/registry/src/index.crates.io-1949cf8c6b5b557f/bevy_ecs-0.19.0/src/system/function_system.rs,52,917,1
system{name="bevy_gizmos_render::retained::extract_linegizmos"},/Users/l-monninger/.cargo/registry/src/index.crates.io-1949cf8c6b5b557f/bevy_ecs-0.19.0/src/system/function_system.rs,52,917,1
system{name="avian3d::dynamics::solver::plugin::prepare_contact_constraints"},/Users/l-monninger/.cargo/registry/src/index.crates.io-1949cf8c6b5b557f/bevy_ecs-0.19.0/src/system/function_system.rs,52,917,1
system{name="bevy_picking::input::deactivate_touch_pointers"},/Users/l-monninger/.cargo/registry/src/index.crates.io-1949cf8c6b5b557f/bevy_ecs-0.19.0/src/system/function_system.rs,52,917,1
system{name="bevy_ui_render::extract_viewport_nodes"},/Users/l-monninger/.cargo/registry/src/index.crates.io-1949cf8c6b5b557f/bevy_ecs-0.19.0/src/system/function_system.rs,52,916,1
system{name="bevy_asset::assets::Assets<bevy_light::atmosphere::ScatteringMedium>::track_assets"},/Users/l-monninger/.cargo/registry/src/index.crates.io-1949cf8c6b5b557f/bevy_ecs-0.19.0/src/system/function_system.rs,52,916,1
system{name="bevy_render::diagnostic::finish_diagnostics_frame"},/Users/l-monninger/.cargo/registry/src/index.crates.io-1949cf8c6b5b557f/bevy_ecs-0.19.0/src/system/function_system.rs,52,916,1
system{name="bevy_anti_alias::contrast_adaptive_sharpening::prepare_cas_pipelines"},/Users/l-monninger/.cargo/registry/src/index.crates.io-1949cf8c6b5b557f/bevy_ecs-0.19.0/src/system/function_system.rs,52,916,1
system{name="lod::scene::refresh::cull_regions::enqueue::produce_lod_cull_for_region<lod_avian::AvianLodSceneRegionIndex<'_, '_, chico_vegetation_components::ComponentsOnly<chico_sbs_trees::sopes_banyan::SopesBanyan>>, chico_sbs_trees_playground::vegetation_lod::VegetationCull, chico_vegetation_components::ComponentsOnly<chico_sbs_trees::sopes_banyan::SopesBanyan>, bevy_ecs::query::filter::With<bevy_camera::camera::Camera>>"},/Users/l-monninger/.cargo/registry/src/index.crates.io-1949cf8c6b5b557f/bevy_ecs-0.19.0/src/system/function_system.rs,52,916,1
system{name="bevy_render::extract_component::extract_components<bevy_post_process::effect_stack::lens_distortion::LensDistortion, ()>"},/Users/l-monninger/.cargo/registry/src/index.crates.io-1949cf8c6b5b557f/bevy_ecs-0.19.0/src/system/function_system.rs,52,916,1
system{name="lod::scene::refresh::cull_regions::enqueue::produce_lod_cull_for_region<lod_avian::AvianLodSceneRegionIndex<'_, '_, chico_vegetation_components::ComponentsOnly<chico_vegetation_components::placed_vegetation::PlacedVegetation<chico_sbs_trees::jungle_storybook_tree::JungleStorybookTree>>>, chico_sbs_trees_playground::vegetation_lod::VegetationCull, chico_vegetation_components::ComponentsOnly<chico_vegetation_components::placed_vegetation::PlacedVegetation<chico_sbs_trees::jungle_storybook_tree::JungleStorybookTree>>, bevy_ecs::query::filter::With<bevy_camera::camera::Camera>>"},/Users/l-monninger/.cargo/registry/src/index.crates.io-1949cf8c6b5b557f/bevy_ecs-0.19.0/src/system/function_system.rs,52,916,1
system{name="lod::scene::bounds_patch::patch_scene_bounds<chico_vegetation_components::ComponentsOnly<chico_vegetation_components::placed_vegetation::PlacedVegetation<chico_sbs_trees::liams_conifer::LiamsConifer>>, lod_avian::AvianLodSceneBoundsMarshaller>"},/Users/l-monninger/.cargo/registry/src/index.crates.io-1949cf8c6b5b557f/bevy_ecs-0.19.0/src/system/function_system.rs,52,916,1
system{name="lod::scene::bounds_patch::patch_scene_bounds<chico_groves::arid_conifer_sapling::vc::AridConiferSapling, lod_avian::AvianLodSceneBoundsMarshaller>"},/Users/l-monninger/.cargo/registry/src/index.crates.io-1949cf8c6b5b557f/bevy_ecs-0.19.0/src/system/function_system.rs,52,916,1
par_for_each{query="(bevy_ecs::entity::Entity, &bevy_camera::visibility::ViewVisibility, &bevy_transform::components::global_transform::GlobalTransform, core::option::Option<&bevy_pbr::prepass::PreviousGlobalTransform>, core::option::Option<&bevy_pbr::lightmap::Lightmap>, core::option::Option<&bevy_camera::primitives::Aabb>, &bevy_mesh::components::Mesh3d, core::option::Option<&bevy_mesh::components::MeshTag>, (bevy_ecs::query::fetch::Has<bevy_camera::visibility::NoFrustumCulling>, bevy_ecs::query::fetch::Has<bevy_light::NotShadowReceiver>, bevy_ecs::query::fetch::Has<bevy_light::TransmittedShadowReceiver>, bevy_ecs::query::fetch::Has<bevy_light::NotShadowCaster>, bevy_ecs::query::fetch::Has<bevy_render::batching::NoAutomaticBatching>, bevy_ecs::query::fetch::Has<bevy_camera::visibility::NoCpuCulling>), core::option::Option<&bevy_camera::visibility::range::VisibilityRange>, core::option::Option<&bevy_camera::visibility::render_layers::RenderLayers>)" filter="bevy_ecs::query::filter::Or<(bevy_ecs::query::filter::Changed<bevy_camera::visibility::ViewVisibility>, bevy_ecs::query::filter::Changed<bevy_transform::components::global_transform::GlobalTransform>, bevy_ecs::query::filter::Changed<bevy_pbr::prepass::PreviousGlobalTransform>, bevy_ecs::query::filter::Changed<bevy_pbr::lightmap::Lightmap>, bevy_ecs::query::filter::Changed<bevy_camera::primitives::Aabb>, bevy_ecs::query::filter::Changed<bevy_mesh::components::Mesh3d>, bevy_ecs::query::filter::Changed<bevy_mesh::components::MeshTag>, bevy_ecs::query::filter::Or<(bevy_ecs::query::filter::Changed<bevy_camera::visibility::NoFrustumCulling>, bevy_ecs::query::filter::Changed<bevy_light::NotShadowReceiver>, bevy_ecs::query::filter::Changed<bevy_light::TransmittedShadowReceiver>, bevy_ecs::query::filter::Changed<bevy_light::NotShadowCaster>, bevy_ecs::query::filter::Changed<bevy_render::batching::NoAutomaticBatching>, bevy_ecs::query::filter::Changed<bevy_camera::visibility::NoCpuCulling>)>, bevy_ecs::query::filter::Changed<bevy_camera::visibility::range::VisibilityRange>, bevy_ecs::query::filter::Changed<bevy_mesh::skinning::SkinnedMesh>)>"},/Users/l-monninger/.cargo/registry/src/index.crates.io-1949cf8c6b5b557f/bevy_ecs-0.19.0/src/query/state.rs,297,11626,13
system{name="bevy_asset::assets::Assets<()>::track_assets"},/Users/l-monninger/.cargo/registry/src/index.crates.io-1949cf8c6b5b557f/bevy_ecs-0.19.0/src/system/function_system.rs,52,875,1
system{name="bevy_audio::audio_output::play_queued_audio_system<bevy_audio::audio_source::AudioSource>"},/Users/l-monninger/.cargo/registry/src/index.crates.io-1949cf8c6b5b557f/bevy_ecs-0.19.0/src/system/function_system.rs,52,875,1
system{name="bevy_post_process::msaa_writeback::prepare_msaa_writeback_pipelines"},/Users/l-monninger/.cargo/registry/src/index.crates.io-1949cf8c6b5b557f/bevy_ecs-0.19.0/src/system/function_system.rs,52,875,1
system{name="bevy_render::extract_component::extract_components<bevy_core_pipeline::tonemapping::Tonemapping, ()>"},/Users/l-monninger/.cargo/registry/src/index.crates.io-1949cf8c6b5b557f/bevy_ecs-0.19.0/src/system/function_system.rs,52,875,1
system{name="bevy_transform_interpolation::interpolation::complete_scale_easing"},/Users/l-monninger/.cargo/registry/src/index.crates.io-1949cf8c6b5b557f/bevy_ecs-0.19.0/src/system/function_system.rs,52,875,1
system{name="render_item::mesh::fetch_meshes<render_item::mesh::handle::MeshHandle<sdf_common::noisy::NoisySurface<sdf_common::cylinder::TaperedCylinder>>, chico_vegetation_shaders::chico_stick_material::ChicoStickMaterial>"},/Users/l-monninger/.cargo/registry/src/index.crates.io-1949cf8c6b5b557f/bevy_ecs-0.19.0/src/system/function_system.rs,52,875,1
system{name="lod::scene::refresh::cull_regions::enqueue::produce_lod_cull_for_region<lod_avian::AvianLodSceneRegionIndex<'_, '_, chico_vegetation_components::ComponentsOnly<chico_vegetation_components::placed_vegetation::PlacedVegetation<chico_sbs_trees::liams_conifer::LiamsConifer>>>, chico_sbs_trees_playground::vegetation_lod::VegetationCull, chico_vegetation_components::ComponentsOnly<chico_vegetation_components::placed_vegetation::PlacedVegetation<chico_sbs_trees::liams_conifer::LiamsConifer>>, bevy_ecs::query::filter::With<bevy_camera::camera::Camera>>"},/Users/l-monninger/.cargo/registry/src/index.crates.io-1949cf8c6b5b557f/bevy_ecs-0.19.0/src/system/function_system.rs,52,875,1
system{name="lod::scene::refresh::cull_regions::enqueue::produce_lod_cull_for_region<lod_avian::AvianLodSceneRegionIndex<'_, '_, chico_groves::jerrys_chaparral::vc::JerrysChaparral>, chico_sbs_trees_playground::vegetation_lod::VegetationCull, chico_groves::jerrys_chaparral::vc::JerrysChaparral, bevy_ecs::query::filter::With<bevy_camera::camera::Camera>>"},/Users/l-monninger/.cargo/registry/src/index.crates.io-1949cf8c6b5b557f/bevy_ecs-0.19.0/src/system/function_system.rs,52,875,1
system{name="bevy_ui_widgets::menu::menu_on_lose_focus"},/Users/l-monninger/.cargo/registry/src/index.crates.io-1949cf8c6b5b557f/bevy_ecs-0.19.0/src/system/function_system.rs,52,875,1
system{name="bevy_post_process::motion_blur::pipeline::prepare_motion_blur_pipelines"},/Users/l-monninger/.cargo/registry/src/index.crates.io-1949cf8c6b5b557f/bevy_ecs-0.19.0/src/system/function_system.rs,52,875,1
system{name="bevy_window::system::close_when_requested"},/Users/l-monninger/.cargo/registry/src/index.crates.io-1949cf8c6b5b557f/bevy_ecs-0.19.0/src/system/function_system.rs,52,875,1
system{name="avian3d::physics_transform::position_to_transform"},/Users/l-monninger/.cargo/registry/src/index.crates.io-1949cf8c6b5b557f/bevy_ecs-0.19.0/src/system/function_system.rs,52,875,1
system_commands{name="bevy_render::extract_component::extract_components<bevy_anti_alias::contrast_adaptive_sharpening::ContrastAdaptiveSharpening, ()>"},/Users/l-monninger/.cargo/registry/src/index.crates.io-1949cf8c6b5b557f/bevy_ecs-0.19.0/src/system/function_system.rs,54,875,1
system{name="lod::scene::bounds_patch::patch_scene_bounds<chico_groves::spotty_bushes::vc::SpottyBushes, lod_avian::AvianLodSceneBoundsMarshaller>"},/Users/l-monninger/.cargo/registry/src/index.crates.io-1949cf8c6b5b557f/bevy_ecs-0.19.0/src/system/function_system.rs,52,875,1
system{name="bevy_render::batching::gpu_preprocessing::collect_buffers_for_phase<bevy_core_pipeline::core_3d::Opaque3d, bevy_pbr::render::mesh::MeshPipeline>"},/Users/l-monninger/.cargo/registry/src/index.crates.io-1949cf8c6b5b557f/bevy_ecs-0.19.0/src/system/function_system.rs,52,875,1
system{name="bevy_gizmos::update_gizmo_meshes<bevy_gizmos::config::DefaultGizmoConfigGroup>"},/Users/l-monninger/.cargo/registry/src/index.crates.io-1949cf8c6b5b557f/bevy_ecs-0.19.0/src/system/function_system.rs,52,875,1
system{name="bevy_render::extract_resource::extract_resource<bevy_camera::clear_color::ClearColor, ()>"},/Users/l-monninger/.cargo/registry/src/index.crates.io-1949cf8c6b5b557f/bevy_ecs-0.19.0/src/system/function_system.rs,52,875,1
system{name="bevy_render::erased_render_asset::prepare_erased_assets<bevy_pbr::mesh_material::MeshMaterial3d<chico_sbs_trees_playground::checkerboard_material::CheckerboardMaterial>>"},/Users/l-monninger/.cargo/registry/src/index.crates.io-1949cf8c6b5b557f/bevy_ecs-0.19.0/src/system/function_system.rs,52,875,1
system{name="lod::scene::bounds_patch::patch_scene_bounds<chico_vegetation_components::ComponentsOnly<chico_sbs_trees::jungle_storybook_tree::JungleStorybookTree>, lod_avian::AvianLodSceneBoundsMarshaller>"},/Users/l-monninger/.cargo/registry/src/index.crates.io-1949cf8c6b5b557f/bevy_ecs-0.19.0/src/system/function_system.rs,52,875,1
system{name="lod::scene::refresh::cull_regions::enqueue::produce_lod_cull_for_region<lod_avian::AvianLodSceneRegionIndex<'_, '_, chico_groves::goettingen_follow::vc::GoettingenFollow>, chico_sbs_trees_playground::vegetation_lod::VegetationCull, chico_groves::goettingen_follow::vc::GoettingenFollow, bevy_ecs::query::filter::With<bevy_camera::camera::Camera>>"},/Users/l-monninger/.cargo/registry/src/index.crates.io-1949cf8c6b5b557f/bevy_ecs-0.19.0/src/system/function_system.rs,52,875,1
system{name="bevy_ui_render::ui_texture_slice_pipeline::extract_ui_texture_slices"},/Users/l-monninger/.cargo/registry/src/index.crates.io-1949cf8c6b5b557f/bevy_ecs-0.19.0/src/system/function_system.rs,52,875,1
system{name="bevy_pbr::material::prepare_material_bind_groups"},/Users/l-monninger/.cargo/registry/src/index.crates.io-1949cf8c6b5b557f/bevy_ecs-0.19.0/src/system/function_system.rs,52,875,1
system{name="bevy_render::render_asset::prepare_assets<bevy_render::mesh::RenderMesh>"},/Users/l-monninger/.cargo/registry/src/index.crates.io-1949cf8c6b5b557f/bevy_ecs-0.19.0/src/system/function_system.rs,52,875,1
system{name="bevy_core_pipeline::mip_generation::experimental::depth::create_downsample_depth_pipelines"},/Users/l-monninger/.cargo/registry/src/index.crates.io-1949cf8c6b5b557f/bevy_ecs-0.19.0/src/system/function_system.rs,52,834,1
system_commands{name="bevy_render::extract_component::extract_components<bevy_core_pipeline::oit::OrderIndependentTransparencySettings, ()>"},/Users/l-monninger/.cargo/registry/src/index.crates.io-1949cf8c6b5b557f/bevy_ecs-0.19.0/src/system/function_system.rs,54,834,1
system{name="lod::scene::bounds_patch::patch_scene_bounds<chico_vegetation_components::ComponentsOnly<chico_sbs_trees::storybook_tree::StorybookTree>, lod_avian::AvianLodSceneBoundsMarshaller>"},/Users/l-monninger/.cargo/registry/src/index.crates.io-1949cf8c6b5b557f/bevy_ecs-0.19.0/src/system/function_system.rs,52,834,1
system_commands{name="bevy_anti_alias::taa::extract_taa_settings"},/Users/l-monninger/.cargo/registry/src/index.crates.io-1949cf8c6b5b557f/bevy_ecs-0.19.0/src/system/function_system.rs,54,834,1
system{name="lod::scene::refresh::levels::produce::produce_lod_refresh_levels<chico_vegetation_components::ComponentsOnly<chico_sbs_trees::northern_conifer::NorthernConifer>>"},/Users/l-monninger/.cargo/registry/src/index.crates.io-1949cf8c6b5b557f/bevy_ecs-0.19.0/src/system/function_system.rs,52,833,1
system{name="bevy_asset::assets::Assets<chico_vegetation_shaders::chico_leaf_material::ChicoLeafMaterial>::track_assets"},/Users/l-monninger/.cargo/registry/src/index.crates.io-1949cf8c6b5b557f/bevy_ecs-0.19.0/src/system/function_system.rs,52,833,1
system{name="bevy_pbr::material::extract_mesh_materials<chico_vegetation_shaders::chico_leaf_material::ChicoLeafMaterial>"},/Users/l-monninger/.cargo/registry/src/index.crates.io-1949cf8c6b5b557f/bevy_ecs-0.19.0/src/system/function_system.rs,52,833,1
system{name="bevy_ui_render::debug_overlay::extract_debug_overlay"},/Users/l-monninger/.cargo/registry/src/index.crates.io-1949cf8c6b5b557f/bevy_ecs-0.19.0/src/system/function_system.rs,52,833,1
system{name="lod::scene::bounds_patch::patch_scene_bounds<chico_vegetation_components::ComponentsOnly<chico_sbs_trees::liams_conifer::LiamsConifer>, lod_avian::AvianLodSceneBoundsMarshaller>"},/Users/l-monninger/.cargo/registry/src/index.crates.io-1949cf8c6b5b557f/bevy_ecs-0.19.0/src/system/function_system.rs,52,833,1
system{name="lod::scene::bounds_patch::patch_scene_bounds<chico_vegetation_components::ComponentsOnly<chico_vegetation_components::placed_vegetation::PlacedVegetation<chico_sbs_trees::braid_oak_tree::BraidOakTree>>, lod_avian::AvianLodSceneBoundsMarshaller>"},/Users/l-monninger/.cargo/registry/src/index.crates.io-1949cf8c6b5b557f/bevy_ecs-0.19.0/src/system/function_system.rs,52,833,1
system{name="lod::scene::bounds_patch::patch_scene_bounds<chico_vegetation_components::FlattenedComponentsOnly<chico_vegetation_components::placed_vegetation::PlacedVegetation<alloc::sync::Arc<chico_sbs_trees::kamakura_torch::KamakuraTorch>>>, lod_avian::AvianLodSceneBoundsMarshaller>"},/Users/l-monninger/.cargo/registry/src/index.crates.io-1949cf8c6b5b557f/bevy_ecs-0.19.0/src/system/function_system.rs,52,833,1
system_commands{name="bevy_gizmos_render::retained::extract_linegizmos"},/Users/l-monninger/.cargo/registry/src/index.crates.io-1949cf8c6b5b557f/bevy_ecs-0.19.0/src/system/function_system.rs,54,833,1
system{name="lod::scene::refresh::cull_regions::enqueue::produce_lod_cull_for_region<lod_avian::AvianLodSceneRegionIndex<'_, '_, chico_groves::jungle_lower_massives::vc::JungleLowerMassives>, chico_sbs_trees_playground::vegetation_lod::VegetationCull, chico_groves::jungle_lower_massives::vc::JungleLowerMassives, bevy_ecs::query::filter::With<bevy_camera::camera::Camera>>"},/Users/l-monninger/.cargo/registry/src/index.crates.io-1949cf8c6b5b557f/bevy_ecs-0.19.0/src/system/function_system.rs,52,833,1
system_commands{name="bevy_render::extract_component::extract_components<bevy_core_pipeline::tonemapping::Tonemapping, ()>"},/Users/l-monninger/.cargo/registry/src/index.crates.io-1949cf8c6b5b557f/bevy_ecs-0.19.0/src/system/function_system.rs,54,833,1
system{name="bevy_light::probe::automatically_add_parallax_correction_components"},/Users/l-monninger/.cargo/registry/src/index.crates.io-1949cf8c6b5b557f/bevy_ecs-0.19.0/src/system/function_system.rs,52,833,1
system{name="bevy_render::extract_component::extract_components<bevy_pbr::atmosphere::environment::AtmosphereEnvironmentMap, ()>"},/Users/l-monninger/.cargo/registry/src/index.crates.io-1949cf8c6b5b557f/bevy_ecs-0.19.0/src/system/function_system.rs,52,833,1
system{name="bevy_post_process::bloom::downsampling_pipeline::prepare_downsampling_pipeline"},/Users/l-monninger/.cargo/registry/src/index.crates.io-1949cf8c6b5b557f/bevy_ecs-0.19.0/src/system/function_system.rs,52,833,1
system{name="bevy_render::batching::gpu_preprocessing::batch_and_prepare_binned_render_phase<bevy_core_pipeline::deferred::Opaque3dDeferred, bevy_pbr::render::mesh::MeshPipeline>"},/Users/l-monninger/.cargo/registry/src/index.crates.io-1949cf8c6b5b557f/bevy_ecs-0.19.0/src/system/function_system.rs,52,833,1
system{name="bevy_render::batching::gpu_preprocessing::clear_indirect_parameters_buffers"},/Users/l-monninger/.cargo/registry/src/index.crates.io-1949cf8c6b5b557f/bevy_ecs-0.19.0/src/system/function_system.rs,52,833,1
system{name="bevy_pbr::transmission::texture::prepare_core_3d_transmission_textures"},/Users/l-monninger/.cargo/registry/src/index.crates.io-1949cf8c6b5b557f/bevy_ecs-0.19.0/src/system/function_system.rs,52,833,1
system{name="bevy_render::render_phase::sort_phase_system<bevy_pbr::transmission::phase::Transmissive3d>"},/Users/l-monninger/.cargo/registry/src/index.crates.io-1949cf8c6b5b557f/bevy_ecs-0.19.0/src/system/function_system.rs,52,833,1
system{name="bevy_render::extract_component::extract_components<bevy_pbr::transmission::ScreenSpaceTransmission, ()>"},/Users/l-monninger/.cargo/registry/src/index.crates.io-1949cf8c6b5b557f/bevy_ecs-0.19.0/src/system/function_system.rs,52,833,1
write_current_input_buffers,/Users/l-monninger/.cargo/registry/src/index.crates.io-1949cf8c6b5b557f/bevy_render-0.19.0/src/batching/gpu_preprocessing.rs,2355,833,1
system_commands{name="lod::scene::refresh::cull_regions::enqueue::produce_lod_cull_for_region<lod_avian::AvianLodSceneRegionIndex<'_, '_, chico_vegetation_components::sticks::node::StickNode>, chico_sbs_trees_playground::vegetation_lod::VegetationCull, chico_vegetation_components::sticks::node::StickNode, bevy_ecs::query::filter::With<bevy_camera::camera::Camera>>"},/Users/l-monninger/.cargo/registry/src/index.crates.io-1949cf8c6b5b557f/bevy_ecs-0.19.0/src/system/function_system.rs,54,833,1
system{name="bevy_gizmos_render::pipeline_3d::queue_line_gizmos_3d"},/Users/l-monninger/.cargo/registry/src/index.crates.io-1949cf8c6b5b557f/bevy_ecs-0.19.0/src/system/function_system.rs,52,833,1
system{name="lod::scene::refresh::levels::produce::produce_lod_refresh_levels<chico_vegetation_components::ComponentsOnly<chico_sbs_trees::storybook_tree::StorybookTree>>"},/Users/l-monninger/.cargo/registry/src/index.crates.io-1949cf8c6b5b557f/bevy_ecs-0.19.0/src/system/function_system.rs,52,833,1
system{name="<avian3d::physics_transform::PhysicsTransformPlugin as bevy_app::plugin::Plugin>::build::{{closure}}"},/Users/l-monninger/.cargo/registry/src/index.crates.io-1949cf8c6b5b557f/bevy_ecs-0.19.0/src/system/function_system.rs,52,2415,3
system{name="lod::scene::bounds_patch::patch_scene_bounds<chico_vegetation_components::ComponentsOnly<chico_vegetation_components::placed_vegetation::PlacedVegetation<chico_sbs_trees::kamakura_torch::KamakuraTorch>>, lod_avian::AvianLodSceneBoundsMarshaller>"},/Users/l-monninger/.cargo/registry/src/index.crates.io-1949cf8c6b5b557f/bevy_ecs-0.19.0/src/system/function_system.rs,52,792,1
system{name="bevy_render::extract_component::extract_components<bevy_core_pipeline::oit::OrderIndependentTransparencySettings, ()>"},/Users/l-monninger/.cargo/registry/src/index.crates.io-1949cf8c6b5b557f/bevy_ecs-0.19.0/src/system/function_system.rs,52,792,1
system_commands{name="bevy_pbr::prepass::update_previous_view_data"},/Users/l-monninger/.cargo/registry/src/index.crates.io-1949cf8c6b5b557f/bevy_ecs-0.19.0/src/system/function_system.rs,54,792,1
system{name="bevy_render::camera::expire_specializations_for_views"},/Users/l-monninger/.cargo/registry/src/index.crates.io-1949cf8c6b5b557f/bevy_ecs-0.19.0/src/system/function_system.rs,52,792,1
system{name="bevy_render::extract_component::extract_components<bevy_core_pipeline::prepass::background_motion_vectors::NoBackgroundMotionVectors, ()>"},/Users/l-monninger/.cargo/registry/src/index.crates.io-1949cf8c6b5b557f/bevy_ecs-0.19.0/src/system/function_system.rs,52,792,1
system{name="bevy_render::erased_render_asset::prepare_erased_assets<bevy_pbr::mesh_material::MeshMaterial3d<bevy_pbr::extended_material::ExtendedMaterial<bevy_pbr::pbr_material::StandardMaterial, bevy_pbr::decal::forward::ForwardDecalMaterialExt>>>"},/Users/l-monninger/.cargo/registry/src/index.crates.io-1949cf8c6b5b557f/bevy_ecs-0.19.0/src/system/function_system.rs,52,792,1
system{name="bevy_mesh::components::mark_3d_meshes_as_changed_if_their_assets_changed"},/Users/l-monninger/.cargo/registry/src/index.crates.io-1949cf8c6b5b557f/bevy_ecs-0.19.0/src/system/function_system.rs,52,792,1
system{name="avian3d::collision::narrow_phase::trigger_collision_events"},/Users/l-monninger/.cargo/registry/src/index.crates.io-1949cf8c6b5b557f/bevy_ecs-0.19.0/src/system/function_system.rs,52,792,1
system{name="bevy_render::render_phase::sort_phase_system<bevy_core_pipeline::core_3d::Transparent3d>"},/Users/l-monninger/.cargo/registry/src/index.crates.io-1949cf8c6b5b557f/bevy_ecs-0.19.0/src/system/function_system.rs,52,792,1
system_commands{name="bevy_render::extract_component::extract_components<bevy_render::gpu_readback::Readback, ()>"},/Users/l-monninger/.cargo/registry/src/index.crates.io-1949cf8c6b5b557f/bevy_ecs-0.19.0/src/system/function_system.rs,54,792,1
system{name="bevy_pbr::render::skin::no_automatic_skin_batching"},/Users/l-monninger/.cargo/registry/src/index.crates.io-1949cf8c6b5b557f/bevy_ecs-0.19.0/src/system/function_system.rs,52,792,1
system{name="bevy_pbr::prepass::update_previous_view_data"},/Users/l-monninger/.cargo/registry/src/index.crates.io-1949cf8c6b5b557f/bevy_ecs-0.19.0/src/system/function_system.rs,52,792,1
system{name="bevy_asset::assets::Assets<bevy_image::image::Image>::track_assets"},/Users/l-monninger/.cargo/registry/src/index.crates.io-1949cf8c6b5b557f/bevy_ecs-0.19.0/src/system/function_system.rs,52,791,1
system{name="render_item::mesh::handle::enforce_caching<sdf_common::noisy::NoisySurface<sdf_common::ball::Ball>, chico_vegetation_shaders::chico_stick_material::ChicoStickMaterial>"},/Users/l-monninger/.cargo/registry/src/index.crates.io-1949cf8c6b5b557f/bevy_ecs-0.19.0/src/system/function_system.rs,52,791,1
system{name="lod::scene::bounds_patch::patch_scene_bounds<chico_vegetation_components::FlattenedComponentsOnly<chico_vegetation_components::placed_vegetation::PlacedVegetation<alloc::sync::Arc<chico_sbs_trees::jungle_storybook_tree::JungleStorybookTree>>>, lod_avian::AvianLodSceneBoundsMarshaller>"},/Users/l-monninger/.cargo/registry/src/index.crates.io-1949cf8c6b5b557f/bevy_ecs-0.19.0/src/system/function_system.rs,52,791,1
system_commands{name="bevy_render::extract_component::extract_components<bevy_post_process::effect_stack::chromatic_aberration::ChromaticAberration, ()>"},/Users/l-monninger/.cargo/registry/src/index.crates.io-1949cf8c6b5b557f/bevy_ecs-0.19.0/src/system/function_system.rs,54,791,1
system{name="bevy_ui_render::extract_uinode_images"},/Users/l-monninger/.cargo/registry/src/index.crates.io-1949cf8c6b5b557f/bevy_ecs-0.19.0/src/system/function_system.rs,52,791,1
system{name="lod::scene::bounds_patch::patch_scene_bounds<chico_groves::forlorn_savanna::vc::ForlornSavanna, lod_avian::AvianLodSceneBoundsMarshaller>"},/Users/l-monninger/.cargo/registry/src/index.crates.io-1949cf8c6b5b557f/bevy_ecs-0.19.0/src/system/function_system.rs,52,791,1
system{name="bevy_asset::assets::Assets<bevy_scene::scene_patch::ScenePatch>::track_assets"},/Users/l-monninger/.cargo/registry/src/index.crates.io-1949cf8c6b5b557f/bevy_ecs-0.19.0/src/system/function_system.rs,52,791,1
system{name="bevy_asset::assets::Assets<bevy_world_serialization::dynamic_world::DynamicWorld>::track_assets"},/Users/l-monninger/.cargo/registry/src/index.crates.io-1949cf8c6b5b557f/bevy_ecs-0.19.0/src/system/function_system.rs,52,750,1
system{name="bevy_gizmos::end_gizmo_context<bevy_gizmos::config::DefaultGizmoConfigGroup, bevy_time::fixed::Fixed>"},/Users/l-monninger/.cargo/registry/src/index.crates.io-1949cf8c6b5b557f/bevy_ecs-0.19.0/src/system/function_system.rs,52,750,1
system{name="lod::scene::bounds_patch::patch_scene_bounds<chico_vegetation_components::ComponentsOnly<chico_vegetation_components::placed_vegetation::PlacedVegetation<chico_sbs_trees::high_bush_shoots::HighBushShoots>>, lod_avian::AvianLodSceneBoundsMarshaller>"},/Users/l-monninger/.cargo/registry/src/index.crates.io-1949cf8c6b5b557f/bevy_ecs-0.19.0/src/system/function_system.rs,52,750,1
system{name="lod::scene::refresh::levels::produce::produce_lod_refresh_levels<chico_vegetation_components::ComponentsOnly<chico_sbs_trees::braid_oak_tree::BraidOakTree>>"},/Users/l-monninger/.cargo/registry/src/index.crates.io-1949cf8c6b5b557f/bevy_ecs-0.19.0/src/system/function_system.rs,52,750,1
system{name="bevy_sprite_render::mesh2d::material::extract_entities_needs_specialization<bevy_sprite_render::sprite_mesh::sprite_material::SpriteMaterial>"},/Users/l-monninger/.cargo/registry/src/index.crates.io-1949cf8c6b5b557f/bevy_ecs-0.19.0/src/system/function_system.rs,52,750,1
system{name="lod::scene::bounds_patch::patch_scene_bounds<chico_vegetation_components::ComponentsOnly<chico_vegetation_components::placed_vegetation::PlacedVegetation<chico_sbs_trees::friends_conifer::FriendsConifer>>, lod_avian::AvianLodSceneBoundsMarshaller>"},/Users/l-monninger/.cargo/registry/src/index.crates.io-1949cf8c6b5b557f/bevy_ecs-0.19.0/src/system/function_system.rs,52,750,1
system{name="bevy_winit::system::changed_cursor_options"},/Users/l-monninger/.cargo/registry/src/index.crates.io-1949cf8c6b5b557f/bevy_ecs-0.19.0/src/system/function_system.rs,52,750,1
system{name="lod::scene::refresh::levels::produce::produce_lod_refresh_levels<chico_vegetation_components::FlattenedComponentsOnly<chico_vegetation_components::placed_vegetation::PlacedVegetation<alloc::sync::Arc<chico_sbs_trees::rorys_head_trained::RorysHeadTrained>>>>"},/Users/l-monninger/.cargo/registry/src/index.crates.io-1949cf8c6b5b557f/bevy_ecs-0.19.0/src/system/function_system.rs,52,750,1
system{name="<bevy_gizmos::skinned_mesh_bounds::SkinnedMeshBoundsGizmoPlugin as bevy_app::plugin::Plugin>::build::{{closure}}"},/Users/l-monninger/.cargo/registry/src/index.crates.io-1949cf8c6b5b557f/bevy_ecs-0.19.0/src/system/function_system.rs,52,750,1
system{name="bevy_audio::audio_output::play_queued_audio_system<bevy_audio::pitch::Pitch>"},/Users/l-monninger/.cargo/registry/src/index.crates.io-1949cf8c6b5b557f/bevy_ecs-0.19.0/src/system/function_system.rs,52,750,1
system{name="bevy_sprite_render::mesh2d::material::specialize_material2d_meshes<bevy_sprite_render::sprite_mesh::sprite_material::SpriteMaterial>"},/Users/l-monninger/.cargo/registry/src/index.crates.io-1949cf8c6b5b557f/bevy_ecs-0.19.0/src/system/function_system.rs,52,750,1
system{name="bevy_ui_widgets::text_input::on_ime_input"},/Users/l-monninger/.cargo/registry/src/index.crates.io-1949cf8c6b5b557f/bevy_ecs-0.19.0/src/system/function_system.rs,52,750,1
system{name="bevy_render::batching::no_gpu_preprocessing::write_batched_instance_buffer<bevy_sprite_render::mesh2d::mesh::Mesh2dPipeline>"},/Users/l-monninger/.cargo/registry/src/index.crates.io-1949cf8c6b5b557f/bevy_ecs-0.19.0/src/system/function_system.rs,52,750,1
system{name="bevy_app::terminal_ctrl_c_handler::TerminalCtrlCHandlerPlugin::exit_on_flag"},/Users/l-monninger/.cargo/registry/src/index.crates.io-1949cf8c6b5b557f/bevy_ecs-0.19.0/src/system/function_system.rs,52,750,1
system{name="bevy_picking::pointer::update_pointer_map"},/Users/l-monninger/.cargo/registry/src/index.crates.io-1949cf8c6b5b557f/bevy_ecs-0.19.0/src/system/function_system.rs,52,750,1
system{name="bevy_render::batching::gpu_preprocessing::write_binned_instance_buffers<bevy_core_pipeline::prepass::Opaque3dPrepass, bevy_pbr::render::mesh::MeshPipeline>"},/Users/l-monninger/.cargo/registry/src/index.crates.io-1949cf8c6b5b557f/bevy_ecs-0.19.0/src/system/function_system.rs,52,750,1
system_commands{name="bevy_pbr::render::light::extract_shadow_filtering_method"},/Users/l-monninger/.cargo/registry/src/index.crates.io-1949cf8c6b5b557f/bevy_ecs-0.19.0/src/system/function_system.rs,54,750,1
system{name="bevy_pbr::decal::clustered::extract_clustered_decal"},/Users/l-monninger/.cargo/registry/src/index.crates.io-1949cf8c6b5b557f/bevy_ecs-0.19.0/src/system/function_system.rs,52,750,1
system{name="bevy_gizmos::skinned_mesh_bounds::draw_skinned_mesh_bounds"},/Users/l-monninger/.cargo/registry/src/index.crates.io-1949cf8c6b5b557f/bevy_ecs-0.19.0/src/system/function_system.rs,52,750,1
system_commands{name="bevy_render::extract_component::extract_components<bevy_pbr::atmosphere::environment::AtmosphereEnvironmentMap, ()>"},/Users/l-monninger/.cargo/registry/src/index.crates.io-1949cf8c6b5b557f/bevy_ecs-0.19.0/src/system/function_system.rs,54,750,1
system{name="avian3d::spatial_query::raycast"},/Users/l-monninger/.cargo/registry/src/index.crates.io-1949cf8c6b5b557f/bevy_ecs-0.19.0/src/system/function_system.rs,52,750,1
system{name="lod::scene::bounds_patch::patch_scene_bounds<chico_groves::levantine_scrub::vc::LevantineScrub, lod_avian::AvianLodSceneBoundsMarshaller>"},/Users/l-monninger/.cargo/registry/src/index.crates.io-1949cf8c6b5b557f/bevy_ecs-0.19.0/src/system/function_system.rs,52,750,1
system{name="lod::scene::bounds_patch::patch_scene_bounds<chico_vegetation_components::FlattenedComponentsOnly<chico_vegetation_components::placed_vegetation::PlacedVegetation<chico_sbs_trees::storybook_tree::StorybookTree>>, lod_avian::AvianLodSceneBoundsMarshaller>"},/Users/l-monninger/.cargo/registry/src/index.crates.io-1949cf8c6b5b557f/bevy_ecs-0.19.0/src/system/function_system.rs,52,750,1
system{name="lod::scene::bounds_patch::patch_scene_bounds<chico_vegetation_components::ComponentsOnly<chico_sbs_trees::simplemans_hedge::SimplemansHedge>, lod_avian::AvianLodSceneBoundsMarshaller>"},/Users/l-monninger/.cargo/registry/src/index.crates.io-1949cf8c6b5b557f/bevy_ecs-0.19.0/src/system/function_system.rs,52,750,1
system{name="game_commands::ui::send_console_ui_scroll_events"},/Users/l-monninger/.cargo/registry/src/index.crates.io-1949cf8c6b5b557f/bevy_ecs-0.19.0/src/system/function_system.rs,52,750,1
system{name="bevy_input::gamepad::gamepad_event_processing_system"},/Users/l-monninger/.cargo/registry/src/index.crates.io-1949cf8c6b5b557f/bevy_ecs-0.19.0/src/system/function_system.rs,52,750,1
system{name="lod::scene::refresh::levels::produce::produce_lod_refresh_levels<chico_vegetation_components::ComponentsOnly<chico_groves::wild_grass::vc::WildGrass>>"},/Users/l-monninger/.cargo/registry/src/index.crates.io-1949cf8c6b5b557f/bevy_ecs-0.19.0/src/system/function_system.rs,52,750,1
system{name="chico_sbs_trees_playground::diagnostics::log_frame_timing"},/Users/l-monninger/.cargo/registry/src/index.crates.io-1949cf8c6b5b557f/bevy_ecs-0.19.0/src/system/function_system.rs,52,750,1
system{name="lod::scene::bounds_patch::patch_scene_bounds<chico_groves::goettingen_follow::vc::GoettingenFollow, lod_avian::AvianLodSceneBoundsMarshaller>"},/Users/l-monninger/.cargo/registry/src/index.crates.io-1949cf8c6b5b557f/bevy_ecs-0.19.0/src/system/function_system.rs,52,750,1
system{name="lod::scene::bounds_patch::patch_scene_bounds<chico_vegetation_components::ComponentsOnly<chico_groves::tropical_tufts::vc::TropicalTufts>, lod_avian::AvianLodSceneBoundsMarshaller>"},/Users/l-monninger/.cargo/registry/src/index.crates.io-1949cf8c6b5b557f/bevy_ecs-0.19.0/src/system/function_system.rs,52,750,1
system{name="lod::scene::refresh::levels::produce::produce_lod_refresh_levels<chico_vegetation_components::ComponentsOnly<chico_vegetation_components::placed_vegetation::PlacedVegetation<chico_sbs_trees::waialea_palm::WaialeaPalm>>>"},/Users/l-monninger/.cargo/registry/src/index.crates.io-1949cf8c6b5b557f/bevy_ecs-0.19.0/src/system/function_system.rs,52,750,1
system{name="lod::scene::refresh::levels::produce::produce_lod_refresh_levels<chico_vegetation_components::ComponentsOnly<chico_sbs_trees::waialea_palm::WaialeaPalm>>"},/Users/l-monninger/.cargo/registry/src/index.crates.io-1949cf8c6b5b557f/bevy_ecs-0.19.0/src/system/function_system.rs,52,750,1
system{name="bevy_render::extract_component::extract_components<bevy_anti_alias::contrast_adaptive_sharpening::ContrastAdaptiveSharpening, ()>"},/Users/l-monninger/.cargo/registry/src/index.crates.io-1949cf8c6b5b557f/bevy_ecs-0.19.0/src/system/function_system.rs,52,709,1
system{name="bevy_render::batching::gpu_preprocessing::write_binned_instance_buffers<bevy_core_pipeline::deferred::AlphaMask3dDeferred, bevy_pbr::render::mesh::MeshPipeline>"},/Users/l-monninger/.cargo/registry/src/index.crates.io-1949cf8c6b5b557f/bevy_ecs-0.19.0/src/system/function_system.rs,52,709,1
system{name="lod::scene::bounds_patch::patch_scene_bounds<chico_vegetation_components::ComponentsOnly<chico_sbs_trees::date_palm::DatePalm>, lod_avian::AvianLodSceneBoundsMarshaller>"},/Users/l-monninger/.cargo/registry/src/index.crates.io-1949cf8c6b5b557f/bevy_ecs-0.19.0/src/system/function_system.rs,52,709,1
system{name="lod::scene::bounds_patch::patch_scene_bounds<chico_vegetation_components::ComponentsOnly<chico_sbs_trees::temperate_conifer::TemperateConifer>, lod_avian::AvianLodSceneBoundsMarshaller>"},/Users/l-monninger/.cargo/registry/src/index.crates.io-1949cf8c6b5b557f/bevy_ecs-0.19.0/src/system/function_system.rs,52,709,1
system{name="bevy_render::extract_component::extract_components<bevy_pbr::deferred::PbrDeferredLightingDepthId, ()>"},/Users/l-monninger/.cargo/registry/src/index.crates.io-1949cf8c6b5b557f/bevy_ecs-0.19.0/src/system/function_system.rs,52,709,1
system_commands{name="bevy_render::extract_component::extract_components<bevy_pbr::deferred::PbrDeferredLightingDepthId, ()>"},/Users/l-monninger/.cargo/registry/src/index.crates.io-1949cf8c6b5b557f/bevy_ecs-0.19.0/src/system/function_system.rs,54,709,1
system{name="lod::scene::bounds_patch::patch_scene_bounds<chico_groves::high_bush::vc::HighBush, lod_avian::AvianLodSceneBoundsMarshaller>"},/Users/l-monninger/.cargo/registry/src/index.crates.io-1949cf8c6b5b557f/bevy_ecs-0.19.0/src/system/function_system.rs,52,709,1
system{name="bevy_pbr::material::write_material_bind_group_buffers"},/Users/l-monninger/.cargo/registry/src/index.crates.io-1949cf8c6b5b557f/bevy_ecs-0.19.0/src/system/function_system.rs,52,709,1
system{name="lod::scene::refresh::levels::produce::produce_lod_refresh_levels<chico_vegetation_components::FlattenedComponentsOnly<chico_vegetation_components::placed_vegetation::PlacedVegetation<alloc::sync::Arc<chico_sbs_trees::vase_tree::VaseTree>>>>"},/Users/l-monninger/.cargo/registry/src/index.crates.io-1949cf8c6b5b557f/bevy_ecs-0.19.0/src/system/function_system.rs,52,709,1
system{name="lod::scene::bounds_patch::patch_scene_bounds<chico_groves::riverine_green::vc::RiverineGreen, lod_avian::AvianLodSceneBoundsMarshaller>"},/Users/l-monninger/.cargo/registry/src/index.crates.io-1949cf8c6b5b557f/bevy_ecs-0.19.0/src/system/function_system.rs,52,709,1
system_commands{name="bevy_render::extract_component::extract_components<bevy_anti_alias::smaa::Smaa, ()>"},/Users/l-monninger/.cargo/registry/src/index.crates.io-1949cf8c6b5b557f/bevy_ecs-0.19.0/src/system/function_system.rs,54,709,1
system{name="lod::scene::refresh::levels::produce::produce_lod_refresh_levels<chico_vegetation_components::FlattenedComponentsOnly<chico_vegetation_components::placed_vegetation::PlacedVegetation<alloc::sync::Arc<chico_sbs_trees::penmarch_torch::PenmarchTorch>>>>"},/Users/l-monninger/.cargo/registry/src/index.crates.io-1949cf8c6b5b557f/bevy_ecs-0.19.0/src/system/function_system.rs,52,709,1
system{name="bevy_render::extract_component::extract_components<bevy_camera::camera::CameraMainTextureUsages, ()>"},/Users/l-monninger/.cargo/registry/src/index.crates.io-1949cf8c6b5b557f/bevy_ecs-0.19.0/src/system/function_system.rs,52,709,1
system{name="bevy_sprite_render::sprite_mesh::add_mesh"},/Users/l-monninger/.cargo/registry/src/index.crates.io-1949cf8c6b5b557f/bevy_ecs-0.19.0/src/system/function_system.rs,52,709,1
system{name="bevy_pbr::ssao::prepare_ssao_pipelines"},/Users/l-monninger/.cargo/registry/src/index.crates.io-1949cf8c6b5b557f/bevy_ecs-0.19.0/src/system/function_system.rs,52,709,1
system{name="bevy_post_process::bloom::upsampling_pipeline::prepare_upsampling_pipeline"},/Users/l-monninger/.cargo/registry/src/index.crates.io-1949cf8c6b5b557f/bevy_ecs-0.19.0/src/system/function_system.rs,52,708,1
system{name="lod::scene::bounds_patch::patch_scene_bounds<chico_groves::christmas_taiga::vc::ChristmasTaiga, lod_avian::AvianLodSceneBoundsMarshaller>"},/Users/l-monninger/.cargo/registry/src/index.crates.io-1949cf8c6b5b557f/bevy_ecs-0.19.0/src/system/function_system.rs,52,708,1
system{name="bevy_pbr::ssao::extract_ssao_settings"},/Users/l-monninger/.cargo/registry/src/index.crates.io-1949cf8c6b5b557f/bevy_ecs-0.19.0/src/system/function_system.rs,52,708,1
system{name="bevy_ui::accessibility::button_changed"},/Users/l-monninger/.cargo/registry/src/index.crates.io-1949cf8c6b5b557f/bevy_ecs-0.19.0/src/system/function_system.rs,52,708,1
system{name="bevy_sprite_render::mesh2d::mesh::extract_mesh2d"},/Users/l-monninger/.cargo/registry/src/index.crates.io-1949cf8c6b5b557f/bevy_ecs-0.19.0/src/system/function_system.rs,52,708,1
system{name="bevy_anti_alias::smaa::prepare_smaa_pipelines"},/Users/l-monninger/.cargo/registry/src/index.crates.io-1949cf8c6b5b557f/bevy_ecs-0.19.0/src/system/function_system.rs,52,708,1
system{name="bevy_core_pipeline::upscaling::prepare_view_upscaling_pipelines"},/Users/l-monninger/.cargo/registry/src/index.crates.io-1949cf8c6b5b557f/bevy_ecs-0.19.0/src/system/function_system.rs,52,708,1
system{name="render_item::mesh::handle::enforce_caching<sdf_common::noisy::NoisySurface<sdf_common::ball::Ball>, chico_vegetation_shaders::chico_leaf_material::ChicoLeafMaterial>"},/Users/l-monninger/.cargo/registry/src/index.crates.io-1949cf8c6b5b557f/bevy_ecs-0.19.0/src/system/function_system.rs,52,708,1
system{name="bevy_render::extract_resource::extract_resource<bevy_gizmos_render::LineGizmoEntities, ()>"},/Users/l-monninger/.cargo/registry/src/index.crates.io-1949cf8c6b5b557f/bevy_ecs-0.19.0/src/system/function_system.rs,52,708,1
system{name="lod::scene::bounds_patch::patch_scene_bounds<chico_vegetation_components::ComponentsOnly<chico_vegetation_components::placed_vegetation::PlacedVegetation<chico_sbs_trees::rorys_head_trained::RorysHeadTrained>>, lod_avian::AvianLodSceneBoundsMarshaller>"},/Users/l-monninger/.cargo/registry/src/index.crates.io-1949cf8c6b5b557f/bevy_ecs-0.19.0/src/system/function_system.rs,52,708,1
system{name="lod::scene::bounds_patch::patch_scene_bounds<chico_vegetation_components::ComponentsOnly<chico_vegetation_components::placed_vegetation::PlacedVegetation<chico_sbs_trees::storybook_tree::StorybookTree>>, lod_avian::AvianLodSceneBoundsMarshaller>"},/Users/l-monninger/.cargo/registry/src/index.crates.io-1949cf8c6b5b557f/bevy_ecs-0.19.0/src/system/function_system.rs,52,708,1
system{name="bevy_transform_interpolation::hermite::ease_translation_hermite<avian3d::interpolation::LinVelSource>"},/Users/l-monninger/.cargo/registry/src/index.crates.io-1949cf8c6b5b557f/bevy_ecs-0.19.0/src/system/function_system.rs,52,708,1
system{name="bevy_pbr::deferred::prepare_deferred_lighting_pipelines"},/Users/l-monninger/.cargo/registry/src/index.crates.io-1949cf8c6b5b557f/bevy_ecs-0.19.0/src/system/function_system.rs,52,708,1
system{name="bevy_pbr::atmosphere::resources::prepare_atmosphere_transforms"},/Users/l-monninger/.cargo/registry/src/index.crates.io-1949cf8c6b5b557f/bevy_ecs-0.19.0/src/system/function_system.rs,52,708,1
system{name="bevy_pbr::volumetric_fog::render::prepare_view_depth_textures_for_volumetric_fog"},/Users/l-monninger/.cargo/registry/src/index.crates.io-1949cf8c6b5b557f/bevy_ecs-0.19.0/src/system/function_system.rs,52,708,1
system{name="bevy_winit::system::despawn_windows"},/Users/l-monninger/.cargo/registry/src/index.crates.io-1949cf8c6b5b557f/bevy_ecs-0.19.0/src/system/function_system.rs,52,708,1
system{name="bevy_pbr::ssao::prepare_ssao_bind_groups"},/Users/l-monninger/.cargo/registry/src/index.crates.io-1949cf8c6b5b557f/bevy_ecs-0.19.0/src/system/function_system.rs,52,708,1
system{name="lod::scene::bounds_patch::patch_scene_bounds<chico_vegetation_components::ComponentsOnly<chico_vegetation_components::placed_vegetation::PlacedVegetation<chico_sbs_trees::date_palm::DatePalm>>, lod_avian::AvianLodSceneBoundsMarshaller>"},/Users/l-monninger/.cargo/registry/src/index.crates.io-1949cf8c6b5b557f/bevy_ecs-0.19.0/src/system/function_system.rs,52,708,1
system{name="bevy_ui_widgets::text_input::apply_queued_select_all"},/Users/l-monninger/.cargo/registry/src/index.crates.io-1949cf8c6b5b557f/bevy_ecs-0.19.0/src/system/function_system.rs,52,708,1
system{name="bevy_asset::server::publish_asset_server_diagnostics"},/Users/l-monninger/.cargo/registry/src/index.crates.io-1949cf8c6b5b557f/bevy_ecs-0.19.0/src/system/function_system.rs,52,708,1
system_commands{name="bevy_render::extract_component::extract_components<bevy_pbr::fog::DistanceFog, ()>"},/Users/l-monninger/.cargo/registry/src/index.crates.io-1949cf8c6b5b557f/bevy_ecs-0.19.0/src/system/function_system.rs,54,708,1
system_commands{name="bevy_ui_render::extract_uinode_background_colors"},/Users/l-monninger/.cargo/registry/src/index.crates.io-1949cf8c6b5b557f/bevy_ecs-0.19.0/src/system/function_system.rs,54,667,1
system{name="bevy_ui_render::box_shadow::extract_shadows"},/Users/l-monninger/.cargo/registry/src/index.crates.io-1949cf8c6b5b557f/bevy_ecs-0.19.0/src/system/function_system.rs,52,667,1
system{name="avian3d::dynamics::solver::joint_graph::plugin::on_change_joint_entities<avian3d::dynamics::joints::fixed::FixedJoint>"},/Users/l-monninger/.cargo/registry/src/index.crates.io-1949cf8c6b5b557f/bevy_ecs-0.19.0/src/system/function_system.rs,52,667,1
system{name="lod::scene::bounds_patch::patch_scene_bounds<chico_groves::conifer_massives::vc::ConiferMassives, lod_avian::AvianLodSceneBoundsMarshaller>"},/Users/l-monninger/.cargo/registry/src/index.crates.io-1949cf8c6b5b557f/bevy_ecs-0.19.0/src/system/function_system.rs,52,667,1
system_commands{name="bevy_pbr::light_probe::gather_light_probes<bevy_light::probe::EnvironmentMapLight>"},/Users/l-monninger/.cargo/registry/src/index.crates.io-1949cf8c6b5b557f/bevy_ecs-0.19.0/src/system/function_system.rs,54,667,1
system{name="bevy_core_pipeline::skybox::extract_skybox"},/Users/l-monninger/.cargo/registry/src/index.crates.io-1949cf8c6b5b557f/bevy_ecs-0.19.0/src/system/function_system.rs,52,667,1
system{name="bevy_sprite_render::render::extract_sprites"},/Users/l-monninger/.cargo/registry/src/index.crates.io-1949cf8c6b5b557f/bevy_ecs-0.19.0/src/system/function_system.rs,52,667,1
system{name="bevy_pbr::contact_shadows::prepare_contact_shadows_settings"},/Users/l-monninger/.cargo/registry/src/index.crates.io-1949cf8c6b5b557f/bevy_ecs-0.19.0/src/system/function_system.rs,52,667,1
system_commands{name="bevy_render::extract_component::extract_components<bevy_post_process::effect_stack::lens_distortion::LensDistortion, ()>"},/Users/l-monninger/.cargo/registry/src/index.crates.io-1949cf8c6b5b557f/bevy_ecs-0.19.0/src/system/function_system.rs,54,667,1
system{name="lod::scene::bounds_patch::patch_scene_bounds<chico_vegetation_components::ComponentsOnly<chico_sbs_trees::friends_conifer::FriendsConifer>, lod_avian::AvianLodSceneBoundsMarshaller>"},/Users/l-monninger/.cargo/registry/src/index.crates.io-1949cf8c6b5b557f/bevy_ecs-0.19.0/src/system/function_system.rs,52,667,1
system{name="lod::scene::bounds_patch::patch_scene_bounds<chico_groves::unending_jungle::vc::UnendingJungle, lod_avian::AvianLodSceneBoundsMarshaller>"},/Users/l-monninger/.cargo/registry/src/index.crates.io-1949cf8c6b5b557f/bevy_ecs-0.19.0/src/system/function_system.rs,52,667,1
system_commands{name="bevy_render::extract_component::extract_components<bevy_pbr::ssr::ScreenSpaceReflections, ()>"},/Users/l-monninger/.cargo/registry/src/index.crates.io-1949cf8c6b5b557f/bevy_ecs-0.19.0/src/system/function_system.rs,54,667,1
system{name="bevy_core_pipeline::core_2d::extract_core_2d_camera_phases"},/Users/l-monninger/.cargo/registry/src/index.crates.io-1949cf8c6b5b557f/bevy_ecs-0.19.0/src/system/function_system.rs,52,667,1
system{name="lod::scene::bounds_patch::patch_scene_bounds<chico_vegetation_components::ComponentsOnly<chico_groves::common_tufts::vc::CommonTufts>, lod_avian::AvianLodSceneBoundsMarshaller>"},/Users/l-monninger/.cargo/registry/src/index.crates.io-1949cf8c6b5b557f/bevy_ecs-0.19.0/src/system/function_system.rs,52,667,1
system{name="bevy_post_process::effect_stack::prepare_post_processing_uniforms"},/Users/l-monninger/.cargo/registry/src/index.crates.io-1949cf8c6b5b557f/bevy_ecs-0.19.0/src/system/function_system.rs,52,667,1
system_commands{name="bevy_render::extract_component::extract_components<bevy_post_process::motion_blur::MotionBlur, ()>"},/Users/l-monninger/.cargo/registry/src/index.crates.io-1949cf8c6b5b557f/bevy_ecs-0.19.0/src/system/function_system.rs,54,667,1
system{name="bevy_render::render_asset::prepare_assets<bevy_sprite_render::mesh2d::material::PreparedMaterial2d<bevy_sprite_render::tilemap_chunk::tilemap_chunk_material::TilemapChunkMaterial>>"},/Users/l-monninger/.cargo/registry/src/index.crates.io-1949cf8c6b5b557f/bevy_ecs-0.19.0/src/system/function_system.rs,52,667,1
system{name="bevy_pbr::material::extract_mesh_materials<bevy_pbr::pbr_material::StandardMaterial>"},/Users/l-monninger/.cargo/registry/src/index.crates.io-1949cf8c6b5b557f/bevy_ecs-0.19.0/src/system/function_system.rs,52,667,1
system{name="lod::scene::bounds_patch::patch_scene_bounds<chico_vegetation_components::ComponentsOnly<chico_vegetation_components::placed_vegetation::PlacedVegetation<chico_sbs_trees::jungle_storybook_tree::JungleStorybookTree>>, lod_avian::AvianLodSceneBoundsMarshaller>"},/Users/l-monninger/.cargo/registry/src/index.crates.io-1949cf8c6b5b557f/bevy_ecs-0.19.0/src/system/function_system.rs,52,667,1
system_commands{name="bevy_render::extract_component::extract_components<bevy_core_pipeline::prepass::background_motion_vectors::NoBackgroundMotionVectors, ()>"},/Users/l-monninger/.cargo/registry/src/index.crates.io-1949cf8c6b5b557f/bevy_ecs-0.19.0/src/system/function_system.rs,54,667,1
system{name="lod::scene::bounds_patch::patch_scene_bounds<chico_groves::alpine::vc::Alpine, lod_avian::AvianLodSceneBoundsMarshaller>"},/Users/l-monninger/.cargo/registry/src/index.crates.io-1949cf8c6b5b557f/bevy_ecs-0.19.0/src/system/function_system.rs,52,666,1
system{name="bevy_render::extract_component::extract_components<bevy_camera::components::Camera2d, ()>"},/Users/l-monninger/.cargo/registry/src/index.crates.io-1949cf8c6b5b557f/bevy_ecs-0.19.0/src/system/function_system.rs,52,666,1
system{name="chico_sbs_trees_playground::render::sync_render"},/Users/l-monninger/.cargo/registry/src/index.crates.io-1949cf8c6b5b557f/bevy_ecs-0.19.0/src/system/function_system.rs,52,666,1
system{name="bevy_pbr::render::fog::prepare_fog"},/Users/l-monninger/.cargo/registry/src/index.crates.io-1949cf8c6b5b557f/bevy_ecs-0.19.0/src/system/function_system.rs,52,666,1
system{name="bevy_gizmos::update_gizmo_meshes<bevy_light::gizmos::LightGizmoConfigGroup>"},/Users/l-monninger/.cargo/registry/src/index.crates.io-1949cf8c6b5b557f/bevy_ecs-0.19.0/src/system/function_system.rs,52,666,1
system{name="lod::scene::bounds_patch::patch_scene_bounds<chico_groves::riparian_mix::vc::RiparianMix, lod_avian::AvianLodSceneBoundsMarshaller>"},/Users/l-monninger/.cargo/registry/src/index.crates.io-1949cf8c6b5b557f/bevy_ecs-0.19.0/src/system/function_system.rs,52,666,1
system{name="bevy_pbr::light_probe::generate::downsampling_system"},/Users/l-monninger/.cargo/registry/src/index.crates.io-1949cf8c6b5b557f/bevy_ecs-0.19.0/src/system/function_system.rs,52,666,1
system{name="lod::scene::bounds_patch::patch_scene_bounds<chico_vegetation_components::ComponentsOnly<chico_vegetation_components::placed_vegetation::PlacedVegetation<chico_sbs_trees::sopes_banyan::SopesBanyan>>, lod_avian::AvianLodSceneBoundsMarshaller>"},/Users/l-monninger/.cargo/registry/src/index.crates.io-1949cf8c6b5b557f/bevy_ecs-0.19.0/src/system/function_system.rs,52,666,1
system{name="bevy_render::batching::gpu_preprocessing::write_binned_instance_buffers<bevy_core_pipeline::prepass::AlphaMask3dPrepass, bevy_pbr::render::mesh::MeshPipeline>"},/Users/l-monninger/.cargo/registry/src/index.crates.io-1949cf8c6b5b557f/bevy_ecs-0.19.0/src/system/function_system.rs,52,666,1
system{name="bevy_render::uniform::prepare_uniform_components<bevy_anti_alias::contrast_adaptive_sharpening::CasUniform>"},/Users/l-monninger/.cargo/registry/src/index.crates.io-1949cf8c6b5b557f/bevy_ecs-0.19.0/src/system/function_system.rs,52,666,1
system{name="bevy_light::directional_light::validate_shadow_map_size"},/Users/l-monninger/.cargo/registry/src/index.crates.io-1949cf8c6b5b557f/bevy_ecs-0.19.0/src/system/function_system.rs,52,666,1
system{name="lod::scene::bounds_patch::patch_scene_bounds<chico_groves::shamanhome::vc::Shamanhome, lod_avian::AvianLodSceneBoundsMarshaller>"},/Users/l-monninger/.cargo/registry/src/index.crates.io-1949cf8c6b5b557f/bevy_ecs-0.19.0/src/system/function_system.rs,52,666,1
system_commands{name="bevy_core_pipeline::core_3d::prepare_prepass_textures"},/Users/l-monninger/.cargo/registry/src/index.crates.io-1949cf8c6b5b557f/bevy_ecs-0.19.0/src/system/function_system.rs,54,666,1
system{name="lod::scene::refresh::levels::produce::produce_lod_refresh_levels<chico_vegetation_components::FlattenedComponentsOnly<chico_vegetation_components::placed_vegetation::PlacedVegetation<alloc::sync::Arc<chico_sbs_trees::kamakura_torch::KamakuraTorch>>>>"},/Users/l-monninger/.cargo/registry/src/index.crates.io-1949cf8c6b5b557f/bevy_ecs-0.19.0/src/system/function_system.rs,52,666,1
system{name="avian3d::dynamics::integrator::clear_velocity_increments"},/Users/l-monninger/.cargo/registry/src/index.crates.io-1949cf8c6b5b557f/bevy_ecs-0.19.0/src/system/function_system.rs,52,666,1
system{name="bevy_picking::pointer::PointerInput::receive"},/Users/l-monninger/.cargo/registry/src/index.crates.io-1949cf8c6b5b557f/bevy_ecs-0.19.0/src/system/function_system.rs,52,666,1
system{name="bevy_audio::audio_output::audio_output_available"},/Users/l-monninger/.cargo/registry/src/index.crates.io-1949cf8c6b5b557f/bevy_ecs-0.19.0/src/system/function_system.rs,52,666,1
system{name="bevy_text::editing::apply_text_edits"},/Users/l-monninger/.cargo/registry/src/index.crates.io-1949cf8c6b5b557f/bevy_ecs-0.19.0/src/system/function_system.rs,52,666,1
system{name="bevy_light::atmosphere::extract_chromatic_phase_textures"},/Users/l-monninger/.cargo/registry/src/index.crates.io-1949cf8c6b5b557f/bevy_ecs-0.19.0/src/system/function_system.rs,52,666,1
system{name="bevy_transform_interpolation::ease_translation_lerp"},/Users/l-monninger/.cargo/registry/src/index.crates.io-1949cf8c6b5b557f/bevy_ecs-0.19.0/src/system/function_system.rs,52,625,1
system{name="bevy_render::render_asset::prepare_assets<bevy_sprite_render::mesh2d::material::PreparedMaterial2d<bevy_sprite_render::mesh2d::color_material::ColorMaterial>>"},/Users/l-monninger/.cargo/registry/src/index.crates.io-1949cf8c6b5b557f/bevy_ecs-0.19.0/src/system/function_system.rs,52,625,1
system{name="bevy_post_process::dof::extract_depth_of_field_settings"},/Users/l-monninger/.cargo/registry/src/index.crates.io-1949cf8c6b5b557f/bevy_ecs-0.19.0/src/system/function_system.rs,52,625,1
system{name="bevy_app::propagate::update_source<bevy_ui::ui_node::ComputedUiTargetCamera, (), bevy_ecs::hierarchy::ChildOf>"},/Users/l-monninger/.cargo/registry/src/index.crates.io-1949cf8c6b5b557f/bevy_ecs-0.19.0/src/system/function_system.rs,52,625,1
system{name="lod::scene::bounds_patch::patch_scene_bounds<chico_vegetation_components::ComponentsOnly<chico_sbs_trees::rorys_head_trained::RorysHeadTrained>, lod_avian::AvianLodSceneBoundsMarshaller>"},/Users/l-monninger/.cargo/registry/src/index.crates.io-1949cf8c6b5b557f/bevy_ecs-0.19.0/src/system/function_system.rs,52,625,1
system{name="bevy_ui_widgets::text_input::listen_for_ime_input_when_text_input_focused"},/Users/l-monninger/.cargo/registry/src/index.crates.io-1949cf8c6b5b557f/bevy_ecs-0.19.0/src/system/function_system.rs,52,625,1
system{name="lod::scene::refresh::entities::refresh::refresh_lod_host_levels"},/Users/l-monninger/.cargo/registry/src/index.crates.io-1949cf8c6b5b557f/bevy_ecs-0.19.0/src/system/function_system.rs,52,625,1
system{name="bevy_pbr::render::light::per_view_shadow_pass<true>"},/Users/l-monninger/.cargo/registry/src/index.crates.io-1949cf8c6b5b557f/bevy_ecs-0.19.0/src/system/function_system.rs,52,625,1
system_commands{name="bevy_render::extract_component::extract_components<bevy_post_process::effect_stack::vignette::Vignette, ()>"},/Users/l-monninger/.cargo/registry/src/index.crates.io-1949cf8c6b5b557f/bevy_ecs-0.19.0/src/system/function_system.rs,54,625,1
system{name="bevy_post_process::dof::prepare_auxiliary_depth_of_field_textures"},/Users/l-monninger/.cargo/registry/src/index.crates.io-1949cf8c6b5b557f/bevy_ecs-0.19.0/src/system/function_system.rs,52,625,1
system{name="bevy_render::extract_component::extract_components<bevy_camera::components::Camera3d, ()>"},/Users/l-monninger/.cargo/registry/src/index.crates.io-1949cf8c6b5b557f/bevy_ecs-0.19.0/src/system/function_system.rs,52,625,1
system{name="bevy_ui::widget::image::update_image_content_size_system"},/Users/l-monninger/.cargo/registry/src/index.crates.io-1949cf8c6b5b557f/bevy_ecs-0.19.0/src/system/function_system.rs,52,625,1
system{name="lod::scene::bounds_patch::patch_scene_bounds<chico_vegetation_components::ComponentsOnly<chico_vegetation_components::placed_vegetation::PlacedVegetation<chico_sbs_trees::honu_banyan::HonuBanyan>>, lod_avian::AvianLodSceneBoundsMarshaller>"},/Users/l-monninger/.cargo/registry/src/index.crates.io-1949cf8c6b5b557f/bevy_ecs-0.19.0/src/system/function_system.rs,52,625,1
system{name="bevy_core_pipeline::core_3d::check_msaa"},/Users/l-monninger/.cargo/registry/src/index.crates.io-1949cf8c6b5b557f/bevy_ecs-0.19.0/src/system/function_system.rs,52,625,1
system{name="bevy_asset::assets::Assets<bevy_shader::shader::Shader>::track_assets"},/Users/l-monninger/.cargo/registry/src/index.crates.io-1949cf8c6b5b557f/bevy_ecs-0.19.0/src/system/function_system.rs,52,625,1
system{name="render_item::mesh::handle::enforce_caching<sdf_common::noisy::NoisySurface<sdf_common::cylinder::TaperedCylinder>, bevy_pbr::pbr_material::StandardMaterial>"},/Users/l-monninger/.cargo/registry/src/index.crates.io-1949cf8c6b5b557f/bevy_ecs-0.19.0/src/system/function_system.rs,52,625,1
system{name="lod::scene::bounds_patch::patch_scene_bounds<chico_groves::trade_winds::vc::TradeWinds, lod_avian::AvianLodSceneBoundsMarshaller>"},/Users/l-monninger/.cargo/registry/src/index.crates.io-1949cf8c6b5b557f/bevy_ecs-0.19.0/src/system/function_system.rs,52,625,1
system{name="bevy_gizmos::aabb::draw_aabbs"},/Users/l-monninger/.cargo/registry/src/index.crates.io-1949cf8c6b5b557f/bevy_ecs-0.19.0/src/system/function_system.rs,52,625,1
system{name="lod::scene::bounds_patch::patch_scene_bounds<chico_groves::wandering_acacia::vc::WanderingAcacia, lod_avian::AvianLodSceneBoundsMarshaller>"},/Users/l-monninger/.cargo/registry/src/index.crates.io-1949cf8c6b5b557f/bevy_ecs-0.19.0/src/system/function_system.rs,52,625,1
system{name="avian3d::spatial_query::update_ray_caster_positions"},/Users/l-monninger/.cargo/registry/src/index.crates.io-1949cf8c6b5b557f/bevy_ecs-0.19.0/src/system/function_system.rs,52,625,1
system{name="bevy_animation::graph::thread_animation_graphs"},/Users/l-monninger/.cargo/registry/src/index.crates.io-1949cf8c6b5b557f/bevy_ecs-0.19.0/src/system/function_system.rs,52,625,1
system{name="bevy_render::extract_component::extract_components<bevy_pbr::fog::DistanceFog, ()>"},/Users/l-monninger/.cargo/registry/src/index.crates.io-1949cf8c6b5b557f/bevy_ecs-0.19.0/src/system/function_system.rs,52,625,1
system{name="bevy_render::extract_component::extract_components<bevy_render::view::Msaa, ()>"},/Users/l-monninger/.cargo/registry/src/index.crates.io-1949cf8c6b5b557f/bevy_ecs-0.19.0/src/system/function_system.rs,52,625,1
system{name="bevy_asset::assets::Assets<bevy_world_serialization::world_asset::WorldAsset>::asset_events_condition"},/Users/l-monninger/.cargo/registry/src/index.crates.io-1949cf8c6b5b557f/bevy_ecs-0.19.0/src/system/function_system.rs,52,625,1
system{name="bevy_pbr::atmosphere::environment::prepare_probe_textures"},/Users/l-monninger/.cargo/registry/src/index.crates.io-1949cf8c6b5b557f/bevy_ecs-0.19.0/src/system/function_system.rs,52,625,1
system{name="bevy_picking::input::mouse_pick_events"},/Users/l-monninger/.cargo/registry/src/index.crates.io-1949cf8c6b5b557f/bevy_ecs-0.19.0/src/system/function_system.rs,52,625,1
system{name="bevy_render::view::cleanup_view_targets_for_resize"},/Users/l-monninger/.cargo/registry/src/index.crates.io-1949cf8c6b5b557f/bevy_ecs-0.19.0/src/system/function_system.rs,52,625,1
system{name="bevy_sprite_render::mesh2d::mesh::prepare_mesh2d_view_bind_groups"},/Users/l-monninger/.cargo/registry/src/index.crates.io-1949cf8c6b5b557f/bevy_ecs-0.19.0/src/system/function_system.rs,52,625,1
system{name="bevy_animation::transition::advance_transitions"},/Users/l-monninger/.cargo/registry/src/index.crates.io-1949cf8c6b5b557f/bevy_ecs-0.19.0/src/system/function_system.rs,52,625,1
system_commands{name="bevy_pbr::light_probe::gather_light_probes<bevy_light::probe::IrradianceVolume>"},/Users/l-monninger/.cargo/registry/src/index.crates.io-1949cf8c6b5b557f/bevy_ecs-0.19.0/src/system/function_system.rs,54,625,1
system{name="lod::scene::refresh::levels::produce::produce_lod_refresh_levels<chico_vegetation_components::ComponentsOnly<chico_groves::tropical_tufts::vc::TropicalTufts>>"},/Users/l-monninger/.cargo/registry/src/index.crates.io-1949cf8c6b5b557f/bevy_ecs-0.19.0/src/system/function_system.rs,52,625,1
system{name="avian3d::spatial_query::shapecast"},/Users/l-monninger/.cargo/registry/src/index.crates.io-1949cf8c6b5b557f/bevy_ecs-0.19.0/src/system/function_system.rs,52,625,1
system{name="lod::scene::bounds_patch::patch_scene_bounds<chico_vegetation_components::FlattenedComponentsOnly<chico_vegetation_components::placed_vegetation::PlacedVegetation<alloc::sync::Arc<chico_sbs_trees::storybook_tree::StorybookTree>>>, lod_avian::AvianLodSceneBoundsMarshaller>"},/Users/l-monninger/.cargo/registry/src/index.crates.io-1949cf8c6b5b557f/bevy_ecs-0.19.0/src/system/function_system.rs,52,625,1
system{name="bevy_sprite_render::texture_slice::computed_slices::compute_slices_on_asset_event"},/Users/l-monninger/.cargo/registry/src/index.crates.io-1949cf8c6b5b557f/bevy_ecs-0.19.0/src/system/function_system.rs,52,625,1
system{name="lod::scene::bounds_patch::patch_scene_bounds<chico_vegetation_components::sticks::node::StickNode, lod_avian::AvianLodSceneBoundsMarshaller>"},/Users/l-monninger/.cargo/registry/src/index.crates.io-1949cf8c6b5b557f/bevy_ecs-0.19.0/src/system/function_system.rs,52,625,1
system{name="bevy_ui_render::text::extract_preedit_underlines"},/Users/l-monninger/.cargo/registry/src/index.crates.io-1949cf8c6b5b557f/bevy_ecs-0.19.0/src/system/function_system.rs,52,625,1
system{name="bevy_gizmos::frustum::draw_frustum_gizmos"},/Users/l-monninger/.cargo/registry/src/index.crates.io-1949cf8c6b5b557f/bevy_ecs-0.19.0/src/system/function_system.rs,52,625,1
system{name="bevy_render::uniform::prepare_uniform_components<bevy_core_pipeline::skybox::SkyboxUniforms>"},/Users/l-monninger/.cargo/registry/src/index.crates.io-1949cf8c6b5b557f/bevy_ecs-0.19.0/src/system/function_system.rs,52,625,1
system{name="lod::scene::refresh::levels::produce::produce_lod_refresh_levels<chico_vegetation_components::ComponentsOnly<chico_sbs_trees::temperate_conifer::TemperateConifer>>"},/Users/l-monninger/.cargo/registry/src/index.crates.io-1949cf8c6b5b557f/bevy_ecs-0.19.0/src/system/function_system.rs,52,625,1
system{name="bevy_render::render_asset::prepare_assets<bevy_gizmos_render::GpuLineGizmo>"},/Users/l-monninger/.cargo/registry/src/index.crates.io-1949cf8c6b5b557f/bevy_ecs-0.19.0/src/system/function_system.rs,52,625,1
system{name="lod::scene::refresh::levels::produce::produce_lod_refresh_levels<chico_vegetation_components::ComponentsOnly<chico_vegetation_components::placed_vegetation::PlacedVegetation<chico_sbs_trees::sopes_banyan::SopesBanyan>>>"},/Users/l-monninger/.cargo/registry/src/index.crates.io-1949cf8c6b5b557f/bevy_ecs-0.19.0/src/system/function_system.rs,52,625,1
par_for_each{query="&mut bevy_mesh::components::Mesh3d" filter="bevy_ecs::query::filter::Or<(bevy_ecs::query::filter::Changed<bevy_pbr::mesh_material::MeshMaterial3d<chico_sbs_trees_playground::checkerboard_material::CheckerboardMaterial>>, bevy_asset::asset_changed::AssetChanged<bevy_pbr::mesh_material::MeshMaterial3d<chico_sbs_trees_playground::checkerboard_material::CheckerboardMaterial>>)>"},/Users/l-monninger/.cargo/registry/src/index.crates.io-1949cf8c6b5b557f/bevy_ecs-0.19.0/src/query/state.rs,297,625,1
system{name="bevy_render::erased_render_asset::prepare_erased_assets<bevy_pbr::mesh_material::MeshMaterial3d<chico_vegetation_shaders::chico_leaf_material::ChicoLeafMaterial>>"},/Users/l-monninger/.cargo/registry/src/index.crates.io-1949cf8c6b5b557f/bevy_ecs-0.19.0/src/system/function_system.rs,52,584,1
system{name="bevy_render::batching::gpu_preprocessing::batch_and_prepare_binned_render_phase<bevy_core_pipeline::deferred::AlphaMask3dDeferred, bevy_pbr::render::mesh::MeshPipeline>"},/Users/l-monninger/.cargo/registry/src/index.crates.io-1949cf8c6b5b557f/bevy_ecs-0.19.0/src/system/function_system.rs,52,584,1
system{name="bevy_core_pipeline::mip_generation::experimental::depth::late_downsample_depth"},/Users/l-monninger/.cargo/registry/src/index.crates.io-1949cf8c6b5b557f/bevy_ecs-0.19.0/src/system/function_system.rs,52,584,1
system{name="bevy_ui::widget::viewport::update_viewport_render_target_size"},/Users/l-monninger/.cargo/registry/src/index.crates.io-1949cf8c6b5b557f/bevy_ecs-0.19.0/src/system/function_system.rs,52,584,1
system{name="avian3d::dynamics::joints::revolute::update_local_frames"},/Users/l-monninger/.cargo/registry/src/index.crates.io-1949cf8c6b5b557f/bevy_ecs-0.19.0/src/system/function_system.rs,52,584,1
system{name="bevy_render::extract_component::extract_components<bevy_pbr::contact_shadows::ContactShadows, ()>"},/Users/l-monninger/.cargo/registry/src/index.crates.io-1949cf8c6b5b557f/bevy_ecs-0.19.0/src/system/function_system.rs,52,584,1
system{name="bevy_render::render_asset::prepare_assets<bevy_render::storage::GpuShaderBuffer>"},/Users/l-monninger/.cargo/registry/src/index.crates.io-1949cf8c6b5b557f/bevy_ecs-0.19.0/src/system/function_system.rs,52,584,1
check_conditions{name="<avian3d::spatial_query::diagnostics::SpatialQueryDiagnostics as avian3d::diagnostics::PhysicsDiagnostics>::reset"},/Users/l-monninger/.cargo/registry/src/index.crates.io-1949cf8c6b5b557f/bevy_ecs-0.19.0/src/schedule/executor/single_threaded.rs,77,584,1
system{name="avian3d::dynamics::solver::joint_graph::plugin::on_change_joint_entities<avian3d::dynamics::joints::prismatic::PrismaticJoint>"},/Users/l-monninger/.cargo/registry/src/index.crates.io-1949cf8c6b5b557f/bevy_ecs-0.19.0/src/system/function_system.rs,52,584,1
system{name="bevy_input::keyboard::keyboard_input_system"},/Users/l-monninger/.cargo/registry/src/index.crates.io-1949cf8c6b5b557f/bevy_ecs-0.19.0/src/system/function_system.rs,52,584,1
system{name="bevy_sprite::text2d::calculate_bounds_text2d"},/Users/l-monninger/.cargo/registry/src/index.crates.io-1949cf8c6b5b557f/bevy_ecs-0.19.0/src/system/function_system.rs,52,584,1
system{name="lod::scene::bounds_patch::patch_scene_bounds<chico_vegetation_components::ComponentsOnly<chico_sbs_trees::high_bush_shoots::HighBushShoots>, lod_avian::AvianLodSceneBoundsMarshaller>"},/Users/l-monninger/.cargo/registry/src/index.crates.io-1949cf8c6b5b557f/bevy_ecs-0.19.0/src/system/function_system.rs,52,584,1
system{name="lod::scene::bounds_patch::patch_scene_bounds<chico_vegetation_components::ComponentsOnly<chico_groves::tall_grass::vc::TallGrass>, lod_avian::AvianLodSceneBoundsMarshaller>"},/Users/l-monninger/.cargo/registry/src/index.crates.io-1949cf8c6b5b557f/bevy_ecs-0.19.0/src/system/function_system.rs,52,584,1
system{name="bevy_asset::assets::Assets<bevy_gltf::assets::GltfNode>::track_assets"},/Users/l-monninger/.cargo/registry/src/index.crates.io-1949cf8c6b5b557f/bevy_ecs-0.19.0/src/system/function_system.rs,52,584,1
system{name="bevy_asset::assets::Assets<bevy_gizmos::GizmoAsset>::track_assets"},/Users/l-monninger/.cargo/registry/src/index.crates.io-1949cf8c6b5b557f/bevy_ecs-0.19.0/src/system/function_system.rs,52,583,1
system_commands{name="bevy_ui_render::gradient::prepare_gradient"},/Users/l-monninger/.cargo/registry/src/index.crates.io-1949cf8c6b5b557f/bevy_ecs-0.19.0/src/system/function_system.rs,54,583,1
system{name="bevy_ui_widgets::text_input::update_ime_position"},/Users/l-monninger/.cargo/registry/src/index.crates.io-1949cf8c6b5b557f/bevy_ecs-0.19.0/src/system/function_system.rs,52,583,1
system{name="bevy_render::extract_resource::extract_resource<bevy_light::cluster::GlobalClusterSettings, bevy_pbr::cluster::gpu::GpuClusteringPlugin>"},/Users/l-monninger/.cargo/registry/src/index.crates.io-1949cf8c6b5b557f/bevy_ecs-0.19.0/src/system/function_system.rs,52,583,1
system{name="lod::scene::bounds_patch::patch_scene_bounds<chico_vegetation_components::ComponentsOnly<chico_vegetation_components::placed_vegetation::PlacedVegetation<chico_sbs_trees::penmarch_torch::PenmarchTorch>>, lod_avian::AvianLodSceneBoundsMarshaller>"},/Users/l-monninger/.cargo/registry/src/index.crates.io-1949cf8c6b5b557f/bevy_ecs-0.19.0/src/system/function_system.rs,52,583,1
system{name="lod::scene::bounds_patch::patch_scene_bounds<chico_groves::jungle_lower_massives::vc::JungleLowerMassives, lod_avian::AvianLodSceneBoundsMarshaller>"},/Users/l-monninger/.cargo/registry/src/index.crates.io-1949cf8c6b5b557f/bevy_ecs-0.19.0/src/system/function_system.rs,52,583,1
system{name="bevy_gizmos::collect_requested_gizmos<bevy_gizmos::skinned_mesh_bounds::SkinnedMeshBoundsGizmoConfigGroup, bevy_time::fixed::Fixed>"},/Users/l-monninger/.cargo/registry/src/index.crates.io-1949cf8c6b5b557f/bevy_ecs-0.19.0/src/system/function_system.rs,52,583,1
system_commands{name="bevy_render::extract_component::extract_components<bevy_camera::components::Camera2d, ()>"},/Users/l-monninger/.cargo/registry/src/index.crates.io-1949cf8c6b5b557f/bevy_ecs-0.19.0/src/system/function_system.rs,54,583,1
system{name="bevy_render::extract_component::extract_components<bevy_anti_alias::fxaa::Fxaa, ()>"},/Users/l-monninger/.cargo/registry/src/index.crates.io-1949cf8c6b5b557f/bevy_ecs-0.19.0/src/system/function_system.rs,52,583,1
system{name="bevy_post_process::bloom::prepare_bloom_bind_groups"},/Users/l-monninger/.cargo/registry/src/index.crates.io-1949cf8c6b5b557f/bevy_ecs-0.19.0/src/system/function_system.rs,52,583,1
system{name="avian3d::dynamics::rigid_body::mass_properties::warn_invalid_mass"},/Users/l-monninger/.cargo/registry/src/index.crates.io-1949cf8c6b5b557f/bevy_ecs-0.19.0/src/system/function_system.rs,52,583,1
system{name="lod::scene::bounds_patch::patch_scene_bounds<chico_vegetation_components::ComponentsOnly<chico_sbs_trees::kamakura_torch::KamakuraTorch>, lod_avian::AvianLodSceneBoundsMarshaller>"},/Users/l-monninger/.cargo/registry/src/index.crates.io-1949cf8c6b5b557f/bevy_ecs-0.19.0/src/system/function_system.rs,52,583,1
system{name="lod::scene::bounds_patch::patch_scene_bounds<chico_vegetation_components::ComponentsOnly<chico_vegetation_components::placed_vegetation::PlacedVegetation<chico_sbs_trees::palm_bush::PalmBush>>, lod_avian::AvianLodSceneBoundsMarshaller>"},/Users/l-monninger/.cargo/registry/src/index.crates.io-1949cf8c6b5b557f/bevy_ecs-0.19.0/src/system/function_system.rs,52,583,1
system{name="bevy_pbr::atmosphere::resources::queue_render_sky_pipelines"},/Users/l-monninger/.cargo/registry/src/index.crates.io-1949cf8c6b5b557f/bevy_ecs-0.19.0/src/system/function_system.rs,52,583,1
system{name="lod::scene::refresh::levels::produce::produce_lod_refresh_levels<chico_vegetation_components::ComponentsOnly<chico_sbs_trees::palm_bush::PalmBush>>"},/Users/l-monninger/.cargo/registry/src/index.crates.io-1949cf8c6b5b557f/bevy_ecs-0.19.0/src/system/function_system.rs,52,583,1
system{name="lod::scene::bounds_patch::patch_scene_bounds<chico_vegetation_components::ComponentsOnly<chico_sbs_trees::palm_crown::PalmCrown>, lod_avian::AvianLodSceneBoundsMarshaller>"},/Users/l-monninger/.cargo/registry/src/index.crates.io-1949cf8c6b5b557f/bevy_ecs-0.19.0/src/system/function_system.rs,52,583,1
system{name="lod::scene::refresh::levels::produce::produce_lod_refresh_levels<chico_vegetation_components::ComponentsOnly<chico_sbs_trees::jungle_storybook_tree::JungleStorybookTree>>"},/Users/l-monninger/.cargo/registry/src/index.crates.io-1949cf8c6b5b557f/bevy_ecs-0.19.0/src/system/function_system.rs,52,583,1
system{name="bevy_gizmos::start_gizmo_context<bevy_gizmos::frustum::FrustumGizmoConfigGroup, bevy_time::fixed::Fixed>"},/Users/l-monninger/.cargo/registry/src/index.crates.io-1949cf8c6b5b557f/bevy_ecs-0.19.0/src/system/function_system.rs,52,542,1
system{name="bevy_gizmos::collect_requested_gizmos<bevy_light::gizmos::LightGizmoConfigGroup, bevy_time::fixed::Fixed>"},/Users/l-monninger/.cargo/registry/src/index.crates.io-1949cf8c6b5b557f/bevy_ecs-0.19.0/src/system/function_system.rs,52,542,1
system{name="bevy_pbr::ssr::prepare_ssr_settings"},/Users/l-monninger/.cargo/registry/src/index.crates.io-1949cf8c6b5b557f/bevy_ecs-0.19.0/src/system/function_system.rs,52,542,1
system{name="bevy_post_process::bloom::bloom"},/Users/l-monninger/.cargo/registry/src/index.crates.io-1949cf8c6b5b557f/bevy_ecs-0.19.0/src/system/function_system.rs,52,542,1
system{name="game_commands::command::toggle_text_entry_focus"},/Users/l-monninger/.cargo/registry/src/index.crates.io-1949cf8c6b5b557f/bevy_ecs-0.19.0/src/system/function_system.rs,52,542,1
system{name="bevy_asset::assets::Assets<chico_vegetation_shaders::chico_stick_material::ChicoStickMaterial>::track_assets"},/Users/l-monninger/.cargo/registry/src/index.crates.io-1949cf8c6b5b557f/bevy_ecs-0.19.0/src/system/function_system.rs,52,542,1
system{name="bevy_post_process::dof::prepare_depth_of_field_global_bind_group"},/Users/l-monninger/.cargo/registry/src/index.crates.io-1949cf8c6b5b557f/bevy_ecs-0.19.0/src/system/function_system.rs,52,542,1
system{name="avian3d::dynamics::joints::spherical::update_local_frames"},/Users/l-monninger/.cargo/registry/src/index.crates.io-1949cf8c6b5b557f/bevy_ecs-0.19.0/src/system/function_system.rs,52,542,1
system{name="bevy_pbr::prepass::extract_camera_previous_view_data"},/Users/l-monninger/.cargo/registry/src/index.crates.io-1949cf8c6b5b557f/bevy_ecs-0.19.0/src/system/function_system.rs,52,542,1
system{name="bevy_render::uniform::prepare_uniform_components<bevy_pbr::atmosphere::GpuAtmosphereSettings>"},/Users/l-monninger/.cargo/registry/src/index.crates.io-1949cf8c6b5b557f/bevy_ecs-0.19.0/src/system/function_system.rs,52,542,1
system{name="avian3d::dynamics::solver::solver_body::plugin::writeback_solver_bodies"},/Users/l-monninger/.cargo/registry/src/index.crates.io-1949cf8c6b5b557f/bevy_ecs-0.19.0/src/system/function_system.rs,52,542,1
system{name="avian3d::dynamics::rigid_body::forces::plugin::apply_constant_linear_acceleration"},/Users/l-monninger/.cargo/registry/src/index.crates.io-1949cf8c6b5b557f/bevy_ecs-0.19.0/src/system/function_system.rs,52,542,1
system_commands{name="lod::scene::refresh::cull_regions::enqueue::produce_lod_cull_for_region<lod_avian::AvianLodSceneRegionIndex<'_, '_, chico_vegetation_components::ComponentsOnly<chico_groves::tropical_tufts::vc::TropicalTufts>>, chico_sbs_trees_playground::vegetation_lod::VegetationCull, chico_vegetation_components::ComponentsOnly<chico_groves::tropical_tufts::vc::TropicalTufts>, bevy_ecs::query::filter::With<bevy_camera::camera::Camera>>"},/Users/l-monninger/.cargo/registry/src/index.crates.io-1949cf8c6b5b557f/bevy_ecs-0.19.0/src/system/function_system.rs,54,542,1
system{name="bevy_winit::cursor::update_cursors"},/Users/l-monninger/.cargo/registry/src/index.crates.io-1949cf8c6b5b557f/bevy_ecs-0.19.0/src/system/function_system.rs,52,542,1
system{name="bevy_input::mouse::mouse_button_input_system"},/Users/l-monninger/.cargo/registry/src/index.crates.io-1949cf8c6b5b557f/bevy_ecs-0.19.0/src/system/function_system.rs,52,542,1
system{name="bevy_sprite_render::mesh2d::material::extract_mesh_materials_2d<bevy_sprite_render::sprite_mesh::sprite_material::SpriteMaterial>"},/Users/l-monninger/.cargo/registry/src/index.crates.io-1949cf8c6b5b557f/bevy_ecs-0.19.0/src/system/function_system.rs,52,542,1
system{name="avian3d::dynamics::solver::joint_graph::plugin::on_change_joint_entities<avian3d::dynamics::joints::distance::DistanceJoint>"},/Users/l-monninger/.cargo/registry/src/index.crates.io-1949cf8c6b5b557f/bevy_ecs-0.19.0/src/system/function_system.rs,52,542,1
system{name="bevy_asset::assets::Assets<bevy_world_serialization::world_asset::WorldAsset>::track_assets"},/Users/l-monninger/.cargo/registry/src/index.crates.io-1949cf8c6b5b557f/bevy_ecs-0.19.0/src/system/function_system.rs,52,542,1
system{name="bevy_input_focus::dispatch_focused_input<bevy_input::gamepad::GamepadButtonChangedEvent>"},/Users/l-monninger/.cargo/registry/src/index.crates.io-1949cf8c6b5b557f/bevy_ecs-0.19.0/src/system/function_system.rs,52,542,1
system{name="lod::scene::refresh::levels::produce::produce_lod_refresh_levels<chico_vegetation_components::ComponentsOnly<chico_vegetation_components::placed_vegetation::PlacedVegetation<chico_sbs_trees::storybook_tree::StorybookTree>>>"},/Users/l-monninger/.cargo/registry/src/index.crates.io-1949cf8c6b5b557f/bevy_ecs-0.19.0/src/system/function_system.rs,52,542,1
system{name="bevy_render::uniform::prepare_uniform_components<bevy_gizmos_render::LineGizmoUniform>"},/Users/l-monninger/.cargo/registry/src/index.crates.io-1949cf8c6b5b557f/bevy_ecs-0.19.0/src/system/function_system.rs,52,542,1
system{name="bevy_light::spot_light::update_spot_light_bounding_spheres"},/Users/l-monninger/.cargo/registry/src/index.crates.io-1949cf8c6b5b557f/bevy_ecs-0.19.0/src/system/function_system.rs,52,542,1
system{name="bevy_pbr::light_probe::generate::filtering_system"},/Users/l-monninger/.cargo/registry/src/index.crates.io-1949cf8c6b5b557f/bevy_ecs-0.19.0/src/system/function_system.rs,52,542,1
system_commands{name="bevy_ui_render::ui_texture_slice_pipeline::prepare_ui_slices"},/Users/l-monninger/.cargo/registry/src/index.crates.io-1949cf8c6b5b557f/bevy_ecs-0.19.0/src/system/function_system.rs,54,542,1
system{name="lod::scene::bounds_patch::patch_scene_bounds<chico_groves::strange_oasis::vc::StrangeOasis, lod_avian::AvianLodSceneBoundsMarshaller>"},/Users/l-monninger/.cargo/registry/src/index.crates.io-1949cf8c6b5b557f/bevy_ecs-0.19.0/src/system/function_system.rs,52,542,1
system{name="bevy_sprite_render::sprite_mesh::add_material"},/Users/l-monninger/.cargo/registry/src/index.crates.io-1949cf8c6b5b557f/bevy_ecs-0.19.0/src/system/function_system.rs,52,541,1
system{name="bevy_anti_alias::smaa::smaa"},/Users/l-monninger/.cargo/registry/src/index.crates.io-1949cf8c6b5b557f/bevy_ecs-0.19.0/src/system/function_system.rs,52,541,1
system_commands{name="bevy_render::extract_component::extract_components<bevy_render::occlusion_culling::OcclusionCulling, ()>"},/Users/l-monninger/.cargo/registry/src/index.crates.io-1949cf8c6b5b557f/bevy_ecs-0.19.0/src/system/function_system.rs,54,541,1
system{name="bevy_render::render_resource::pipeline_cache::PipelineCache::extract_shaders"},/Users/l-monninger/.cargo/registry/src/index.crates.io-1949cf8c6b5b557f/bevy_ecs-0.19.0/src/system/function_system.rs,52,541,1
system{name="bevy_picking::hover::update_is_directly_hovered"},/Users/l-monninger/.cargo/registry/src/index.crates.io-1949cf8c6b5b557f/bevy_ecs-0.19.0/src/system/function_system.rs,52,541,1
system_commands{name="bevy_pbr::render::light::extract_ambient_light"},/Users/l-monninger/.cargo/registry/src/index.crates.io-1949cf8c6b5b557f/bevy_ecs-0.19.0/src/system/function_system.rs,54,541,1
system{name="bevy_ui_render::text::extract_text_cursor"},/Users/l-monninger/.cargo/registry/src/index.crates.io-1949cf8c6b5b557f/bevy_ecs-0.19.0/src/system/function_system.rs,52,541,1
system_commands{name="bevy_pbr::decal::clustered::extract_clustered_decal"},/Users/l-monninger/.cargo/registry/src/index.crates.io-1949cf8c6b5b557f/bevy_ecs-0.19.0/src/system/function_system.rs,54,541,1
system{name="lod::scene::bounds_patch::patch_scene_bounds<chico_vegetation_components::ComponentsOnly<chico_vegetation_components::placed_vegetation::PlacedVegetation<chico_sbs_trees::simplemans_hedge::SimplemansHedge>>, lod_avian::AvianLodSceneBoundsMarshaller>"},/Users/l-monninger/.cargo/registry/src/index.crates.io-1949cf8c6b5b557f/bevy_ecs-0.19.0/src/system/function_system.rs,52,541,1
system{name="bevy_core_pipeline::core_3d::configure_occlusion_culling_view_targets"},/Users/l-monninger/.cargo/registry/src/index.crates.io-1949cf8c6b5b557f/bevy_ecs-0.19.0/src/system/function_system.rs,52,541,1
system{name="lod::scene::bounds_patch::patch_scene_bounds<chico_groves::jungle_massives::vc::JungleMassives, lod_avian::AvianLodSceneBoundsMarshaller>"},/Users/l-monninger/.cargo/registry/src/index.crates.io-1949cf8c6b5b557f/bevy_ecs-0.19.0/src/system/function_system.rs,52,541,1
system{name="lod::scene::refresh::levels::produce::produce_lod_refresh_levels<chico_vegetation_components::FlattenedComponentsOnly<chico_vegetation_components::placed_vegetation::PlacedVegetation<alloc::sync::Arc<chico_sbs_trees::jungle_storybook_tree::JungleStorybookTree>>>>"},/Users/l-monninger/.cargo/registry/src/index.crates.io-1949cf8c6b5b557f/bevy_ecs-0.19.0/src/system/function_system.rs,52,541,1
system{name="lod::scene::bounds_patch::patch_scene_bounds<chico_groves::rolling_oaks::vc::RollingOaks, lod_avian::AvianLodSceneBoundsMarshaller>"},/Users/l-monninger/.cargo/registry/src/index.crates.io-1949cf8c6b5b557f/bevy_ecs-0.19.0/src/system/function_system.rs,52,541,1
system{name="bevy_anti_alias::taa::temporal_anti_alias"},/Users/l-monninger/.cargo/registry/src/index.crates.io-1949cf8c6b5b557f/bevy_ecs-0.19.0/src/system/function_system.rs,52,500,1
system{name="bevy_pbr::material::mark_meshes_as_changed_if_their_materials_changed<bevy_pbr::pbr_material::StandardMaterial>"},/Users/l-monninger/.cargo/registry/src/index.crates.io-1949cf8c6b5b557f/bevy_ecs-0.19.0/src/system/function_system.rs,52,500,1
system{name="bevy_ui_render::ui_texture_slice_pipeline::queue_ui_slices"},/Users/l-monninger/.cargo/registry/src/index.crates.io-1949cf8c6b5b557f/bevy_ecs-0.19.0/src/system/function_system.rs,52,500,1
system{name="bevy_pbr::atmosphere::environment::prepare_atmosphere_probe_bind_groups"},/Users/l-monninger/.cargo/registry/src/index.crates.io-1949cf8c6b5b557f/bevy_ecs-0.19.0/src/system/function_system.rs,52,500,1
system{name="bevy_sprite_render::mesh2d::material::queue_material2d_meshes<bevy_sprite_render::mesh2d::color_material::ColorMaterial>"},/Users/l-monninger/.cargo/registry/src/index.crates.io-1949cf8c6b5b557f/bevy_ecs-0.19.0/src/system/function_system.rs,52,500,1
system{name="avian3d::dynamics::solver::islands::sleeping::update_sleeping_states"},/Users/l-monninger/.cargo/registry/src/index.crates.io-1949cf8c6b5b557f/bevy_ecs-0.19.0/src/system/function_system.rs,52,500,1
system{name="bevy_ui::accessibility::label_changed"},/Users/l-monninger/.cargo/registry/src/index.crates.io-1949cf8c6b5b557f/bevy_ecs-0.19.0/src/system/function_system.rs,52,500,1
system{name="bevy_gizmos_render::extract_gizmo_data"},/Users/l-monninger/.cargo/registry/src/index.crates.io-1949cf8c6b5b557f/bevy_ecs-0.19.0/src/system/function_system.rs,52,500,1
system{name="bevy_core_pipeline::oit::configure_camera_depth_usages"},/Users/l-monninger/.cargo/registry/src/index.crates.io-1949cf8c6b5b557f/bevy_ecs-0.19.0/src/system/function_system.rs,52,500,1
system{name="bevy_light::cluster::add_light_probe_and_decal_aabbs"},/Users/l-monninger/.cargo/registry/src/index.crates.io-1949cf8c6b5b557f/bevy_ecs-0.19.0/src/system/function_system.rs,52,500,1
system{name="lod::scene::refresh::levels::produce::produce_lod_refresh_levels<chico_vegetation_components::ComponentsOnly<chico_vegetation_components::placed_vegetation::PlacedVegetation<chico_sbs_trees::kamakura_torch::KamakuraTorch>>>"},/Users/l-monninger/.cargo/registry/src/index.crates.io-1949cf8c6b5b557f/bevy_ecs-0.19.0/src/system/function_system.rs,52,500,1
system{name="bevy_diagnostic::frame_count::update_frame_count"},/Users/l-monninger/.cargo/registry/src/index.crates.io-1949cf8c6b5b557f/bevy_ecs-0.19.0/src/system/function_system.rs,52,500,1
system{name="bevy_asset::assets::Assets<bevy_scene::scene_patch::SceneListPatch>::track_assets"},/Users/l-monninger/.cargo/registry/src/index.crates.io-1949cf8c6b5b557f/bevy_ecs-0.19.0/src/system/function_system.rs,52,500,1
system{name="bevy_core_pipeline::core_2d::prepare_core_2d_depth_textures"},/Users/l-monninger/.cargo/registry/src/index.crates.io-1949cf8c6b5b557f/bevy_ecs-0.19.0/src/system/function_system.rs,52,500,1
system{name="lod::scene::refresh::levels::produce::produce_lod_refresh_levels<chico_vegetation_components::FlattenedComponentsOnly<chico_vegetation_components::placed_vegetation::PlacedVegetation<alloc::sync::Arc<chico_sbs_trees::storybook_tree::StorybookTree>>>>"},/Users/l-monninger/.cargo/registry/src/index.crates.io-1949cf8c6b5b557f/bevy_ecs-0.19.0/src/system/function_system.rs,52,500,1
system{name="bevy_render::render_resource::pipeline_cache::PipelineCache::process_pipeline_queue_system"},/Users/l-monninger/.cargo/registry/src/index.crates.io-1949cf8c6b5b557f/bevy_ecs-0.19.0/src/system/function_system.rs,52,500,1
system{name="bevy_picking::backend::ray::RayMap::repopulate"},/Users/l-monninger/.cargo/registry/src/index.crates.io-1949cf8c6b5b557f/bevy_ecs-0.19.0/src/system/function_system.rs,52,500,1
system{name="lod::scene::refresh::levels::produce::produce_lod_refresh_levels<chico_vegetation_components::ComponentsOnly<chico_groves::common_tufts::vc::CommonTufts>>"},/Users/l-monninger/.cargo/registry/src/index.crates.io-1949cf8c6b5b557f/bevy_ecs-0.19.0/src/system/function_system.rs,52,500,1
system{name="lod::scene::bounds_patch::patch_scene_bounds<chico_vegetation_components::ComponentsOnly<chico_sbs_trees::northern_conifer::NorthernConifer>, lod_avian::AvianLodSceneBoundsMarshaller>"},/Users/l-monninger/.cargo/registry/src/index.crates.io-1949cf8c6b5b557f/bevy_ecs-0.19.0/src/system/function_system.rs,52,500,1
system{name="avian3d::dynamics::solver::islands::split_island"},/Users/l-monninger/.cargo/registry/src/index.crates.io-1949cf8c6b5b557f/bevy_ecs-0.19.0/src/system/function_system.rs,52,500,1
system{name="bevy_render::render_phase::sort_phase_system<bevy_core_pipeline::core_2d::Transparent2d>"},/Users/l-monninger/.cargo/registry/src/index.crates.io-1949cf8c6b5b557f/bevy_ecs-0.19.0/src/system/function_system.rs,52,500,1
system{name="bevy_render::batching::gpu_preprocessing::batch_and_prepare_binned_render_phase<bevy_core_pipeline::prepass::Opaque3dPrepass, bevy_pbr::render::mesh::MeshPipeline>"},/Users/l-monninger/.cargo/registry/src/index.crates.io-1949cf8c6b5b557f/bevy_ecs-0.19.0/src/system/function_system.rs,52,500,1
system{name="bevy_post_process::dof::depth_of_field"},/Users/l-monninger/.cargo/registry/src/index.crates.io-1949cf8c6b5b557f/bevy_ecs-0.19.0/src/system/function_system.rs,52,500,1
system{name="avian3d::dynamics::solver::xpbd::plugin::prepare_xpbd_joint<avian3d::dynamics::joints::prismatic::PrismaticJoint>"},/Users/l-monninger/.cargo/registry/src/index.crates.io-1949cf8c6b5b557f/bevy_ecs-0.19.0/src/system/function_system.rs,52,500,1
system{name="lod::scene::bounds_patch::patch_scene_bounds<chico_vegetation_components::ComponentsOnly<chico_vegetation_components::placed_vegetation::PlacedVegetation<chico_sbs_trees::tuft_patch::TuftPatch>>, lod_avian::AvianLodSceneBoundsMarshaller>"},/Users/l-monninger/.cargo/registry/src/index.crates.io-1949cf8c6b5b557f/bevy_ecs-0.19.0/src/system/function_system.rs,52,500,1
system{name="lod::scene::refresh::levels::produce::produce_lod_refresh_levels<chico_vegetation_components::ComponentsOnly<chico_sbs_trees::liams_conifer::LiamsConifer>>"},/Users/l-monninger/.cargo/registry/src/index.crates.io-1949cf8c6b5b557f/bevy_ecs-0.19.0/src/system/function_system.rs,52,500,1
system{name="avian3d::dynamics::solver::xpbd::plugin::prepare_xpbd_joint<avian3d::dynamics::joints::revolute::RevoluteJoint>"},/Users/l-monninger/.cargo/registry/src/index.crates.io-1949cf8c6b5b557f/bevy_ecs-0.19.0/src/system/function_system.rs,52,500,1
system{name="bevy_render::gpu_readback::sync_readbacks"},/Users/l-monninger/.cargo/registry/src/index.crates.io-1949cf8c6b5b557f/bevy_ecs-0.19.0/src/system/function_system.rs,52,500,1
system{name="bevy_render::render_resource::sparse_buffer_vec::clear_sparse_buffer_jobs"},/Users/l-monninger/.cargo/registry/src/index.crates.io-1949cf8c6b5b557f/bevy_ecs-0.19.0/src/system/function_system.rs,52,500,1
system{name="bevy_sprite_render::mesh2d::material::extract_mesh_materials_2d<bevy_sprite_render::tilemap_chunk::tilemap_chunk_material::TilemapChunkMaterial>"},/Users/l-monninger/.cargo/registry/src/index.crates.io-1949cf8c6b5b557f/bevy_ecs-0.19.0/src/system/function_system.rs,52,500,1
system{name="bevy_render::extract_component::extract_components<bevy_pbr::ssr::ScreenSpaceReflections, ()>"},/Users/l-monninger/.cargo/registry/src/index.crates.io-1949cf8c6b5b557f/bevy_ecs-0.19.0/src/system/function_system.rs,52,500,1
system{name="bevy_render::view::window::screenshot::prepare_screenshots"},/Users/l-monninger/.cargo/registry/src/index.crates.io-1949cf8c6b5b557f/bevy_ecs-0.19.0/src/system/function_system.rs,52,500,1
system{name="bevy_render::uniform::prepare_uniform_components<bevy_pbr::deferred::PbrDeferredLightingDepthId>"},/Users/l-monninger/.cargo/registry/src/index.crates.io-1949cf8c6b5b557f/bevy_ecs-0.19.0/src/system/function_system.rs,52,500,1
system{name="lod::scene::bounds_patch::patch_scene_bounds<chico_vegetation_components::ComponentsOnly<chico_vegetation_components::placed_vegetation::PlacedVegetation<chico_sbs_trees::vase_tree::VaseTree>>, lod_avian::AvianLodSceneBoundsMarshaller>"},/Users/l-monninger/.cargo/registry/src/index.crates.io-1949cf8c6b5b557f/bevy_ecs-0.19.0/src/system/function_system.rs,52,500,1
system{name="bevy_render::batching::gpu_preprocessing::batch_and_prepare_binned_render_phase<bevy_core_pipeline::prepass::AlphaMask3dPrepass, bevy_pbr::render::mesh::MeshPipeline>"},/Users/l-monninger/.cargo/registry/src/index.crates.io-1949cf8c6b5b557f/bevy_ecs-0.19.0/src/system/function_system.rs,52,500,1
system{name="lod::scene::refresh::levels::produce::produce_lod_refresh_levels<chico_vegetation_components::FlattenedComponentsOnly<chico_vegetation_components::placed_vegetation::PlacedVegetation<chico_sbs_trees::storybook_tree::StorybookTree>>>"},/Users/l-monninger/.cargo/registry/src/index.crates.io-1949cf8c6b5b557f/bevy_ecs-0.19.0/src/system/function_system.rs,52,500,1
system_commands{name="lod::scene::refresh::cull_regions::enqueue::produce_lod_cull_for_region<lod_avian::AvianLodSceneRegionIndex<'_, '_, chico_vegetation_components::ComponentsOnly<chico_groves::monster_grass::vc::MonsterGrass>>, chico_sbs_trees_playground::vegetation_lod::VegetationCull, chico_vegetation_components::ComponentsOnly<chico_groves::monster_grass::vc::MonsterGrass>, bevy_ecs::query::filter::With<bevy_camera::camera::Camera>>"},/Users/l-monninger/.cargo/registry/src/index.crates.io-1949cf8c6b5b557f/bevy_ecs-0.19.0/src/system/function_system.rs,54,500,1
system{name="bevy_post_process::motion_blur::motion_blur"},/Users/l-monninger/.cargo/registry/src/index.crates.io-1949cf8c6b5b557f/bevy_ecs-0.19.0/src/system/function_system.rs,52,500,1
system{name="bevy_asset::assets::Assets<chico_vegetation_shaders::chico_stick_material::ChicoStickMaterial>::asset_events_condition"},/Users/l-monninger/.cargo/registry/src/index.crates.io-1949cf8c6b5b557f/bevy_ecs-0.19.0/src/system/function_system.rs,52,500,1
system{name="avian3d::collision::collider::cache::clear_unused_colliders"},/Users/l-monninger/.cargo/registry/src/index.crates.io-1949cf8c6b5b557f/bevy_ecs-0.19.0/src/system/function_system.rs,52,500,1
system{name="bevy_light::spot_light::update_spot_light_frusta"},/Users/l-monninger/.cargo/registry/src/index.crates.io-1949cf8c6b5b557f/bevy_ecs-0.19.0/src/system/function_system.rs,52,500,1
system{name="bevy_light::point_light::update_point_light_bounding_spheres"},/Users/l-monninger/.cargo/registry/src/index.crates.io-1949cf8c6b5b557f/bevy_ecs-0.19.0/src/system/function_system.rs,52,500,1
system{name="bevy_camera::visibility::range::check_visibility_ranges"},/Users/l-monninger/.cargo/registry/src/index.crates.io-1949cf8c6b5b557f/bevy_ecs-0.19.0/src/system/function_system.rs,52,500,1
system{name="render_item::mesh::fetch_meshes<render_item::mesh::handle::MeshHandle<sdf_common::crook_cylinder::CrookCylinder>, bevy_pbr::pbr_material::StandardMaterial>"},/Users/l-monninger/.cargo/registry/src/index.crates.io-1949cf8c6b5b557f/bevy_ecs-0.19.0/src/system/function_system.rs,52,500,1
system{name="bevy_pbr::material::extract_mesh_materials<chico_sbs_trees_playground::checkerboard_material::CheckerboardMaterial>"},/Users/l-monninger/.cargo/registry/src/index.crates.io-1949cf8c6b5b557f/bevy_ecs-0.19.0/src/system/function_system.rs,52,500,1
system{name="bevy_asset::assets::Assets<bevy_asset::folder::LoadedFolder>::track_assets"},/Users/l-monninger/.cargo/registry/src/index.crates.io-1949cf8c6b5b557f/bevy_ecs-0.19.0/src/system/function_system.rs,52,500,1
system{name="avian3d::dynamics::solver::xpbd::plugin::prepare_xpbd_joint<avian3d::dynamics::joints::distance::DistanceJoint>"},/Users/l-monninger/.cargo/registry/src/index.crates.io-1949cf8c6b5b557f/bevy_ecs-0.19.0/src/system/function_system.rs,52,500,1
check_conditions{name="avian3d::dynamics::solver::islands::sleeping::wake_all_islands"},/Users/l-monninger/.cargo/registry/src/index.crates.io-1949cf8c6b5b557f/bevy_ecs-0.19.0/src/schedule/executor/single_threaded.rs,77,499,1
write_work_item_buffers,/Users/l-monninger/.cargo/registry/src/index.crates.io-1949cf8c6b5b557f/bevy_render-0.19.0/src/batching/gpu_preprocessing.rs,2386,3750,8
system{name="bevy_input::touch::touch_screen_input_system"},/Users/l-monninger/.cargo/registry/src/index.crates.io-1949cf8c6b5b557f/bevy_ecs-0.19.0/src/system/function_system.rs,52,459,1
system{name="render_item::mesh::fetch_meshes<render_item::mesh::handle::MeshHandle<sdf_common::crook_cylinder::CrookCylinder>, chico_vegetation_shaders::chico_stick_material::ChicoStickMaterial>"},/Users/l-monninger/.cargo/registry/src/index.crates.io-1949cf8c6b5b557f/bevy_ecs-0.19.0/src/system/function_system.rs,52,459,1
system{name="avian3d::spatial_query::update_shape_caster_positions"},/Users/l-monninger/.cargo/registry/src/index.crates.io-1949cf8c6b5b557f/bevy_ecs-0.19.0/src/system/function_system.rs,52,459,1
winit event_handler,/Users/l-monninger/.cargo/registry/src/index.crates.io-1949cf8c6b5b557f/bevy_winit-0.19.0/src/state.rs,146,459,1
system{name="lod::scene::refresh::levels::produce::produce_lod_refresh_levels<chico_vegetation_components::ComponentsOnly<chico_vegetation_components::placed_vegetation::PlacedVegetation<chico_sbs_trees::jungle_storybook_tree::JungleStorybookTree>>>"},/Users/l-monninger/.cargo/registry/src/index.crates.io-1949cf8c6b5b557f/bevy_ecs-0.19.0/src/system/function_system.rs,52,459,1
system_commands{name="lod::scene::refresh::sync::chunk::complete::complete_chunk_lod_fulfill"},/Users/l-monninger/.cargo/registry/src/index.crates.io-1949cf8c6b5b557f/bevy_ecs-0.19.0/src/system/function_system.rs,54,459,1
system{name="bevy_render::render_asset::reset_render_asset_bytes_per_frame"},/Users/l-monninger/.cargo/registry/src/index.crates.io-1949cf8c6b5b557f/bevy_ecs-0.19.0/src/system/function_system.rs,52,459,1
system{name="bevy_pbr::deferred::insert_deferred_lighting_pass_id_component"},/Users/l-monninger/.cargo/registry/src/index.crates.io-1949cf8c6b5b557f/bevy_ecs-0.19.0/src/system/function_system.rs,52,459,1
system{name="bevy_render::uniform::prepare_uniform_components<bevy_post_process::motion_blur::MotionBlurUniform>"},/Users/l-monninger/.cargo/registry/src/index.crates.io-1949cf8c6b5b557f/bevy_ecs-0.19.0/src/system/function_system.rs,52,459,1
system{name="bevy_picking::hover::update_is_hovered"},/Users/l-monninger/.cargo/registry/src/index.crates.io-1949cf8c6b5b557f/bevy_ecs-0.19.0/src/system/function_system.rs,52,459,1
system{name="lod::scene::bounds_patch::patch_scene_bounds<chico_groves::tropical_thicket::vc::TropicalThicket, lod_avian::AvianLodSceneBoundsMarshaller>"},/Users/l-monninger/.cargo/registry/src/index.crates.io-1949cf8c6b5b557f/bevy_ecs-0.19.0/src/system/function_system.rs,52,459,1
system{name="lod::scene::bounds_patch::patch_scene_bounds<chico_groves::jerrys_chaparral::vc::JerrysChaparral, lod_avian::AvianLodSceneBoundsMarshaller>"},/Users/l-monninger/.cargo/registry/src/index.crates.io-1949cf8c6b5b557f/bevy_ecs-0.19.0/src/system/function_system.rs,52,459,1
system{name="bevy_render::extract_component::extract_components<bevy_core_pipeline::tonemapping::DebandDither, ()>"},/Users/l-monninger/.cargo/registry/src/index.crates.io-1949cf8c6b5b557f/bevy_ecs-0.19.0/src/system/function_system.rs,52,459,1
system{name="bevy_core_pipeline::mip_generation::experimental::depth::early_downsample_depth"},/Users/l-monninger/.cargo/registry/src/index.crates.io-1949cf8c6b5b557f/bevy_ecs-0.19.0/src/system/function_system.rs,52,459,1
system{name="bevy_pbr::render::light::extract_ambient_light"},/Users/l-monninger/.cargo/registry/src/index.crates.io-1949cf8c6b5b557f/bevy_ecs-0.19.0/src/system/function_system.rs,52,459,1
system{name="bevy_gizmos_render::prepare_line_gizmo_bind_group"},/Users/l-monninger/.cargo/registry/src/index.crates.io-1949cf8c6b5b557f/bevy_ecs-0.19.0/src/system/function_system.rs,52,458,1
system{name="lod::scene::refresh::levels::produce::produce_lod_refresh_levels<chico_vegetation_components::ComponentsOnly<chico_groves::monster_grass::vc::MonsterGrass>>"},/Users/l-monninger/.cargo/registry/src/index.crates.io-1949cf8c6b5b557f/bevy_ecs-0.19.0/src/system/function_system.rs,52,458,1
system{name="lod::scene::refresh::levels::produce::produce_lod_refresh_levels<chico_vegetation_components::ComponentsOnly<chico_vegetation_components::placed_vegetation::PlacedVegetation<chico_sbs_trees::friends_conifer::FriendsConifer>>>"},/Users/l-monninger/.cargo/registry/src/index.crates.io-1949cf8c6b5b557f/bevy_ecs-0.19.0/src/system/function_system.rs,52,458,1
system{name="bevy_pbr::render::morph::write_morph_buffers"},/Users/l-monninger/.cargo/registry/src/index.crates.io-1949cf8c6b5b557f/bevy_ecs-0.19.0/src/system/function_system.rs,52,458,1
system{name="bevy_render::extract_component::extract_components<bevy_post_process::bloom::settings::Bloom, ()>"},/Users/l-monninger/.cargo/registry/src/index.crates.io-1949cf8c6b5b557f/bevy_ecs-0.19.0/src/system/function_system.rs,52,458,1
system{name="avian3d::dynamics::solver::xpbd::plugin::writeback_joint_forces<avian3d::dynamics::joints::fixed::FixedJoint>"},/Users/l-monninger/.cargo/registry/src/index.crates.io-1949cf8c6b5b557f/bevy_ecs-0.19.0/src/system/function_system.rs,52,458,1
system{name="<avian3d::spatial_query::diagnostics::SpatialQueryDiagnostics as avian3d::diagnostics::PhysicsDiagnostics>::reset"},/Users/l-monninger/.cargo/registry/src/index.crates.io-1949cf8c6b5b557f/bevy_ecs-0.19.0/src/system/function_system.rs,52,458,1
system{name="bevy_camera::visibility::update_frusta"},/Users/l-monninger/.cargo/registry/src/index.crates.io-1949cf8c6b5b557f/bevy_ecs-0.19.0/src/system/function_system.rs,52,458,1
system{name="bevy_audio::audio_output::update_listener_positions"},/Users/l-monninger/.cargo/registry/src/index.crates.io-1949cf8c6b5b557f/bevy_ecs-0.19.0/src/system/function_system.rs,52,458,1
system{name="bevy_transform_interpolation::update_last_easing_tick"},/Users/l-monninger/.cargo/registry/src/index.crates.io-1949cf8c6b5b557f/bevy_ecs-0.19.0/src/system/function_system.rs,52,458,1
system_commands{name="lod::scene::refresh::cull_regions::enqueue::produce_lod_cull_for_region<lod_avian::AvianLodSceneRegionIndex<'_, '_, chico_vegetation_components::ComponentsOnly<chico_groves::tall_grass::vc::TallGrass>>, chico_sbs_trees_playground::vegetation_lod::VegetationCull, chico_vegetation_components::ComponentsOnly<chico_groves::tall_grass::vc::TallGrass>, bevy_ecs::query::filter::With<bevy_camera::camera::Camera>>"},/Users/l-monninger/.cargo/registry/src/index.crates.io-1949cf8c6b5b557f/bevy_ecs-0.19.0/src/system/function_system.rs,54,458,1
system{name="bevy_pbr::atmosphere::resources::prepare_atmosphere_textures"},/Users/l-monninger/.cargo/registry/src/index.crates.io-1949cf8c6b5b557f/bevy_ecs-0.19.0/src/system/function_system.rs,52,458,1
system{name="bevy_core_pipeline::oit::prepare_oit_buffers"},/Users/l-monninger/.cargo/registry/src/index.crates.io-1949cf8c6b5b557f/bevy_ecs-0.19.0/src/system/function_system.rs,52,458,1
system{name="bevy_post_process::dof::prepare_depth_of_field_pipelines"},/Users/l-monninger/.cargo/registry/src/index.crates.io-1949cf8c6b5b557f/bevy_ecs-0.19.0/src/system/function_system.rs,52,458,1
system{name="avian3d::dynamics::solver::xpbd::plugin::prepare_xpbd_joint<avian3d::dynamics::joints::spherical::SphericalJoint>"},/Users/l-monninger/.cargo/registry/src/index.crates.io-1949cf8c6b5b557f/bevy_ecs-0.19.0/src/system/function_system.rs,52,458,1
system{name="bevy_winit::accessibility::poll_receivers"},/Users/l-monninger/.cargo/registry/src/index.crates.io-1949cf8c6b5b557f/bevy_ecs-0.19.0/src/system/function_system.rs,52,458,1
system{name="bevy_ui_render::gradient::queue_gradient"},/Users/l-monninger/.cargo/registry/src/index.crates.io-1949cf8c6b5b557f/bevy_ecs-0.19.0/src/system/function_system.rs,52,458,1
system{name="lod::scene::bounds_patch::patch_scene_bounds<chico_groves::bush_scrub::vc::BushScrub, lod_avian::AvianLodSceneBoundsMarshaller>"},/Users/l-monninger/.cargo/registry/src/index.crates.io-1949cf8c6b5b557f/bevy_ecs-0.19.0/src/system/function_system.rs,52,458,1
system{name="bevy_input::mouse::accumulate_mouse_motion_system"},/Users/l-monninger/.cargo/registry/src/index.crates.io-1949cf8c6b5b557f/bevy_ecs-0.19.0/src/system/function_system.rs,52,458,1
system{name="bevy_gizmos::collect_requested_gizmos<bevy_gizmos::aabb::AabbGizmoConfigGroup, bevy_time::fixed::Fixed>"},/Users/l-monninger/.cargo/registry/src/index.crates.io-1949cf8c6b5b557f/bevy_ecs-0.19.0/src/system/function_system.rs,52,458,1
system{name="bevy_anti_alias::smaa::prepare_smaa_uniforms"},/Users/l-monninger/.cargo/registry/src/index.crates.io-1949cf8c6b5b557f/bevy_ecs-0.19.0/src/system/function_system.rs,52,458,1
system_commands{name="lod::scene::bounds_patch::patch_scene_bounds<chico_vegetation_components::ComponentsOnly<chico_sbs_trees::penmarch_torch::PenmarchTorch>, lod_avian::AvianLodSceneBoundsMarshaller>"},/Users/l-monninger/.cargo/registry/src/index.crates.io-1949cf8c6b5b557f/bevy_ecs-0.19.0/src/system/function_system.rs,54,458,1
system{name="avian3d::dynamics::rigid_body::mass_properties::queue_mass_recomputation_on_mass_change"},/Users/l-monninger/.cargo/registry/src/index.crates.io-1949cf8c6b5b557f/bevy_ecs-0.19.0/src/system/function_system.rs,52,458,1
system{name="bevy_render::extract_resource::extract_resource<bevy_core_pipeline::tonemapping::TonemappingLuts, ()>"},/Users/l-monninger/.cargo/registry/src/index.crates.io-1949cf8c6b5b557f/bevy_ecs-0.19.0/src/system/function_system.rs,52,458,1
system{name="lod::scene::refresh::levels::produce::produce_lod_refresh_levels<chico_vegetation_components::FlattenedComponentsOnly<chico_vegetation_components::placed_vegetation::PlacedVegetation<alloc::sync::Arc<chico_sbs_trees::braid_oak_tree::BraidOakTree>>>>"},/Users/l-monninger/.cargo/registry/src/index.crates.io-1949cf8c6b5b557f/bevy_ecs-0.19.0/src/system/function_system.rs,52,458,1
system{name="bevy_core_pipeline::skybox::prepare_skybox_bind_groups"},/Users/l-monninger/.cargo/registry/src/index.crates.io-1949cf8c6b5b557f/bevy_ecs-0.19.0/src/system/function_system.rs,52,458,1
system_commands{name="bevy_render::extract_component::extract_components<bevy_anti_alias::fxaa::Fxaa, ()>"},/Users/l-monninger/.cargo/registry/src/index.crates.io-1949cf8c6b5b557f/bevy_ecs-0.19.0/src/system/function_system.rs,54,458,1
system_commands{name="bevy_render::extract_component::extract_components<bevy_post_process::bloom::settings::Bloom, ()>"},/Users/l-monninger/.cargo/registry/src/index.crates.io-1949cf8c6b5b557f/bevy_ecs-0.19.0/src/system/function_system.rs,54,458,1
system{name="bevy_render::uniform::prepare_uniform_components<bevy_post_process::bloom::downsampling_pipeline::BloomUniforms>"},/Users/l-monninger/.cargo/registry/src/index.crates.io-1949cf8c6b5b557f/bevy_ecs-0.19.0/src/system/function_system.rs,52,458,1
system_commands{name="bevy_core_pipeline::skybox::extract_skybox"},/Users/l-monninger/.cargo/registry/src/index.crates.io-1949cf8c6b5b557f/bevy_ecs-0.19.0/src/system/function_system.rs,54,458,1
system{name="bevy_render::extract_resource::extract_resource<bevy_render::texture::manual_texture_view::ManualTextureViews, ()>"},/Users/l-monninger/.cargo/registry/src/index.crates.io-1949cf8c6b5b557f/bevy_ecs-0.19.0/src/system/function_system.rs,52,458,1
system{name="bevy_asset::assets::Assets<bevy_pbr::extended_material::ExtendedMaterial<bevy_pbr::pbr_material::StandardMaterial, bevy_pbr::decal::forward::ForwardDecalMaterialExt>>::track_assets"},/Users/l-monninger/.cargo/registry/src/index.crates.io-1949cf8c6b5b557f/bevy_ecs-0.19.0/src/system/function_system.rs,52,417,1
system{name="lod::scene::bounds_patch::patch_scene_bounds<chico_groves::tropical_undergrowth::vc::TropicalUndergrowth, lod_avian::AvianLodSceneBoundsMarshaller>"},/Users/l-monninger/.cargo/registry/src/index.crates.io-1949cf8c6b5b557f/bevy_ecs-0.19.0/src/system/function_system.rs,52,417,1
system{name="<bevy_gizmos::aabb::AabbGizmoPlugin as bevy_app::plugin::Plugin>::build::{{closure}}"},/Users/l-monninger/.cargo/registry/src/index.crates.io-1949cf8c6b5b557f/bevy_ecs-0.19.0/src/system/function_system.rs,52,417,1
system{name="bevy_anti_alias::smaa::prepare_smaa_textures"},/Users/l-monninger/.cargo/registry/src/index.crates.io-1949cf8c6b5b557f/bevy_ecs-0.19.0/src/system/function_system.rs,52,417,1
system{name="bevy_core_pipeline::prepass::background_motion_vectors::prepare_background_motion_vectors_pipelines"},/Users/l-monninger/.cargo/registry/src/index.crates.io-1949cf8c6b5b557f/bevy_ecs-0.19.0/src/system/function_system.rs,52,417,1
system{name="avian3d::dynamics::solver::islands::sleeping::sleep_islands"},/Users/l-monninger/.cargo/registry/src/index.crates.io-1949cf8c6b5b557f/bevy_ecs-0.19.0/src/system/function_system.rs,52,417,1
system{name="avian3d::dynamics::rigid_body::forces::plugin::apply_constant_torques"},/Users/l-monninger/.cargo/registry/src/index.crates.io-1949cf8c6b5b557f/bevy_ecs-0.19.0/src/system/function_system.rs,52,417,1
system{name="lod::scene::bounds_patch::patch_scene_bounds<chico_vegetation_components::ComponentsOnly<chico_vegetation_components::placed_vegetation::PlacedVegetation<chico_sbs_trees::waialea_palm::WaialeaPalm>>, lod_avian::AvianLodSceneBoundsMarshaller>"},/Users/l-monninger/.cargo/registry/src/index.crates.io-1949cf8c6b5b557f/bevy_ecs-0.19.0/src/system/function_system.rs,52,417,1
system{name="bevy_post_process::effect_stack::post_processing"},/Users/l-monninger/.cargo/registry/src/index.crates.io-1949cf8c6b5b557f/bevy_ecs-0.19.0/src/system/function_system.rs,52,417,1
system{name="lod::scene::refresh::levels::produce::produce_lod_refresh_levels<chico_vegetation_components::ComponentsOnly<chico_vegetation_components::placed_vegetation::PlacedVegetation<chico_sbs_trees::northern_conifer::NorthernConifer>>>"},/Users/l-monninger/.cargo/registry/src/index.crates.io-1949cf8c6b5b557f/bevy_ecs-0.19.0/src/system/function_system.rs,52,417,1
system{name="bevy_scene::spawn::resolve_scene_patches"},/Users/l-monninger/.cargo/registry/src/index.crates.io-1949cf8c6b5b557f/bevy_ecs-0.19.0/src/system/function_system.rs,52,417,1
system{name="scene_ref::fulfill::fulfill_scene_ref_roots"},/Users/l-monninger/.cargo/registry/src/index.crates.io-1949cf8c6b5b557f/bevy_ecs-0.19.0/src/system/function_system.rs,52,417,1
system{name="bevy_render::gpu_readback::prepare_buffers"},/Users/l-monninger/.cargo/registry/src/index.crates.io-1949cf8c6b5b557f/bevy_ecs-0.19.0/src/system/function_system.rs,52,417,1
system{name="avian3d::dynamics::rigid_body::forces::plugin::apply_constant_local_linear_acceleration"},/Users/l-monninger/.cargo/registry/src/index.crates.io-1949cf8c6b5b557f/bevy_ecs-0.19.0/src/system/function_system.rs,52,417,1
system{name="bevy_gizmos::propagate_gizmos<bevy_light::gizmos::LightGizmoConfigGroup, bevy_time::fixed::Fixed>"},/Users/l-monninger/.cargo/registry/src/index.crates.io-1949cf8c6b5b557f/bevy_ecs-0.19.0/src/system/function_system.rs,52,417,1
system{name="bevy_sprite_render::mesh2d::material::extract_entities_needs_specialization<bevy_sprite_render::mesh2d::color_material::ColorMaterial>"},/Users/l-monninger/.cargo/registry/src/index.crates.io-1949cf8c6b5b557f/bevy_ecs-0.19.0/src/system/function_system.rs,52,417,1
system{name="avian3d::dynamics::solver::plugin::solve_restitution"},/Users/l-monninger/.cargo/registry/src/index.crates.io-1949cf8c6b5b557f/bevy_ecs-0.19.0/src/system/function_system.rs,52,417,1
system{name="bevy_asset::assets::Assets<bevy_gltf::assets::GltfSkin>::track_assets"},/Users/l-monninger/.cargo/registry/src/index.crates.io-1949cf8c6b5b557f/bevy_ecs-0.19.0/src/system/function_system.rs,52,417,1
system{name="bevy_asset::assets::Assets<bevy_mesh::skinning::SkinnedMeshInverseBindposes>::track_assets"},/Users/l-monninger/.cargo/registry/src/index.crates.io-1949cf8c6b5b557f/bevy_ecs-0.19.0/src/system/function_system.rs,52,417,1
system{name="bevy_pbr::deferred::deferred_lighting"},/Users/l-monninger/.cargo/registry/src/index.crates.io-1949cf8c6b5b557f/bevy_ecs-0.19.0/src/system/function_system.rs,52,417,1
system{name="bevy_pbr::atmosphere::resources::write_atmosphere_buffer"},/Users/l-monninger/.cargo/registry/src/index.crates.io-1949cf8c6b5b557f/bevy_ecs-0.19.0/src/system/function_system.rs,52,417,1
system{name="bevy_post_process::bloom::prepare_bloom_textures"},/Users/l-monninger/.cargo/registry/src/index.crates.io-1949cf8c6b5b557f/bevy_ecs-0.19.0/src/system/function_system.rs,52,417,1
system{name="bevy_asset::assets::Assets<bevy_light::atmosphere::ScatteringMedium>::asset_events_condition"},/Users/l-monninger/.cargo/registry/src/index.crates.io-1949cf8c6b5b557f/bevy_ecs-0.19.0/src/system/function_system.rs,52,417,1
check_conditions{name="avian3d::collider_tree::update::update_solver_body_aabbs<avian3d::collision::collider::parry::Collider>"},/Users/l-monninger/.cargo/registry/src/index.crates.io-1949cf8c6b5b557f/bevy_ecs-0.19.0/src/schedule/executor/single_threaded.rs,77,417,1
system_commands{name="avian3d::collision::broad_phase::bvh_broad_phase::collect_collision_pairs<()>"},/Users/l-monninger/.cargo/registry/src/index.crates.io-1949cf8c6b5b557f/bevy_ecs-0.19.0/src/system/function_system.rs,54,416,1
system{name="bevy_anti_alias::taa::prepare_taa_pipelines"},/Users/l-monninger/.cargo/registry/src/index.crates.io-1949cf8c6b5b557f/bevy_ecs-0.19.0/src/system/function_system.rs,52,416,1
system{name="bevy_pbr::ssao::prepare_ssao_textures"},/Users/l-monninger/.cargo/registry/src/index.crates.io-1949cf8c6b5b557f/bevy_ecs-0.19.0/src/system/function_system.rs,52,416,1
system{name="bevy_pbr::decal::clustered::prepare_decals"},/Users/l-monninger/.cargo/registry/src/index.crates.io-1949cf8c6b5b557f/bevy_ecs-0.19.0/src/system/function_system.rs,52,416,1
system{name="lod::scene::bounds_patch::patch_scene_bounds<chico_vegetation_components::ComponentsOnly<chico_vegetation_components::placed_vegetation::PlacedVegetation<chico_sbs_trees::temperate_conifer::TemperateConifer>>, lod_avian::AvianLodSceneBoundsMarshaller>"},/Users/l-monninger/.cargo/registry/src/index.crates.io-1949cf8c6b5b557f/bevy_ecs-0.19.0/src/system/function_system.rs,52,416,1
system{name="bevy_asset::assets::Assets<bevy_audio::pitch::Pitch>::track_assets"},/Users/l-monninger/.cargo/registry/src/index.crates.io-1949cf8c6b5b557f/bevy_ecs-0.19.0/src/system/function_system.rs,52,416,1
system{name="bevy_asset::assets::Assets<bevy_gltf::assets::Gltf>::asset_events_condition"},/Users/l-monninger/.cargo/registry/src/index.crates.io-1949cf8c6b5b557f/bevy_ecs-0.19.0/src/system/function_system.rs,52,416,1
system{name="bevy_anti_alias::contrast_adaptive_sharpening::node::cas"},/Users/l-monninger/.cargo/registry/src/index.crates.io-1949cf8c6b5b557f/bevy_ecs-0.19.0/src/system/function_system.rs,52,416,1
system{name="lod::scene::bounds_patch::patch_scene_bounds<chico_vegetation_components::ComponentsOnly<chico_vegetation_components::placed_vegetation::PlacedVegetation<chico_groves::strange_oasis::vc::OasisDatePalm>>, lod_avian::AvianLodSceneBoundsMarshaller>"},/Users/l-monninger/.cargo/registry/src/index.crates.io-1949cf8c6b5b557f/bevy_ecs-0.19.0/src/system/function_system.rs,52,416,1
system_commands{name="bevy_render::extract_component::extract_components<bevy_pbr::contact_shadows::ContactShadows, ()>"},/Users/l-monninger/.cargo/registry/src/index.crates.io-1949cf8c6b5b557f/bevy_ecs-0.19.0/src/system/function_system.rs,54,416,1
system{name="bevy_pbr::atmosphere::configure_camera_depth_usages"},/Users/l-monninger/.cargo/registry/src/index.crates.io-1949cf8c6b5b557f/bevy_ecs-0.19.0/src/system/function_system.rs,52,416,1
system{name="bevy_audio::audio_output::update_emitter_positions"},/Users/l-monninger/.cargo/registry/src/index.crates.io-1949cf8c6b5b557f/bevy_ecs-0.19.0/src/system/function_system.rs,52,416,1
system{name="bevy_asset::assets::Assets<chico_vegetation_shaders::chico_leaf_material::ChicoLeafMaterial>::asset_events_condition"},/Users/l-monninger/.cargo/registry/src/index.crates.io-1949cf8c6b5b557f/bevy_ecs-0.19.0/src/system/function_system.rs,52,416,1
par_for_each{query="(&bevy_transform::components::transform::Transform, &mut bevy_transform::components::global_transform::GlobalTransform)" filter="(bevy_ecs::query::filter::Or<(bevy_ecs::query::filter::Changed<bevy_transform::components::transform::Transform>, bevy_ecs::query::filter::Added<bevy_transform::components::global_transform::GlobalTransform>)>, bevy_ecs::query::filter::Without<bevy_ecs::hierarchy::ChildOf>, bevy_ecs::query::filter::Without<bevy_ecs::hierarchy::Children>)"},/Users/l-monninger/.cargo/registry/src/index.crates.io-1949cf8c6b5b557f/bevy_ecs-0.19.0/src/query/state.rs,297,3250,8
par_for_each{query="(bevy_ecs::entity::Entity, bevy_ecs::change_detection::params::Ref<'_, bevy_transform::components::transform::Transform>, &mut bevy_transform::components::global_transform::GlobalTransform, &bevy_ecs::hierarchy::Children, bevy_ecs::change_detection::params::Ref<'_, bevy_transform::components::transform::TransformTreeChanged>)" filter="bevy_ecs::query::filter::Without<bevy_ecs::hierarchy::ChildOf>"},/Users/l-monninger/.cargo/registry/src/index.crates.io-1949cf8c6b5b557f/bevy_ecs-0.19.0/src/query/state.rs,297,11333,28
system_commands{name="render_item::mesh::fetch_meshes<render_item::mesh::handle::MeshHandle<sdf_common::noisy::NoisySurface<sdf_common::ball::Ball>>, chico_vegetation_shaders::chico_stick_material::ChicoStickMaterial>"},/Users/l-monninger/.cargo/registry/src/index.crates.io-1949cf8c6b5b557f/bevy_ecs-0.19.0/src/system/function_system.rs,54,375,1
system{name="bevy_pbr::volumetric_fog::render::volumetric_fog"},/Users/l-monninger/.cargo/registry/src/index.crates.io-1949cf8c6b5b557f/bevy_ecs-0.19.0/src/system/function_system.rs,52,375,1
check_conditions{name="avian3d::dynamics::solver::xpbd::plugin::writeback_joint_forces<avian3d::dynamics::joints::prismatic::PrismaticJoint>"},/Users/l-monninger/.cargo/registry/src/index.crates.io-1949cf8c6b5b557f/bevy_ecs-0.19.0/src/schedule/executor/single_threaded.rs,77,375,1
system_commands{name="lod::scene::bounds_patch::patch_scene_bounds<chico_vegetation_components::ComponentsOnly<chico_vegetation_components::placed_vegetation::PlacedVegetation<chico_sbs_trees::northern_conifer::NorthernConifer>>, lod_avian::AvianLodSceneBoundsMarshaller>"},/Users/l-monninger/.cargo/registry/src/index.crates.io-1949cf8c6b5b557f/bevy_ecs-0.19.0/src/system/function_system.rs,54,375,1
system{name="bevy_render::batching::sort_binned_render_phase<bevy_core_pipeline::core_3d::AlphaMask3d>"},/Users/l-monninger/.cargo/registry/src/index.crates.io-1949cf8c6b5b557f/bevy_ecs-0.19.0/src/system/function_system.rs,52,375,1
system{name="bevy_asset::assets::Assets<bevy_gltf::assets::GltfNode>::asset_events_condition"},/Users/l-monninger/.cargo/registry/src/index.crates.io-1949cf8c6b5b557f/bevy_ecs-0.19.0/src/system/function_system.rs,52,375,1
system{name="bevy_time::delayed_commands::check_delayed_command_queues"},/Users/l-monninger/.cargo/registry/src/index.crates.io-1949cf8c6b5b557f/bevy_ecs-0.19.0/src/system/function_system.rs,52,375,1
system{name="bevy_core_pipeline::prepass::node::early_prepass"},/Users/l-monninger/.cargo/registry/src/index.crates.io-1949cf8c6b5b557f/bevy_ecs-0.19.0/src/system/function_system.rs,52,375,1
RenderContextState::apply{system=bevy_pbr::render::light::per_view_shadow_pass<true>},/Users/l-monninger/.cargo/registry/src/index.crates.io-1949cf8c6b5b557f/bevy_render-0.19.0/src/renderer/render_context.rs,110,375,1
system{name="lod::scene::refresh::levels::produce::produce_lod_refresh_levels<chico_vegetation_components::ComponentsOnly<chico_vegetation_components::placed_vegetation::PlacedVegetation<chico_sbs_trees::high_bush_shoots::HighBushShoots>>>"},/Users/l-monninger/.cargo/registry/src/index.crates.io-1949cf8c6b5b557f/bevy_ecs-0.19.0/src/system/function_system.rs,52,375,1
system{name="bevy_pbr::ssao::ssao"},/Users/l-monninger/.cargo/registry/src/index.crates.io-1949cf8c6b5b557f/bevy_ecs-0.19.0/src/system/function_system.rs,52,375,1
system{name="bevy_render::render_asset::prepare_assets<bevy_render::texture::gpu_image::GpuImage>"},/Users/l-monninger/.cargo/registry/src/index.crates.io-1949cf8c6b5b557f/bevy_ecs-0.19.0/src/system/function_system.rs,52,375,1
system{name="bevy_app::propagate::update_removed_limit<bevy_ui::ui_node::ComputedUiRenderTargetInfo, (), bevy_ecs::hierarchy::ChildOf>"},/Users/l-monninger/.cargo/registry/src/index.crates.io-1949cf8c6b5b557f/bevy_ecs-0.19.0/src/system/function_system.rs,52,375,1
system{name="bevy_pbr::render::light::shared_shadow_pass<false>"},/Users/l-monninger/.cargo/registry/src/index.crates.io-1949cf8c6b5b557f/bevy_ecs-0.19.0/src/system/function_system.rs,52,375,1
system{name="bevy_pbr::ssr::prepare_ssr_pipelines"},/Users/l-monninger/.cargo/registry/src/index.crates.io-1949cf8c6b5b557f/bevy_ecs-0.19.0/src/system/function_system.rs,52,375,1
system{name="bevy_transform_interpolation::interpolation::complete_translation_easing"},/Users/l-monninger/.cargo/registry/src/index.crates.io-1949cf8c6b5b557f/bevy_ecs-0.19.0/src/system/function_system.rs,52,375,1
system_commands{name="lod::scene::bounds_patch::patch_scene_bounds<chico_groves::conifer_massives::vc::ConiferMassives, lod_avian::AvianLodSceneBoundsMarshaller>"},/Users/l-monninger/.cargo/registry/src/index.crates.io-1949cf8c6b5b557f/bevy_ecs-0.19.0/src/system/function_system.rs,54,375,1
system{name="bevy_transform_interpolation::interpolation::update_rotation_interpolation_end"},/Users/l-monninger/.cargo/registry/src/index.crates.io-1949cf8c6b5b557f/bevy_ecs-0.19.0/src/system/function_system.rs,52,375,1
system{name="bevy_asset::assets::Assets<bevy_animation::AnimationClip>::track_assets"},/Users/l-monninger/.cargo/registry/src/index.crates.io-1949cf8c6b5b557f/bevy_ecs-0.19.0/src/system/function_system.rs,52,375,1
system{name="bevy_render::uniform::prepare_uniform_components<bevy_post_process::dof::DepthOfFieldUniform>"},/Users/l-monninger/.cargo/registry/src/index.crates.io-1949cf8c6b5b557f/bevy_ecs-0.19.0/src/system/function_system.rs,52,375,1
system{name="bevy_pbr::atmosphere::environment::atmosphere_environment"},/Users/l-monninger/.cargo/registry/src/index.crates.io-1949cf8c6b5b557f/bevy_ecs-0.19.0/src/system/function_system.rs,52,375,1
system{name="avian3d::dynamics::rigid_body::forces::plugin::apply_constant_local_forces"},/Users/l-monninger/.cargo/registry/src/index.crates.io-1949cf8c6b5b557f/bevy_ecs-0.19.0/src/system/function_system.rs,52,375,1
system{name="avian3d::dynamics::solver::joint_graph::plugin::on_change_joint_entities<avian3d::dynamics::joints::spherical::SphericalJoint>"},/Users/l-monninger/.cargo/registry/src/index.crates.io-1949cf8c6b5b557f/bevy_ecs-0.19.0/src/system/function_system.rs,52,375,1
system{name="avian3d::dynamics::solver::xpbd::plugin::writeback_joint_forces<avian3d::dynamics::joints::distance::DistanceJoint>"},/Users/l-monninger/.cargo/registry/src/index.crates.io-1949cf8c6b5b557f/bevy_ecs-0.19.0/src/system/function_system.rs,52,375,1
system{name="avian3d::collider_tree::update::clear_moved_proxies"},/Users/l-monninger/.cargo/registry/src/index.crates.io-1949cf8c6b5b557f/bevy_ecs-0.19.0/src/system/function_system.rs,52,375,1
system{name="bevy_ecs::schedule::condition::common_conditions::resource_exists<avian3d::dynamics::solver::islands::PhysicsIslands>"},/Users/l-monninger/.cargo/registry/src/index.crates.io-1949cf8c6b5b557f/bevy_ecs-0.19.0/src/system/function_system.rs,52,375,1
system{name="lod::scene::refresh::levels::produce::produce_lod_refresh_levels<chico_vegetation_components::ComponentsOnly<chico_sbs_trees::date_palm::DatePalm>>"},/Users/l-monninger/.cargo/registry/src/index.crates.io-1949cf8c6b5b557f/bevy_ecs-0.19.0/src/system/function_system.rs,52,375,1
system{name="bevy_asset::assets::Assets<bevy_gltf::material::GltfMaterial>::track_assets"},/Users/l-monninger/.cargo/registry/src/index.crates.io-1949cf8c6b5b557f/bevy_ecs-0.19.0/src/system/function_system.rs,52,375,1
system{name="bevy_sprite_render::mesh2d::material::extract_entities_needs_specialization<bevy_sprite_render::tilemap_chunk::tilemap_chunk_material::TilemapChunkMaterial>"},/Users/l-monninger/.cargo/registry/src/index.crates.io-1949cf8c6b5b557f/bevy_ecs-0.19.0/src/system/function_system.rs,52,375,1
system{name="avian3d::dynamics::joints::fixed::update_local_frames"},/Users/l-monninger/.cargo/registry/src/index.crates.io-1949cf8c6b5b557f/bevy_ecs-0.19.0/src/system/function_system.rs,52,375,1
system{name="bevy_ui::widget::text_input_layout::update_editable_text_content_size"},/Users/l-monninger/.cargo/registry/src/index.crates.io-1949cf8c6b5b557f/bevy_ecs-0.19.0/src/system/function_system.rs,52,375,1
system_commands{name="lod::scene::refresh::cull_regions::enqueue::produce_lod_cull_for_region<lod_avian::AvianLodSceneRegionIndex<'_, '_, chico_vegetation_components::ComponentsOnly<chico_groves::wild_grass::vc::WildGrass>>, chico_sbs_trees_playground::vegetation_lod::VegetationCull, chico_vegetation_components::ComponentsOnly<chico_groves::wild_grass::vc::WildGrass>, bevy_ecs::query::filter::With<bevy_camera::camera::Camera>>"},/Users/l-monninger/.cargo/registry/src/index.crates.io-1949cf8c6b5b557f/bevy_ecs-0.19.0/src/system/function_system.rs,54,375,1
system{name="avian3d::dynamics::joints::prismatic::update_local_frames"},/Users/l-monninger/.cargo/registry/src/index.crates.io-1949cf8c6b5b557f/bevy_ecs-0.19.0/src/system/function_system.rs,52,375,1
system{name="bevy_asset::assets::Assets<()>::asset_events_condition"},/Users/l-monninger/.cargo/registry/src/index.crates.io-1949cf8c6b5b557f/bevy_ecs-0.19.0/src/system/function_system.rs,52,375,1
system{name="bevy_pbr::render::mesh::set_mesh_motion_vector_flags"},/Users/l-monninger/.cargo/registry/src/index.crates.io-1949cf8c6b5b557f/bevy_ecs-0.19.0/src/system/function_system.rs,52,375,1
system{name="bevy_picking::window::update_window_hits"},/Users/l-monninger/.cargo/registry/src/index.crates.io-1949cf8c6b5b557f/bevy_ecs-0.19.0/src/system/function_system.rs,52,375,1
system{name="bevy_sprite_render::mesh2d::material::queue_material2d_meshes<bevy_sprite_render::sprite_mesh::sprite_material::SpriteMaterial>"},/Users/l-monninger/.cargo/registry/src/index.crates.io-1949cf8c6b5b557f/bevy_ecs-0.19.0/src/system/function_system.rs,52,375,1
system{name="avian3d::dynamics::solver::joint_graph::plugin::on_change_joint_entities<avian3d::dynamics::joints::revolute::RevoluteJoint>"},/Users/l-monninger/.cargo/registry/src/index.crates.io-1949cf8c6b5b557f/bevy_ecs-0.19.0/src/system/function_system.rs,52,375,1
system{name="bevy_render::extract_component::extract_components<bevy_post_process::effect_stack::chromatic_aberration::ChromaticAberration, ()>"},/Users/l-monninger/.cargo/registry/src/index.crates.io-1949cf8c6b5b557f/bevy_ecs-0.19.0/src/system/function_system.rs,52,375,1
system{name="bevy_ecs::schedule::condition::common_conditions::resource_exists<bevy_core_pipeline::mip_generation::experimental::depth::DownsampleDepthPipelines>"},/Users/l-monninger/.cargo/registry/src/index.crates.io-1949cf8c6b5b557f/bevy_ecs-0.19.0/src/system/function_system.rs,52,375,1
system{name="bevy_asset::assets::Assets<bevy_gltf::assets::GltfPrimitive>::track_assets"},/Users/l-monninger/.cargo/registry/src/index.crates.io-1949cf8c6b5b557f/bevy_ecs-0.19.0/src/system/function_system.rs,52,375,1
check_conditions{name="bevy_gizmos::end_gizmo_context<bevy_light::gizmos::LightGizmoConfigGroup, bevy_time::fixed::Fixed>"},/Users/l-monninger/.cargo/registry/src/index.crates.io-1949cf8c6b5b557f/bevy_ecs-0.19.0/src/schedule/executor/single_threaded.rs,77,375,1
system{name="bevy_ui::accessibility::sync_bounds_and_transforms"},/Users/l-monninger/.cargo/registry/src/index.crates.io-1949cf8c6b5b557f/bevy_ecs-0.19.0/src/system/function_system.rs,52,375,1
system{name="bevy_gizmos::collect_requested_gizmos<bevy_gizmos::config::DefaultGizmoConfigGroup, bevy_time::fixed::Fixed>"},/Users/l-monninger/.cargo/registry/src/index.crates.io-1949cf8c6b5b557f/bevy_ecs-0.19.0/src/system/function_system.rs,52,375,1
system{name="bevy_post_process::motion_blur::prepare_view_depth_texture_usages_for_motion_blur"},/Users/l-monninger/.cargo/registry/src/index.crates.io-1949cf8c6b5b557f/bevy_ecs-0.19.0/src/system/function_system.rs,52,375,1
check_conditions{name="bevy_gizmos::start_gizmo_context<bevy_gizmos::skinned_mesh_bounds::SkinnedMeshBoundsGizmoConfigGroup, bevy_time::fixed::Fixed>"},/Users/l-monninger/.cargo/registry/src/index.crates.io-1949cf8c6b5b557f/bevy_ecs-0.19.0/src/schedule/executor/single_threaded.rs,77,375,1
system{name="bevy_core_pipeline::mip_generation::experimental::depth::prepare_view_depth_pyramids"},/Users/l-monninger/.cargo/registry/src/index.crates.io-1949cf8c6b5b557f/bevy_ecs-0.19.0/src/system/function_system.rs,52,375,1
system{name="bevy_gizmos::update_gizmo_meshes<bevy_gizmos::aabb::AabbGizmoConfigGroup>"},/Users/l-monninger/.cargo/registry/src/index.crates.io-1949cf8c6b5b557f/bevy_ecs-0.19.0/src/system/function_system.rs,52,375,1
system{name="bevy_ui_render::box_shadow::queue_shadows"},/Users/l-monninger/.cargo/registry/src/index.crates.io-1949cf8c6b5b557f/bevy_ecs-0.19.0/src/system/function_system.rs,52,375,1
system{name="bevy_render::uniform::prepare_uniform_components<bevy_pbr::atmosphere::resources::GpuAtmosphere>"},/Users/l-monninger/.cargo/registry/src/index.crates.io-1949cf8c6b5b557f/bevy_ecs-0.19.0/src/system/function_system.rs,52,375,1
system{name="bevy_render::extract_component::extract_components<bevy_render::gpu_readback::Readback, ()>"},/Users/l-monninger/.cargo/registry/src/index.crates.io-1949cf8c6b5b557f/bevy_ecs-0.19.0/src/system/function_system.rs,52,375,1
system{name="bevy_transform_interpolation::interpolation::complete_rotation_easing"},/Users/l-monninger/.cargo/registry/src/index.crates.io-1949cf8c6b5b557f/bevy_ecs-0.19.0/src/system/function_system.rs,52,375,1
system{name="avian3d::interpolation::update_previous_velocity"},/Users/l-monninger/.cargo/registry/src/index.crates.io-1949cf8c6b5b557f/bevy_ecs-0.19.0/src/system/function_system.rs,52,375,1
system{name="bevy_gizmos::propagate_gizmos<bevy_gizmos::aabb::AabbGizmoConfigGroup, bevy_time::fixed::Fixed>"},/Users/l-monninger/.cargo/registry/src/index.crates.io-1949cf8c6b5b557f/bevy_ecs-0.19.0/src/system/function_system.rs,52,375,1
system{name="lod::scene::refresh::levels::produce::produce_lod_refresh_levels<chico_vegetation_components::ComponentsOnly<chico_vegetation_components::placed_vegetation::PlacedVegetation<chico_sbs_trees::honu_banyan::HonuBanyan>>>"},/Users/l-monninger/.cargo/registry/src/index.crates.io-1949cf8c6b5b557f/bevy_ecs-0.19.0/src/system/function_system.rs,52,375,1
system{name="bevy_input::mouse::accumulate_mouse_scroll_system"},/Users/l-monninger/.cargo/registry/src/index.crates.io-1949cf8c6b5b557f/bevy_ecs-0.19.0/src/system/function_system.rs,52,375,1
system{name="avian3d::dynamics::integrator::clamp_velocities"},/Users/l-monninger/.cargo/registry/src/index.crates.io-1949cf8c6b5b557f/bevy_ecs-0.19.0/src/system/function_system.rs,52,2126,6
old_entity_cpu_culling{name="old_entity_cpu_culling"},/Users/l-monninger/.cargo/registry/src/index.crates.io-1949cf8c6b5b557f/bevy_render-0.19.0/src/view/visibility/mod.rs,210,2040,6
system{name="bevy_ui::widget::text_input_layout::update_editable_text_styles"},/Users/l-monninger/.cargo/registry/src/index.crates.io-1949cf8c6b5b557f/bevy_ecs-0.19.0/src/system/function_system.rs,52,334,1
system{name="bevy_pbr::material::early_sweep_material_instances<chico_vegetation_shaders::chico_leaf_material::ChicoLeafMaterial>"},/Users/l-monninger/.cargo/registry/src/index.crates.io-1949cf8c6b5b557f/bevy_ecs-0.19.0/src/system/function_system.rs,52,334,1
system{name="bevy_pbr::render::morph::prepare_morph_descriptors"},/Users/l-monninger/.cargo/registry/src/index.crates.io-1949cf8c6b5b557f/bevy_ecs-0.19.0/src/system/function_system.rs,52,334,1
system{name="bevy_pbr::atmosphere::node::atmosphere_luts"},/Users/l-monninger/.cargo/registry/src/index.crates.io-1949cf8c6b5b557f/bevy_ecs-0.19.0/src/system/function_system.rs,52,334,1
system{name="bevy_core_pipeline::oit::resolve::node::oit_resolve"},/Users/l-monninger/.cargo/registry/src/index.crates.io-1949cf8c6b5b557f/bevy_ecs-0.19.0/src/system/function_system.rs,52,334,1
system{name="avian3d::dynamics::rigid_body::forces::plugin::apply_constant_forces"},/Users/l-monninger/.cargo/registry/src/index.crates.io-1949cf8c6b5b557f/bevy_ecs-0.19.0/src/system/function_system.rs,52,334,1
system{name="bevy_asset::assets::Assets<chico_sbs_trees_playground::checkerboard_material::CheckerboardMaterial>::asset_events_condition"},/Users/l-monninger/.cargo/registry/src/index.crates.io-1949cf8c6b5b557f/bevy_ecs-0.19.0/src/system/function_system.rs,52,334,1
system{name="bevy_transform_interpolation::interpolation::update_translation_interpolation_end"},/Users/l-monninger/.cargo/registry/src/index.crates.io-1949cf8c6b5b557f/bevy_ecs-0.19.0/src/system/function_system.rs,52,334,1
system{name="bevy_ui::accessibility::image_changed"},/Users/l-monninger/.cargo/registry/src/index.crates.io-1949cf8c6b5b557f/bevy_ecs-0.19.0/src/system/function_system.rs,52,334,1
check_conditions{name="avian3d::dynamics::solver::xpbd::plugin::prepare_xpbd_joint<avian3d::dynamics::joints::fixed::FixedJoint>"},/Users/l-monninger/.cargo/registry/src/index.crates.io-1949cf8c6b5b557f/bevy_ecs-0.19.0/src/schedule/executor/single_threaded.rs,77,334,1
system{name="bevy_pbr::material::extract_entities_that_need_specializations_removed<bevy_pbr::pbr_material::StandardMaterial>"},/Users/l-monninger/.cargo/registry/src/index.crates.io-1949cf8c6b5b557f/bevy_ecs-0.19.0/src/system/function_system.rs,52,334,1
system_commands{name="bevy_input_focus::dispatch_focused_input<bevy_input::gamepad::GamepadButtonChangedEvent>"},/Users/l-monninger/.cargo/registry/src/index.crates.io-1949cf8c6b5b557f/bevy_ecs-0.19.0/src/system/function_system.rs,54,334,1
system{name="bevy_post_process::msaa_writeback::msaa_writeback"},/Users/l-monninger/.cargo/registry/src/index.crates.io-1949cf8c6b5b557f/bevy_ecs-0.19.0/src/system/function_system.rs,52,334,1
system_commands{name="avian3d::collision::narrow_phase::update_narrow_phase<avian3d::collision::collider::parry::Collider, ()>"},/Users/l-monninger/.cargo/registry/src/index.crates.io-1949cf8c6b5b557f/bevy_ecs-0.19.0/src/system/function_system.rs,54,334,1
system{name="bevy_anti_alias::taa::prepare_taa_jitter"},/Users/l-monninger/.cargo/registry/src/index.crates.io-1949cf8c6b5b557f/bevy_ecs-0.19.0/src/system/function_system.rs,52,333,1
system_commands{name="bevy_ui_render::box_shadow::prepare_shadows"},/Users/l-monninger/.cargo/registry/src/index.crates.io-1949cf8c6b5b557f/bevy_ecs-0.19.0/src/system/function_system.rs,54,333,1
system{name="bevy_transform_interpolation::interpolation::update_scale_interpolation_start"},/Users/l-monninger/.cargo/registry/src/index.crates.io-1949cf8c6b5b557f/bevy_ecs-0.19.0/src/system/function_system.rs,52,333,1
system{name="bevy_pbr::render::gpu_preprocess::late_gpu_preprocess"},/Users/l-monninger/.cargo/registry/src/index.crates.io-1949cf8c6b5b557f/bevy_ecs-0.19.0/src/system/function_system.rs,52,333,1
system_commands{name="lod::scene::refresh::cull_regions::enqueue::produce_lod_cull_for_region<lod_avian::AvianLodSceneRegionIndex<'_, '_, chico_vegetation_components::ComponentsOnly<chico_groves::common_tufts::vc::CommonTufts>>, chico_sbs_trees_playground::vegetation_lod::VegetationCull, chico_vegetation_components::ComponentsOnly<chico_groves::common_tufts::vc::CommonTufts>, bevy_ecs::query::filter::With<bevy_camera::camera::Camera>>"},/Users/l-monninger/.cargo/registry/src/index.crates.io-1949cf8c6b5b557f/bevy_ecs-0.19.0/src/system/function_system.rs,54,333,1
system{name="avian3d::dynamics::rigid_body::forces::plugin::apply_constant_local_torques"},/Users/l-monninger/.cargo/registry/src/index.crates.io-1949cf8c6b5b557f/bevy_ecs-0.19.0/src/system/function_system.rs,52,333,1
system{name="avian3d::dynamics::solver::xpbd::plugin::writeback_joint_forces<avian3d::dynamics::joints::revolute::RevoluteJoint>"},/Users/l-monninger/.cargo/registry/src/index.crates.io-1949cf8c6b5b557f/bevy_ecs-0.19.0/src/system/function_system.rs,52,333,1
system{name="avian3d::dynamics::solver::plugin::update_contact_softness"},/Users/l-monninger/.cargo/registry/src/index.crates.io-1949cf8c6b5b557f/bevy_ecs-0.19.0/src/system/function_system.rs,52,333,1
system{name="bevy_render::view::window::screenshot::clear_screenshots"},/Users/l-monninger/.cargo/registry/src/index.crates.io-1949cf8c6b5b557f/bevy_ecs-0.19.0/src/system/function_system.rs,52,333,1
system{name="bevy_sprite_render::mesh2d::material::queue_material2d_meshes<bevy_sprite_render::tilemap_chunk::tilemap_chunk_material::TilemapChunkMaterial>"},/Users/l-monninger/.cargo/registry/src/index.crates.io-1949cf8c6b5b557f/bevy_ecs-0.19.0/src/system/function_system.rs,52,333,1
system{name="avian3d::collision::collider::collider_transform::plugin::update_child_collider_position"},/Users/l-monninger/.cargo/registry/src/index.crates.io-1949cf8c6b5b557f/bevy_ecs-0.19.0/src/system/function_system.rs,52,333,1
system{name="bevy_input::gamepad::gamepad_connection_system"},/Users/l-monninger/.cargo/registry/src/index.crates.io-1949cf8c6b5b557f/bevy_ecs-0.19.0/src/system/function_system.rs,52,333,1
system{name="avian3d::dynamics::solver::xpbd::plugin::writeback_joint_forces<avian3d::dynamics::joints::spherical::SphericalJoint>"},/Users/l-monninger/.cargo/registry/src/index.crates.io-1949cf8c6b5b557f/bevy_ecs-0.19.0/src/system/function_system.rs,52,333,1
system{name="bevy_transform::systems::propagate_transforms_for<bevy_ecs::query::filter::Or<(bevy_ecs::query::filter::With<bevy_gizmos::transform_gizmo::TransformGizmoRoot>, bevy_ecs::query::filter::With<bevy_gizmos_render::transform_gizmo_render::GizmoOverlayCamera>, bevy_ecs::query::filter::With<bevy_gizmos::transform_gizmo::TransformGizmoMeshMarker>)>>"},/Users/l-monninger/.cargo/registry/src/index.crates.io-1949cf8c6b5b557f/bevy_ecs-0.19.0/src/system/function_system.rs,52,333,1
system{name="bevy_gizmos::end_gizmo_context<bevy_light::gizmos::LightGizmoConfigGroup, bevy_time::fixed::Fixed>"},/Users/l-monninger/.cargo/registry/src/index.crates.io-1949cf8c6b5b557f/bevy_ecs-0.19.0/src/system/function_system.rs,52,333,1
system{name="lod::scene::refresh::levels::produce::produce_lod_refresh_levels<chico_vegetation_components::ComponentsOnly<chico_sbs_trees::honu_banyan::HonuBanyan>>"},/Users/l-monninger/.cargo/registry/src/index.crates.io-1949cf8c6b5b557f/bevy_ecs-0.19.0/src/system/function_system.rs,52,333,1
system{name="avian3d::dynamics::solver::xpbd::plugin::prepare_xpbd_joint<avian3d::dynamics::joints::fixed::FixedJoint>"},/Users/l-monninger/.cargo/registry/src/index.crates.io-1949cf8c6b5b557f/bevy_ecs-0.19.0/src/system/function_system.rs,52,333,1
collect_screenshots,/Users/l-monninger/.cargo/registry/src/index.crates.io-1949cf8c6b5b557f/bevy_render-0.19.0/src/view/window/screenshot.rs,633,333,1
system{name="bevy_gizmos::collect_requested_gizmos<bevy_gizmos::frustum::FrustumGizmoConfigGroup, bevy_time::fixed::Fixed>"},/Users/l-monninger/.cargo/registry/src/index.crates.io-1949cf8c6b5b557f/bevy_ecs-0.19.0/src/system/function_system.rs,52,333,1
system_commands{name="bevy_picking::hover::update_is_directly_hovered"},/Users/l-monninger/.cargo/registry/src/index.crates.io-1949cf8c6b5b557f/bevy_ecs-0.19.0/src/system/function_system.rs,54,333,1
system{name="bevy_render::extract_component::extract_components<bevy_anti_alias::smaa::Smaa, ()>"},/Users/l-monninger/.cargo/registry/src/index.crates.io-1949cf8c6b5b557f/bevy_ecs-0.19.0/src/system/function_system.rs,52,333,1
system{name="bevy_asset::assets::Assets<bevy_world_serialization::dynamic_world::DynamicWorld>::asset_events_condition"},/Users/l-monninger/.cargo/registry/src/index.crates.io-1949cf8c6b5b557f/bevy_ecs-0.19.0/src/system/function_system.rs,52,333,1
system{name="bevy_transform_interpolation::extrapolation::reset_rotation_extrapolation"},/Users/l-monninger/.cargo/registry/src/index.crates.io-1949cf8c6b5b557f/bevy_ecs-0.19.0/src/system/function_system.rs,52,333,1
check_conditions{name="avian3d::dynamics::solver::xpbd::plugin::writeback_joint_forces<avian3d::dynamics::joints::fixed::FixedJoint>"},/Users/l-monninger/.cargo/registry/src/index.crates.io-1949cf8c6b5b557f/bevy_ecs-0.19.0/src/schedule/executor/single_threaded.rs,77,333,1
system{name="avian3d::dynamics::solver::xpbd::plugin::writeback_joint_forces<avian3d::dynamics::joints::prismatic::PrismaticJoint>"},/Users/l-monninger/.cargo/registry/src/index.crates.io-1949cf8c6b5b557f/bevy_ecs-0.19.0/src/system/function_system.rs,52,333,1
RenderContextState::apply{system=bevy_pbr::render::gpu_preprocess::late_gpu_preprocess},/Users/l-monninger/.cargo/registry/src/index.crates.io-1949cf8c6b5b557f/bevy_render-0.19.0/src/renderer/render_context.rs,110,333,1
system_commands{name="avian3d::dynamics::rigid_body::mass_properties::queue_mass_recomputation_on_collider_mass_change"},/Users/l-monninger/.cargo/registry/src/index.crates.io-1949cf8c6b5b557f/bevy_ecs-0.19.0/src/system/function_system.rs,54,333,1
system{name="bevy_asset::assets::Assets<bevy_pbr::extended_material::ExtendedMaterial<bevy_pbr::pbr_material::StandardMaterial, bevy_pbr::decal::forward::ForwardDecalMaterialExt>>::asset_events_condition"},/Users/l-monninger/.cargo/registry/src/index.crates.io-1949cf8c6b5b557f/bevy_ecs-0.19.0/src/system/function_system.rs,52,333,1
system_commands{name="bevy_app::propagate::propagate_output<bevy_ui::ui_node::ComputedUiTargetCamera, ()>"},/Users/l-monninger/.cargo/registry/src/index.crates.io-1949cf8c6b5b557f/bevy_ecs-0.19.0/src/system/function_system.rs,54,333,1
system{name="bevy_animation::transition::expire_completed_transitions"},/Users/l-monninger/.cargo/registry/src/index.crates.io-1949cf8c6b5b557f/bevy_ecs-0.19.0/src/system/function_system.rs,52,333,1
system{name="avian3d::dynamics::integrator::integrate_velocities"},/Users/l-monninger/.cargo/registry/src/index.crates.io-1949cf8c6b5b557f/bevy_ecs-0.19.0/src/system/function_system.rs,52,1917,6
par_for_each{query="(&bevy_mesh::components::Mesh3d, &mut bevy_camera::primitives::Aabb)" filter="(bevy_ecs::query::filter::Or<(bevy_asset::asset_changed::AssetChanged<bevy_mesh::components::Mesh3d>, bevy_ecs::query::filter::Changed<bevy_mesh::components::Mesh3d>)>, bevy_ecs::query::filter::Without<bevy_camera::visibility::NoFrustumCulling>, bevy_ecs::query::filter::Without<bevy_camera::visibility::NoAutoAabb>)"},/Users/l-monninger/.cargo/registry/src/index.crates.io-1949cf8c6b5b557f/bevy_ecs-0.19.0/src/query/state.rs,297,3918,13
system{name="avian3d::dynamics::solver::solver_body::plugin::update_solver_body_angular_inertia"},/Users/l-monninger/.cargo/registry/src/index.crates.io-1949cf8c6b5b557f/bevy_ecs-0.19.0/src/system/function_system.rs,52,1791,6
system{name="avian3d::dynamics::integrator::integrate_positions"},/Users/l-monninger/.cargo/registry/src/index.crates.io-1949cf8c6b5b557f/bevy_ecs-0.19.0/src/system/function_system.rs,52,1791,6
check_conditions{name="avian3d::dynamics::solver::xpbd::plugin::warm_start_xpbd_motors<avian3d::dynamics::joints::revolute::RevoluteJoint>"},/Users/l-monninger/.cargo/registry/src/index.crates.io-1949cf8c6b5b557f/bevy_ecs-0.19.0/src/schedule/executor/single_threaded.rs,77,1793,6
system{name="avian3d::dynamics::solver::islands::sleeping::wake_islands_with_sleeping_disabled"},/Users/l-monninger/.cargo/registry/src/index.crates.io-1949cf8c6b5b557f/bevy_ecs-0.19.0/src/system/function_system.rs,52,292,1
RenderContextState::apply{system=bevy_core_pipeline::prepass::node::late_prepass},/Users/l-monninger/.cargo/registry/src/index.crates.io-1949cf8c6b5b557f/bevy_render-0.19.0/src/renderer/render_context.rs,110,292,1
system{name="bevy_pbr::render::skin::prepare_skins"},/Users/l-monninger/.cargo/registry/src/index.crates.io-1949cf8c6b5b557f/bevy_ecs-0.19.0/src/system/function_system.rs,52,292,1
RenderContextState::apply{system=bevy_core_pipeline::mip_generation::experimental::depth::late_downsample_depth},/Users/l-monninger/.cargo/registry/src/index.crates.io-1949cf8c6b5b557f/bevy_render-0.19.0/src/renderer/render_context.rs,110,292,1
system{name="bevy_gizmos::propagate_gizmos<bevy_gizmos::config::DefaultGizmoConfigGroup, bevy_time::fixed::Fixed>"},/Users/l-monninger/.cargo/registry/src/index.crates.io-1949cf8c6b5b557f/bevy_ecs-0.19.0/src/system/function_system.rs,52,292,1
system{name="bevy_core_pipeline::deferred::node::early_deferred_prepass"},/Users/l-monninger/.cargo/registry/src/index.crates.io-1949cf8c6b5b557f/bevy_ecs-0.19.0/src/system/function_system.rs,52,292,1
system{name="bevy_render::render_asset::extract_render_asset_bytes_per_frame"},/Users/l-monninger/.cargo/registry/src/index.crates.io-1949cf8c6b5b557f/bevy_ecs-0.19.0/src/system/function_system.rs,52,292,1
system{name="avian3d::dynamics::rigid_body::forces::plugin::apply_constant_angular_acceleration"},/Users/l-monninger/.cargo/registry/src/index.crates.io-1949cf8c6b5b557f/bevy_ecs-0.19.0/src/system/function_system.rs,52,292,1
system{name="bevy_render::batching::no_gpu_preprocessing::clear_batched_cpu_instance_buffers<bevy_sprite_render::mesh2d::mesh::Mesh2dPipeline>"},/Users/l-monninger/.cargo/registry/src/index.crates.io-1949cf8c6b5b557f/bevy_ecs-0.19.0/src/system/function_system.rs,52,292,1
system{name="bevy_render::renderer_is_ready"},/Users/l-monninger/.cargo/registry/src/index.crates.io-1949cf8c6b5b557f/bevy_ecs-0.19.0/src/system/function_system.rs,52,292,1
system{name="bevy_gizmos::end_gizmo_context<bevy_gizmos::skinned_mesh_bounds::SkinnedMeshBoundsGizmoConfigGroup, bevy_time::fixed::Fixed>"},/Users/l-monninger/.cargo/registry/src/index.crates.io-1949cf8c6b5b557f/bevy_ecs-0.19.0/src/system/function_system.rs,52,292,1
system{name="lod::scene::refresh::sync::cull::apply_lod_cull_requests"},/Users/l-monninger/.cargo/registry/src/index.crates.io-1949cf8c6b5b557f/bevy_ecs-0.19.0/src/system/function_system.rs,52,292,1
system{name="bevy_core_pipeline::deferred::copy_lighting_id::prepare_deferred_lighting_id_textures"},/Users/l-monninger/.cargo/registry/src/index.crates.io-1949cf8c6b5b557f/bevy_ecs-0.19.0/src/system/function_system.rs,52,292,1
system_commands{name="lod::scene::bounds_patch::patch_scene_bounds<chico_vegetation_components::FlattenedComponentsOnly<chico_vegetation_components::placed_vegetation::PlacedVegetation<alloc::sync::Arc<chico_sbs_trees::rorys_head_trained::RorysHeadTrained>>>, lod_avian::AvianLodSceneBoundsMarshaller>"},/Users/l-monninger/.cargo/registry/src/index.crates.io-1949cf8c6b5b557f/bevy_ecs-0.19.0/src/system/function_system.rs,54,292,1
system{name="lod::scene::bounds_patch::patch_scene_bounds<chico_vegetation_components::FlattenedComponentsOnly<chico_vegetation_components::placed_vegetation::PlacedVegetation<alloc::sync::Arc<chico_sbs_trees::vase_tree::VaseTree>>>, lod_avian::AvianLodSceneBoundsMarshaller>"},/Users/l-monninger/.cargo/registry/src/index.crates.io-1949cf8c6b5b557f/bevy_ecs-0.19.0/src/system/function_system.rs,52,292,1
system{name="bevy_gizmos::start_gizmo_context<bevy_gizmos::skinned_mesh_bounds::SkinnedMeshBoundsGizmoConfigGroup, bevy_time::fixed::Fixed>"},/Users/l-monninger/.cargo/registry/src/index.crates.io-1949cf8c6b5b557f/bevy_ecs-0.19.0/src/system/function_system.rs,52,292,1
system_commands{name="bevy_core_pipeline::mip_generation::experimental::depth::prepare_downsample_depth_view_bind_groups"},/Users/l-monninger/.cargo/registry/src/index.crates.io-1949cf8c6b5b557f/bevy_ecs-0.19.0/src/system/function_system.rs,54,292,1
RenderContextState::apply{system=bevy_pbr::atmosphere::environment::atmosphere_environment},/Users/l-monninger/.cargo/registry/src/index.crates.io-1949cf8c6b5b557f/bevy_render-0.19.0/src/renderer/render_context.rs,110,292,1
system{name="bevy_pbr::material::early_sweep_material_instances<chico_vegetation_shaders::chico_stick_material::ChicoStickMaterial>"},/Users/l-monninger/.cargo/registry/src/index.crates.io-1949cf8c6b5b557f/bevy_ecs-0.19.0/src/system/function_system.rs,52,292,1
system{name="bevy_pbr::atmosphere::resources::prepare_atmosphere_uniforms"},/Users/l-monninger/.cargo/registry/src/index.crates.io-1949cf8c6b5b557f/bevy_ecs-0.19.0/src/system/function_system.rs,52,292,1
system{name="bevy_ui::widget::text_input_layout::scroll_editable_text"},/Users/l-monninger/.cargo/registry/src/index.crates.io-1949cf8c6b5b557f/bevy_ecs-0.19.0/src/system/function_system.rs,52,292,1
system{name="bevy_transform_interpolation::interpolation::update_rotation_interpolation_start"},/Users/l-monninger/.cargo/registry/src/index.crates.io-1949cf8c6b5b557f/bevy_ecs-0.19.0/src/system/function_system.rs,52,292,1
system{name="bevy_sprite_render::mesh2d::material::extract_entities_that_need_specializations_removed<bevy_sprite_render::sprite_mesh::sprite_material::SpriteMaterial>"},/Users/l-monninger/.cargo/registry/src/index.crates.io-1949cf8c6b5b557f/bevy_ecs-0.19.0/src/system/function_system.rs,52,292,1
system{name="bevy_pbr::render::light::extract_ambient_light_resource"},/Users/l-monninger/.cargo/registry/src/index.crates.io-1949cf8c6b5b557f/bevy_ecs-0.19.0/src/system/function_system.rs,52,292,1
system{name="bevy_render::view::window::need_surface_configuration"},/Users/l-monninger/.cargo/registry/src/index.crates.io-1949cf8c6b5b557f/bevy_ecs-0.19.0/src/system/function_system.rs,52,292,1
system{name="bevy_animation::trigger_untargeted_animation_events"},/Users/l-monninger/.cargo/registry/src/index.crates.io-1949cf8c6b5b557f/bevy_ecs-0.19.0/src/system/function_system.rs,52,292,1
system{name="bevy_core_pipeline::prepass::node::late_prepass"},/Users/l-monninger/.cargo/registry/src/index.crates.io-1949cf8c6b5b557f/bevy_ecs-0.19.0/src/system/function_system.rs,52,292,1
system{name="bevy_input_focus::dispatch_focused_input<bevy_input::mouse::MouseWheel>"},/Users/l-monninger/.cargo/registry/src/index.crates.io-1949cf8c6b5b557f/bevy_ecs-0.19.0/src/system/function_system.rs,52,292,1
system{name="bevy_gizmos::update_gizmo_meshes<bevy_gizmos::frustum::FrustumGizmoConfigGroup>"},/Users/l-monninger/.cargo/registry/src/index.crates.io-1949cf8c6b5b557f/bevy_ecs-0.19.0/src/system/function_system.rs,52,292,1
system{name="bevy_asset::assets::Assets<bevy_gltf::assets::GltfSkin>::asset_events_condition"},/Users/l-monninger/.cargo/registry/src/index.crates.io-1949cf8c6b5b557f/bevy_ecs-0.19.0/src/system/function_system.rs,52,292,1
system{name="bevy_anti_alias::fxaa::node::fxaa"},/Users/l-monninger/.cargo/registry/src/index.crates.io-1949cf8c6b5b557f/bevy_ecs-0.19.0/src/system/function_system.rs,52,292,1
system{name="bevy_render::batching::no_gpu_preprocessing::batch_and_prepare_binned_render_phase<bevy_core_pipeline::core_2d::AlphaMask2d, bevy_sprite_render::mesh2d::mesh::Mesh2dPipeline>"},/Users/l-monninger/.cargo/registry/src/index.crates.io-1949cf8c6b5b557f/bevy_ecs-0.19.0/src/system/function_system.rs,52,292,1
system_commands{name="lod::scene::refresh::cull_regions::enqueue::produce_lod_cull_for_region<lod_avian::AvianLodSceneRegionIndex<'_, '_, chico_vegetation_components::ComponentsOnly<chico_groves::braid_grass::vc::BraidGrass>>, chico_sbs_trees_playground::vegetation_lod::VegetationCull, chico_vegetation_components::ComponentsOnly<chico_groves::braid_grass::vc::BraidGrass>, bevy_ecs::query::filter::With<bevy_camera::camera::Camera>>"},/Users/l-monninger/.cargo/registry/src/index.crates.io-1949cf8c6b5b557f/bevy_ecs-0.19.0/src/system/function_system.rs,54,291,1
system{name="bevy_sprite_render::mesh2d::material::extract_mesh_materials_2d<bevy_sprite_render::mesh2d::color_material::ColorMaterial>"},/Users/l-monninger/.cargo/registry/src/index.crates.io-1949cf8c6b5b557f/bevy_ecs-0.19.0/src/system/function_system.rs,52,291,1
system{name="chico_vegetation_shaders::chico_leaf_material::disable_leaf_shadow_casters"},/Users/l-monninger/.cargo/registry/src/index.crates.io-1949cf8c6b5b557f/bevy_ecs-0.19.0/src/system/function_system.rs,52,291,1
system{name="bevy_anti_alias::taa::prepare_taa_history_textures"},/Users/l-monninger/.cargo/registry/src/index.crates.io-1949cf8c6b5b557f/bevy_ecs-0.19.0/src/system/function_system.rs,52,291,1
system{name="bevy_render::extract_component::extract_components<bevy_post_process::motion_blur::MotionBlur, ()>"},/Users/l-monninger/.cargo/registry/src/index.crates.io-1949cf8c6b5b557f/bevy_ecs-0.19.0/src/system/function_system.rs,52,291,1
system_commands{name="bevy_core_pipeline::core_2d::prepare_core_2d_depth_textures"},/Users/l-monninger/.cargo/registry/src/index.crates.io-1949cf8c6b5b557f/bevy_ecs-0.19.0/src/system/function_system.rs,54,291,1
system{name="bevy_asset::assets::Assets<bevy_asset::folder::LoadedFolder>::asset_events_condition"},/Users/l-monninger/.cargo/registry/src/index.crates.io-1949cf8c6b5b557f/bevy_ecs-0.19.0/src/system/function_system.rs,52,291,1
RenderContextState::apply{system=bevy_core_pipeline::tonemapping::node::tonemapping},/Users/l-monninger/.cargo/registry/src/index.crates.io-1949cf8c6b5b557f/bevy_render-0.19.0/src/renderer/render_context.rs,110,291,1
system{name="bevy_gizmos::start_gizmo_context<bevy_light::gizmos::LightGizmoConfigGroup, bevy_time::fixed::Fixed>"},/Users/l-monninger/.cargo/registry/src/index.crates.io-1949cf8c6b5b557f/bevy_ecs-0.19.0/src/system/function_system.rs,52,291,1
RenderContextState::apply{system=bevy_post_process::msaa_writeback::msaa_writeback},/Users/l-monninger/.cargo/registry/src/index.crates.io-1949cf8c6b5b557f/bevy_render-0.19.0/src/renderer/render_context.rs,110,291,1
system{name="bevy_gizmos::propagate_gizmos<bevy_gizmos::skinned_mesh_bounds::SkinnedMeshBoundsGizmoConfigGroup, bevy_time::fixed::Fixed>"},/Users/l-monninger/.cargo/registry/src/index.crates.io-1949cf8c6b5b557f/bevy_ecs-0.19.0/src/system/function_system.rs,52,291,1
system{name="bevy_sprite_render::mesh2d::mesh::prepare_mesh2d_bind_group"},/Users/l-monninger/.cargo/registry/src/index.crates.io-1949cf8c6b5b557f/bevy_ecs-0.19.0/src/system/function_system.rs,52,291,1
par_for_each{query="&mut bevy_mesh::components::Mesh3d" filter="bevy_ecs::query::filter::Or<(bevy_ecs::query::filter::Changed<bevy_pbr::mesh_material::MeshMaterial3d<chico_vegetation_shaders::chico_leaf_material::ChicoLeafMaterial>>, bevy_asset::asset_changed::AssetChanged<bevy_pbr::mesh_material::MeshMaterial3d<chico_vegetation_shaders::chico_leaf_material::ChicoLeafMaterial>>)>"},/Users/l-monninger/.cargo/registry/src/index.crates.io-1949cf8c6b5b557f/bevy_ecs-0.19.0/src/query/state.rs,297,1709,6
prepared_mesh_producer,/Users/l-monninger/.cargo/registry/src/index.crates.io-1949cf8c6b5b557f/bevy_pbr-0.19.0/src/render/mesh.rs,2529,1959,7
check_conditions{name="<avian3d::dynamics::solver::xpbd::plugin::XpbdSolverPlugin as bevy_app::plugin::Plugin>::build::{{closure}}"},/Users/l-monninger/.cargo/registry/src/index.crates.io-1949cf8c6b5b557f/bevy_ecs-0.19.0/src/schedule/executor/single_threaded.rs,77,1624,6
check_conditions{name="avian3d::dynamics::rigid_body::forces::plugin::apply_local_acceleration"},/Users/l-monninger/.cargo/registry/src/index.crates.io-1949cf8c6b5b557f/bevy_ecs-0.19.0/src/schedule/executor/single_threaded.rs,77,1582,6
non_indexed_batch_sets,/Users/l-monninger/.cargo/registry/src/index.crates.io-1949cf8c6b5b557f/bevy_render-0.19.0/src/batching/gpu_preprocessing.rs,2717,2375,9
par_for_each{query="(bevy_ecs::change_detection::params::Ref<'_, bevy_transform::components::global_transform::GlobalTransform>, &mut bevy_pbr::prepass::PreviousGlobalTransform)" filter="bevy_ecs::query::filter::With<bevy_mesh::components::Mesh3d>"},/Users/l-monninger/.cargo/registry/src/index.crates.io-1949cf8c6b5b557f/bevy_ecs-0.19.0/src/query/state.rs,297,3415,13
system{name="bevy_pbr::cluster::gpu_clustering_is_enabled"},/Users/l-monninger/.cargo/registry/src/index.crates.io-1949cf8c6b5b557f/bevy_ecs-0.19.0/src/system/function_system.rs,52,1041,4
system{name="bevy_pbr::material::extract_entities_needs_specialization<chico_vegetation_shaders::chico_stick_material::ChicoStickMaterial>"},/Users/l-monninger/.cargo/registry/src/index.crates.io-1949cf8c6b5b557f/bevy_ecs-0.19.0/src/system/function_system.rs,52,250,1
system{name="bevy_core_pipeline::deferred::copy_lighting_id::copy_deferred_lighting_id"},/Users/l-monninger/.cargo/registry/src/index.crates.io-1949cf8c6b5b557f/bevy_ecs-0.19.0/src/system/function_system.rs,52,250,1
system_commands{name="bevy_pbr::render::light::extract_ambient_light_resource"},/Users/l-monninger/.cargo/registry/src/index.crates.io-1949cf8c6b5b557f/bevy_ecs-0.19.0/src/system/function_system.rs,54,250,1
system_commands{name="lod::scene::bounds_patch::patch_scene_bounds<chico_vegetation_components::FlattenedComponentsOnly<chico_vegetation_components::placed_vegetation::PlacedVegetation<alloc::sync::Arc<chico_sbs_trees::braid_oak_tree::BraidOakTree>>>, lod_avian::AvianLodSceneBoundsMarshaller>"},/Users/l-monninger/.cargo/registry/src/index.crates.io-1949cf8c6b5b557f/bevy_ecs-0.19.0/src/system/function_system.rs,54,250,1
RenderContextState::apply{system=bevy_anti_alias::contrast_adaptive_sharpening::node::cas},/Users/l-monninger/.cargo/registry/src/index.crates.io-1949cf8c6b5b557f/bevy_render-0.19.0/src/renderer/render_context.rs,110,250,1
system{name="bevy_render::camera::clear_dirty_wireframe_specializations"},/Users/l-monninger/.cargo/registry/src/index.crates.io-1949cf8c6b5b557f/bevy_ecs-0.19.0/src/system/function_system.rs,52,250,1
system{name="bevy_asset::assets::Assets<bevy_gltf::assets::Gltf>::track_assets"},/Users/l-monninger/.cargo/registry/src/index.crates.io-1949cf8c6b5b557f/bevy_ecs-0.19.0/src/system/function_system.rs,52,250,1
system{name="bevy_pbr::material::early_sweep_material_instances<bevy_pbr::extended_material::ExtendedMaterial<bevy_pbr::pbr_material::StandardMaterial, bevy_pbr::decal::forward::ForwardDecalMaterialExt>>"},/Users/l-monninger/.cargo/registry/src/index.crates.io-1949cf8c6b5b557f/bevy_ecs-0.19.0/src/system/function_system.rs,52,250,1
system{name="bevy_picking::PickingSettings::input_should_run"},/Users/l-monninger/.cargo/registry/src/index.crates.io-1949cf8c6b5b557f/bevy_ecs-0.19.0/src/system/function_system.rs,52,250,1
system{name="avian3d::schedule::update_last_physics_tick"},/Users/l-monninger/.cargo/registry/src/index.crates.io-1949cf8c6b5b557f/bevy_ecs-0.19.0/src/system/function_system.rs,52,250,1
system{name="lod::scene::bounds_patch::patch_scene_bounds<chico_groves::orchard::vc::Orchard, lod_avian::AvianLodSceneBoundsMarshaller>"},/Users/l-monninger/.cargo/registry/src/index.crates.io-1949cf8c6b5b557f/bevy_ecs-0.19.0/src/system/function_system.rs,52,250,1
RenderContextState::apply{system=bevy_pbr::volumetric_fog::render::volumetric_fog},/Users/l-monninger/.cargo/registry/src/index.crates.io-1949cf8c6b5b557f/bevy_render-0.19.0/src/renderer/render_context.rs,110,250,1
system{name="bevy_asset::assets::Assets<bevy_audio::audio_source::AudioSource>::asset_events_condition"},/Users/l-monninger/.cargo/registry/src/index.crates.io-1949cf8c6b5b557f/bevy_ecs-0.19.0/src/system/function_system.rs,52,250,1
system_commands{name="bevy_app::propagate::propagate_inherited<bevy_ui::ui_node::ComputedUiTargetCamera, (), bevy_ecs::hierarchy::ChildOf>"},/Users/l-monninger/.cargo/registry/src/index.crates.io-1949cf8c6b5b557f/bevy_ecs-0.19.0/src/system/function_system.rs,54,250,1
system{name="bevy_core_pipeline::mip_generation::experimental::depth::prepare_downsample_depth_view_bind_groups"},/Users/l-monninger/.cargo/registry/src/index.crates.io-1949cf8c6b5b557f/bevy_ecs-0.19.0/src/system/function_system.rs,52,250,1
system{name="bevy_pbr::light_probe::generate::prepare_generated_environment_map_intermediate_textures"},/Users/l-monninger/.cargo/registry/src/index.crates.io-1949cf8c6b5b557f/bevy_ecs-0.19.0/src/system/function_system.rs,52,250,1
system{name="bevy_gizmos::clear_gizmo_context<bevy_gizmos::config::DefaultGizmoConfigGroup, bevy_time::fixed::Fixed>"},/Users/l-monninger/.cargo/registry/src/index.crates.io-1949cf8c6b5b557f/bevy_ecs-0.19.0/src/system/function_system.rs,52,250,1
system{name="bevy_transform_interpolation::reset_rotation_easing"},/Users/l-monninger/.cargo/registry/src/index.crates.io-1949cf8c6b5b557f/bevy_ecs-0.19.0/src/system/function_system.rs,52,250,1
check_conditions{name="avian3d::dynamics::integrator::clear_velocity_increments"},/Users/l-monninger/.cargo/registry/src/index.crates.io-1949cf8c6b5b557f/bevy_ecs-0.19.0/src/schedule/executor/single_threaded.rs,77,250,1
system{name="bevy_render::view::visibility::range::write_render_visibility_ranges"},/Users/l-monninger/.cargo/registry/src/index.crates.io-1949cf8c6b5b557f/bevy_ecs-0.19.0/src/system/function_system.rs,52,250,1
system{name="bevy_asset::assets::Assets<bevy_mesh::mesh::Mesh>::asset_events_condition"},/Users/l-monninger/.cargo/registry/src/index.crates.io-1949cf8c6b5b557f/bevy_ecs-0.19.0/src/system/function_system.rs,52,250,1
system{name="bevy_picking::PickingSettings::window_picking_should_run"},/Users/l-monninger/.cargo/registry/src/index.crates.io-1949cf8c6b5b557f/bevy_ecs-0.19.0/src/system/function_system.rs,52,250,1
system{name="bevy_render::render_resource::sparse_buffer_vec::update_sparse_buffers"},/Users/l-monninger/.cargo/registry/src/index.crates.io-1949cf8c6b5b557f/bevy_ecs-0.19.0/src/system/function_system.rs,52,250,1
RenderContextState::apply{system=bevy_anti_alias::taa::temporal_anti_alias},/Users/l-monninger/.cargo/registry/src/index.crates.io-1949cf8c6b5b557f/bevy_render-0.19.0/src/renderer/render_context.rs,110,250,1
system{name="bevy_post_process::dof::prepare_depth_of_field_view_bind_group_layouts"},/Users/l-monninger/.cargo/registry/src/index.crates.io-1949cf8c6b5b557f/bevy_ecs-0.19.0/src/system/function_system.rs,52,250,1
system{name="avian3d::dynamics::solver::plugin::store_contact_impulses"},/Users/l-monninger/.cargo/registry/src/index.crates.io-1949cf8c6b5b557f/bevy_ecs-0.19.0/src/system/function_system.rs,52,250,1
RenderContextState::apply{system=bevy_pbr::render::light::shared_shadow_pass<false>},/Users/l-monninger/.cargo/registry/src/index.crates.io-1949cf8c6b5b557f/bevy_render-0.19.0/src/renderer/render_context.rs,110,250,1
system{name="bevy_pbr::material::late_sweep_material_instances"},/Users/l-monninger/.cargo/registry/src/index.crates.io-1949cf8c6b5b557f/bevy_ecs-0.19.0/src/system/function_system.rs,52,250,1
system{name="bevy_input_focus::gained_and_lost::process_recorded_focus_changes"},/Users/l-monninger/.cargo/registry/src/index.crates.io-1949cf8c6b5b557f/bevy_ecs-0.19.0/src/system/function_system.rs,52,250,1
system{name="avian3d::dynamics::joints::distance::update_local_anchors"},/Users/l-monninger/.cargo/registry/src/index.crates.io-1949cf8c6b5b557f/bevy_ecs-0.19.0/src/system/function_system.rs,52,250,1
system{name="bevy_post_process::dof::configure_depth_of_field_view_targets"},/Users/l-monninger/.cargo/registry/src/index.crates.io-1949cf8c6b5b557f/bevy_ecs-0.19.0/src/system/function_system.rs,52,250,1
RenderContextState::apply{system=bevy_post_process::bloom::bloom},/Users/l-monninger/.cargo/registry/src/index.crates.io-1949cf8c6b5b557f/bevy_render-0.19.0/src/renderer/render_context.rs,110,250,1
system{name="bevy_gizmos::end_gizmo_context<bevy_gizmos::aabb::AabbGizmoConfigGroup, bevy_time::fixed::Fixed>"},/Users/l-monninger/.cargo/registry/src/index.crates.io-1949cf8c6b5b557f/bevy_ecs-0.19.0/src/system/function_system.rs,52,250,1
system{name="bevy_picking::input::PointerInputSettings::is_touch_enabled"},/Users/l-monninger/.cargo/registry/src/index.crates.io-1949cf8c6b5b557f/bevy_ecs-0.19.0/src/system/function_system.rs,52,500,2
RenderContextState::apply{system=bevy_pbr::render::light::shared_shadow_pass<true>},/Users/l-monninger/.cargo/registry/src/index.crates.io-1949cf8c6b5b557f/bevy_render-0.19.0/src/renderer/render_context.rs,110,250,1
system{name="bevy_render::globals::extract_time"},/Users/l-monninger/.cargo/registry/src/index.crates.io-1949cf8c6b5b557f/bevy_ecs-0.19.0/src/system/function_system.rs,52,250,1
RenderContextState::apply{system=bevy_core_pipeline::core_3d::main_transparent_pass_3d_node::main_transparent_pass_3d},/Users/l-monninger/.cargo/registry/src/index.crates.io-1949cf8c6b5b557f/bevy_render-0.19.0/src/renderer/render_context.rs,110,250,1
system{name="bevy_ecs::schedule::condition::common_conditions::on_message<bevy_app::hierarchy::CheckParentHasComponent<bevy_transform::components::global_transform::GlobalTransform>>"},/Users/l-monninger/.cargo/registry/src/index.crates.io-1949cf8c6b5b557f/bevy_ecs-0.19.0/src/system/function_system.rs,52,250,1
system{name="bevy_asset::assets::Assets<bevy_gizmos::GizmoAsset>::asset_events_condition"},/Users/l-monninger/.cargo/registry/src/index.crates.io-1949cf8c6b5b557f/bevy_ecs-0.19.0/src/system/function_system.rs,52,250,1
RenderContextState::apply{system=bevy_pbr::light_probe::generate::downsampling_system},/Users/l-monninger/.cargo/registry/src/index.crates.io-1949cf8c6b5b557f/bevy_render-0.19.0/src/renderer/render_context.rs,110,250,1
write_phase_instance_buffers,/Users/l-monninger/.cargo/registry/src/index.crates.io-1949cf8c6b5b557f/bevy_render-0.19.0/src/batching/gpu_preprocessing.rs,2376,2165,9
system{name="avian3d::dynamics::solver::plugin::warm_start"},/Users/l-monninger/.cargo/registry/src/index.crates.io-1949cf8c6b5b557f/bevy_ecs-0.19.0/src/system/function_system.rs,52,1291,6
system{name="avian3d::dynamics::rigid_body::forces::plugin::apply_local_acceleration"},/Users/l-monninger/.cargo/registry/src/index.crates.io-1949cf8c6b5b557f/bevy_ecs-0.19.0/src/system/function_system.rs,52,1291,6
system{name="bevy_asset::assets::Assets<bevy_asset::assets::LoadedUntypedAsset>::asset_events_condition"},/Users/l-monninger/.cargo/registry/src/index.crates.io-1949cf8c6b5b557f/bevy_ecs-0.19.0/src/system/function_system.rs,52,209,1
system{name="bevy_render::batching::gpu_preprocessing::clear_bin_unpacking_buffers"},/Users/l-monninger/.cargo/registry/src/index.crates.io-1949cf8c6b5b557f/bevy_ecs-0.19.0/src/system/function_system.rs,52,209,1
system{name="bevy_ecs::message::update::signal_message_update_system"},/Users/l-monninger/.cargo/registry/src/index.crates.io-1949cf8c6b5b557f/bevy_ecs-0.19.0/src/system/function_system.rs,52,209,1
system{name="bevy_gizmos::start_gizmo_context<bevy_gizmos::config::DefaultGizmoConfigGroup, bevy_time::fixed::Fixed>"},/Users/l-monninger/.cargo/registry/src/index.crates.io-1949cf8c6b5b557f/bevy_ecs-0.19.0/src/system/function_system.rs,52,209,1
system{name="bevy_gizmos::propagate_gizmos<bevy_gizmos::frustum::FrustumGizmoConfigGroup, bevy_time::fixed::Fixed>"},/Users/l-monninger/.cargo/registry/src/index.crates.io-1949cf8c6b5b557f/bevy_ecs-0.19.0/src/system/function_system.rs,52,209,1
system{name="bevy_transform_interpolation::extrapolation::reset_translation_extrapolation"},/Users/l-monninger/.cargo/registry/src/index.crates.io-1949cf8c6b5b557f/bevy_ecs-0.19.0/src/system/function_system.rs,52,209,1
check_conditions{name="avian3d::dynamics::solver::joint_graph::plugin::on_change_joint_entities<avian3d::dynamics::joints::spherical::SphericalJoint>"},/Users/l-monninger/.cargo/registry/src/index.crates.io-1949cf8c6b5b557f/bevy_ecs-0.19.0/src/schedule/executor/single_threaded.rs,77,209,1
system{name="bevy_pbr::material::extract_entities_that_need_specializations_removed<chico_vegetation_shaders::chico_stick_material::ChicoStickMaterial>"},/Users/l-monninger/.cargo/registry/src/index.crates.io-1949cf8c6b5b557f/bevy_ecs-0.19.0/src/system/function_system.rs,52,209,1
system{name="bevy_ecs::schedule::condition::common_conditions::resource_changed<avian3d::dynamics::integrator::Gravity>"},/Users/l-monninger/.cargo/registry/src/index.crates.io-1949cf8c6b5b557f/bevy_ecs-0.19.0/src/system/function_system.rs,52,209,1
system_commands{name="(bevy_ecs::system::commands::Commands<'_, '_>, bevy_ecs::change_detection::params::ResMut<'_, bevy_winit::winit_monitors::WinitMonitors>)"},/Users/l-monninger/.cargo/registry/src/index.crates.io-1949cf8c6b5b557f/bevy_ecs-0.19.0/src/system/function_system.rs,54,209,1
system{name="bevy_transform_interpolation::interpolation::update_translation_interpolation_start"},/Users/l-monninger/.cargo/registry/src/index.crates.io-1949cf8c6b5b557f/bevy_ecs-0.19.0/src/system/function_system.rs,52,208,1
system_commands{name="bevy_app::propagate::propagate_output<bevy_ui::ui_node::ComputedUiRenderTargetInfo, ()>"},/Users/l-monninger/.cargo/registry/src/index.crates.io-1949cf8c6b5b557f/bevy_ecs-0.19.0/src/system/function_system.rs,54,208,1
system{name="bevy_pbr::cluster::gpu_clustering_is_enabled_during_extraction"},/Users/l-monninger/.cargo/registry/src/index.crates.io-1949cf8c6b5b557f/bevy_ecs-0.19.0/src/system/function_system.rs,52,417,2
system{name="bevy_asset::assets::Assets<bevy_sprite_render::mesh2d::color_material::ColorMaterial>::asset_events_condition"},/Users/l-monninger/.cargo/registry/src/index.crates.io-1949cf8c6b5b557f/bevy_ecs-0.19.0/src/system/function_system.rs,52,208,1
check_conditions{name="bevy_app::main_schedule::Main::run_main"},/Users/l-monninger/.cargo/registry/src/index.crates.io-1949cf8c6b5b557f/bevy_ecs-0.19.0/src/schedule/executor/single_threaded.rs,77,208,1
system{name="avian3d::dynamics::rigid_body::mass_properties::queue_mass_recomputation_on_collider_mass_change"},/Users/l-monninger/.cargo/registry/src/index.crates.io-1949cf8c6b5b557f/bevy_ecs-0.19.0/src/system/function_system.rs,52,208,1
system_commands{name="bevy_input::gamepad::gamepad_connection_system"},/Users/l-monninger/.cargo/registry/src/index.crates.io-1949cf8c6b5b557f/bevy_ecs-0.19.0/src/system/function_system.rs,54,208,1
system_commands{name="bevy_picking::events::pointer_events"},/Users/l-monninger/.cargo/registry/src/index.crates.io-1949cf8c6b5b557f/bevy_ecs-0.19.0/src/system/function_system.rs,54,208,1
system{name="bevy_asset::assets::Assets<bevy_pbr::pbr_material::StandardMaterial>::asset_events_condition"},/Users/l-monninger/.cargo/registry/src/index.crates.io-1949cf8c6b5b557f/bevy_ecs-0.19.0/src/system/function_system.rs,52,208,1
system{name="bevy_asset::assets::Assets<bevy_image::texture_atlas::TextureAtlasLayout>::asset_events_condition"},/Users/l-monninger/.cargo/registry/src/index.crates.io-1949cf8c6b5b557f/bevy_ecs-0.19.0/src/system/function_system.rs,52,208,1
system{name="bevy_pbr::material::early_sweep_material_instances<chico_sbs_trees_playground::checkerboard_material::CheckerboardMaterial>"},/Users/l-monninger/.cargo/registry/src/index.crates.io-1949cf8c6b5b557f/bevy_ecs-0.19.0/src/system/function_system.rs,52,208,1
system_commands{name="bevy_ui_render::extract_viewport_nodes"},/Users/l-monninger/.cargo/registry/src/index.crates.io-1949cf8c6b5b557f/bevy_ecs-0.19.0/src/system/function_system.rs,54,208,1
system{name="bevy_render::extract_resource::extract_resource<bevy_pbr::material::DefaultOpaqueRendererMethod, ()>"},/Users/l-monninger/.cargo/registry/src/index.crates.io-1949cf8c6b5b557f/bevy_ecs-0.19.0/src/system/function_system.rs,52,208,1
system{name="bevy_ecs::schedule::condition::common_conditions::on_message<bevy_app::hierarchy::CheckParentHasComponent<bevy_camera::visibility::InheritedVisibility>>"},/Users/l-monninger/.cargo/registry/src/index.crates.io-1949cf8c6b5b557f/bevy_ecs-0.19.0/src/system/function_system.rs,52,208,1
system{name="bevy_transform_interpolation::reset_scale_easing"},/Users/l-monninger/.cargo/registry/src/index.crates.io-1949cf8c6b5b557f/bevy_ecs-0.19.0/src/system/function_system.rs,52,208,1
system_commands{name="bevy_core_pipeline::skybox::prepare_skybox_pipelines"},/Users/l-monninger/.cargo/registry/src/index.crates.io-1949cf8c6b5b557f/bevy_ecs-0.19.0/src/system/function_system.rs,54,208,1
system_commands{name="lod::scene::refresh::sync::chunk::begin::begin_chunk_lod_fulfill<chico_vegetation_components::ComponentsOnly<chico_sbs_trees::honu_banyan::HonuBanyan>>"},/Users/l-monninger/.cargo/registry/src/index.crates.io-1949cf8c6b5b557f/bevy_ecs-0.19.0/src/system/function_system.rs,54,208,1
system{name="bevy_sprite_render::mesh2d::material::extract_entities_that_need_specializations_removed<bevy_sprite_render::mesh2d::color_material::ColorMaterial>"},/Users/l-monninger/.cargo/registry/src/index.crates.io-1949cf8c6b5b557f/bevy_ecs-0.19.0/src/system/function_system.rs,52,208,1
system{name="<avian3d::dynamics::solver::diagnostics::SolverDiagnostics as avian3d::diagnostics::PhysicsDiagnostics>::reset"},/Users/l-monninger/.cargo/registry/src/index.crates.io-1949cf8c6b5b557f/bevy_ecs-0.19.0/src/system/function_system.rs,52,208,1
system{name="bevy_gizmos::start_gizmo_context<bevy_gizmos::aabb::AabbGizmoConfigGroup, bevy_time::fixed::Fixed>"},/Users/l-monninger/.cargo/registry/src/index.crates.io-1949cf8c6b5b557f/bevy_ecs-0.19.0/src/system/function_system.rs,52,208,1
system{name="bevy_render::batching::no_gpu_preprocessing::batch_and_prepare_binned_render_phase<bevy_core_pipeline::core_2d::Opaque2d, bevy_sprite_render::mesh2d::mesh::Mesh2dPipeline>"},/Users/l-monninger/.cargo/registry/src/index.crates.io-1949cf8c6b5b557f/bevy_ecs-0.19.0/src/system/function_system.rs,52,208,1
check_conditions{name="avian3d::dynamics::solver::joint_graph::plugin::on_change_joint_entities<avian3d::dynamics::joints::distance::DistanceJoint>"},/Users/l-monninger/.cargo/registry/src/index.crates.io-1949cf8c6b5b557f/bevy_ecs-0.19.0/src/schedule/executor/single_threaded.rs,77,208,1
system{name="bevy_transform_interpolation::reset_translation_easing"},/Users/l-monninger/.cargo/registry/src/index.crates.io-1949cf8c6b5b557f/bevy_ecs-0.19.0/src/system/function_system.rs,52,208,1
check_conditions{name="avian3d::dynamics::solver::islands::sleeping::wake_islands_with_sleeping_disabled"},/Users/l-monninger/.cargo/registry/src/index.crates.io-1949cf8c6b5b557f/bevy_ecs-0.19.0/src/schedule/executor/single_threaded.rs,77,208,1
system{name="bevy_pbr::material::extract_entities_needs_specialization<chico_sbs_trees_playground::checkerboard_material::CheckerboardMaterial>"},/Users/l-monninger/.cargo/registry/src/index.crates.io-1949cf8c6b5b557f/bevy_ecs-0.19.0/src/system/function_system.rs,52,208,1
system_commands{name="bevy_input_focus::dispatch_focused_input<bevy_input::mouse::MouseWheel>"},/Users/l-monninger/.cargo/registry/src/index.crates.io-1949cf8c6b5b557f/bevy_ecs-0.19.0/src/system/function_system.rs,54,208,1
system_commands{name="bevy_ui_render::extract_text_sections"},/Users/l-monninger/.cargo/registry/src/index.crates.io-1949cf8c6b5b557f/bevy_ecs-0.19.0/src/system/function_system.rs,54,208,1
system{name="avian3d::dynamics::solver::plugin::solve_contacts<true>"},/Users/l-monninger/.cargo/registry/src/index.crates.io-1949cf8c6b5b557f/bevy_ecs-0.19.0/src/system/function_system.rs,52,1209,6
system{name="avian3d::dynamics::solver::plugin::joint_damping<avian3d::dynamics::joints::distance::DistanceJoint>"},/Users/l-monninger/.cargo/registry/src/index.crates.io-1949cf8c6b5b557f/bevy_ecs-0.19.0/src/system/function_system.rs,52,1126,6
old_entity_cpu_culling_removal{name="old_entity_cpu_culling_removal"},/Users/l-monninger/.cargo/registry/src/index.crates.io-1949cf8c6b5b557f/bevy_render-0.19.0/src/view/visibility/mod.rs,243,1082,6
system{name="avian3d::dynamics::solver::plugin::solve_contacts<false>"},/Users/l-monninger/.cargo/registry/src/index.crates.io-1949cf8c6b5b557f/bevy_ecs-0.19.0/src/system/function_system.rs,52,1041,6
system_commands{name="bevy_core_pipeline::oit::prepare_oit_buffers"},/Users/l-monninger/.cargo/registry/src/index.crates.io-1949cf8c6b5b557f/bevy_ecs-0.19.0/src/system/function_system.rs,54,167,1
system_commands{name="lod::scene::refresh::cull_regions::enqueue::produce_lod_cull_for_region<lod_avian::AvianLodSceneRegionIndex<'_, '_, chico_vegetation_components::ComponentsOnly<chico_sbs_trees::penmarch_torch::PenmarchTorch>>, chico_sbs_trees_playground::vegetation_lod::VegetationCull, chico_vegetation_components::ComponentsOnly<chico_sbs_trees::penmarch_torch::PenmarchTorch>, bevy_ecs::query::filter::With<bevy_camera::camera::Camera>>"},/Users/l-monninger/.cargo/registry/src/index.crates.io-1949cf8c6b5b557f/bevy_ecs-0.19.0/src/system/function_system.rs,54,167,1
system{name="bevy_pbr::atmosphere::node::render_sky"},/Users/l-monninger/.cargo/registry/src/index.crates.io-1949cf8c6b5b557f/bevy_ecs-0.19.0/src/system/function_system.rs,52,167,1
system_commands{name="lod::scene::refresh::sync::chunk::begin::begin_chunk_lod_fulfill<chico_vegetation_components::sticks::node::StickNode>"},/Users/l-monninger/.cargo/registry/src/index.crates.io-1949cf8c6b5b557f/bevy_ecs-0.19.0/src/system/function_system.rs,54,167,1
system_commands{name="bevy_pbr::light_probe::generate::extract_generated_environment_map_entities"},/Users/l-monninger/.cargo/registry/src/index.crates.io-1949cf8c6b5b557f/bevy_ecs-0.19.0/src/system/function_system.rs,54,167,1
system{name="bevy_render::batching::sort_binned_render_phase<bevy_core_pipeline::core_2d::Opaque2d>"},/Users/l-monninger/.cargo/registry/src/index.crates.io-1949cf8c6b5b557f/bevy_ecs-0.19.0/src/system/function_system.rs,52,167,1
system{name="bevy_asset::assets::Assets<bevy_image::image::Image>::asset_events_condition"},/Users/l-monninger/.cargo/registry/src/index.crates.io-1949cf8c6b5b557f/bevy_ecs-0.19.0/src/system/function_system.rs,52,167,1
system_commands{name="lod::scene::refresh::cull_regions::enqueue::produce_lod_cull_for_region<lod_avian::AvianLodSceneRegionIndex<'_, '_, chico_vegetation_components::ComponentsOnly<chico_sbs_trees::waialea_palm::WaialeaPalm>>, chico_sbs_trees_playground::vegetation_lod::VegetationCull, chico_vegetation_components::ComponentsOnly<chico_sbs_trees::waialea_palm::WaialeaPalm>, bevy_ecs::query::filter::With<bevy_camera::camera::Camera>>"},/Users/l-monninger/.cargo/registry/src/index.crates.io-1949cf8c6b5b557f/bevy_ecs-0.19.0/src/system/function_system.rs,54,167,1
system_commands{name="lod::scene::refresh::sync::chunk::begin::begin_chunk_lod_fulfill<chico_groves::palm_shade::vc::PalmShade>"},/Users/l-monninger/.cargo/registry/src/index.crates.io-1949cf8c6b5b557f/bevy_ecs-0.19.0/src/system/function_system.rs,54,167,1
system_commands{name="bevy_post_process::dof::prepare_auxiliary_depth_of_field_textures"},/Users/l-monninger/.cargo/registry/src/index.crates.io-1949cf8c6b5b557f/bevy_ecs-0.19.0/src/system/function_system.rs,54,167,1
system{name="bevy_gizmos::clear_gizmo_context<bevy_gizmos::skinned_mesh_bounds::SkinnedMeshBoundsGizmoConfigGroup, bevy_time::fixed::Fixed>"},/Users/l-monninger/.cargo/registry/src/index.crates.io-1949cf8c6b5b557f/bevy_ecs-0.19.0/src/system/function_system.rs,52,167,1
system_commands{name="lod::scene::bounds_patch::patch_scene_bounds<chico_vegetation_components::ComponentsOnly<chico_vegetation_components::placed_vegetation::PlacedVegetation<chico_sbs_trees::waialea_palm::WaialeaPalm>>, lod_avian::AvianLodSceneBoundsMarshaller>"},/Users/l-monninger/.cargo/registry/src/index.crates.io-1949cf8c6b5b557f/bevy_ecs-0.19.0/src/system/function_system.rs,54,167,1
system_commands{name="lod::scene::refresh::cull_regions::markers::sync_cullable_roots_marker"},/Users/l-monninger/.cargo/registry/src/index.crates.io-1949cf8c6b5b557f/bevy_ecs-0.19.0/src/system/function_system.rs,54,167,1
system{name="bevy_pbr::material::extract_entities_needs_specialization<chico_vegetation_shaders::chico_leaf_material::ChicoLeafMaterial>"},/Users/l-monninger/.cargo/registry/src/index.crates.io-1949cf8c6b5b557f/bevy_ecs-0.19.0/src/system/function_system.rs,52,167,1
system{name="bevy_picking::PickingSettings::hover_should_run"},/Users/l-monninger/.cargo/registry/src/index.crates.io-1949cf8c6b5b557f/bevy_ecs-0.19.0/src/system/function_system.rs,52,167,1
system_commands{name="lod::scene::host::settle_lod_level_root_visibility"},/Users/l-monninger/.cargo/registry/src/index.crates.io-1949cf8c6b5b557f/bevy_ecs-0.19.0/src/system/function_system.rs,54,167,1
system_commands{name="bevy_render::extract_resource::extract_resource<bevy_render::texture::manual_texture_view::ManualTextureViews, ()>"},/Users/l-monninger/.cargo/registry/src/index.crates.io-1949cf8c6b5b557f/bevy_ecs-0.19.0/src/system/function_system.rs,54,167,1
check_conditions{name="avian3d::collider_tree::update::update_moved_collider_aabbs<avian3d::collision::collider::parry::Collider>"},/Users/l-monninger/.cargo/registry/src/index.crates.io-1949cf8c6b5b557f/bevy_ecs-0.19.0/src/schedule/executor/single_threaded.rs,77,167,1
system_commands{name="lod::scene::refresh::sync::chunk::begin::begin_chunk_lod_fulfill<chico_vegetation_components::ComponentsOnly<chico_vegetation_components::placed_vegetation::PlacedVegetation<chico_sbs_trees::braid_oak_tree::BraidOakTree>>>"},/Users/l-monninger/.cargo/registry/src/index.crates.io-1949cf8c6b5b557f/bevy_ecs-0.19.0/src/system/function_system.rs,54,167,1
system{name="bevy_pbr::material::extract_entities_needs_specialization<bevy_pbr::extended_material::ExtendedMaterial<bevy_pbr::pbr_material::StandardMaterial, bevy_pbr::decal::forward::ForwardDecalMaterialExt>>"},/Users/l-monninger/.cargo/registry/src/index.crates.io-1949cf8c6b5b557f/bevy_ecs-0.19.0/src/system/function_system.rs,52,167,1
system_commands{name="lod::scene::refresh::sync::chunk::begin::begin_chunk_lod_fulfill<chico_vegetation_components::ComponentsOnly<chico_vegetation_components::placed_vegetation::PlacedVegetation<chico_sbs_trees::friends_conifer::FriendsConifer>>>"},/Users/l-monninger/.cargo/registry/src/index.crates.io-1949cf8c6b5b557f/bevy_ecs-0.19.0/src/system/function_system.rs,54,167,1
system_commands{name="lod::scene::refresh::sync::chunk::begin::begin_chunk_lod_fulfill<chico_vegetation_components::ComponentsOnly<chico_vegetation_components::placed_vegetation::PlacedVegetation<chico_sbs_trees::jungle_storybook_tree::JungleStorybookTree>>>"},/Users/l-monninger/.cargo/registry/src/index.crates.io-1949cf8c6b5b557f/bevy_ecs-0.19.0/src/system/function_system.rs,54,167,1
check_conditions{name="avian3d::dynamics::rigid_body::forces::plugin::apply_constant_torques"},/Users/l-monninger/.cargo/registry/src/index.crates.io-1949cf8c6b5b557f/bevy_ecs-0.19.0/src/schedule/executor/single_threaded.rs,77,167,1
system{name="bevy_asset::assets::Assets<bevy_render::storage::ShaderBuffer>::asset_events_condition"},/Users/l-monninger/.cargo/registry/src/index.crates.io-1949cf8c6b5b557f/bevy_ecs-0.19.0/src/system/function_system.rs,52,167,1
system_commands{name="avian3d::dynamics::solver::joint_graph::plugin::on_change_joint_entities<avian3d::dynamics::joints::prismatic::PrismaticJoint>"},/Users/l-monninger/.cargo/registry/src/index.crates.io-1949cf8c6b5b557f/bevy_ecs-0.19.0/src/system/function_system.rs,54,167,1
check_conditions{name="avian3d::dynamics::joints::distance::update_local_anchors"},/Users/l-monninger/.cargo/registry/src/index.crates.io-1949cf8c6b5b557f/bevy_ecs-0.19.0/src/schedule/executor/single_threaded.rs,77,167,1
system_commands{name="lod::scene::refresh::sync::chunk::begin::begin_chunk_lod_fulfill<chico_vegetation_components::FlattenedComponentsOnly<chico_vegetation_components::placed_vegetation::PlacedVegetation<alloc::sync::Arc<chico_sbs_trees::rorys_head_trained::RorysHeadTrained>>>>"},/Users/l-monninger/.cargo/registry/src/index.crates.io-1949cf8c6b5b557f/bevy_ecs-0.19.0/src/system/function_system.rs,54,167,1
system{name="bevy_render::batching::sort_binned_render_phase<bevy_core_pipeline::core_2d::AlphaMask2d>"},/Users/l-monninger/.cargo/registry/src/index.crates.io-1949cf8c6b5b557f/bevy_ecs-0.19.0/src/system/function_system.rs,52,167,1
system{name="bevy_gizmos::clear_gizmo_context<bevy_light::gizmos::LightGizmoConfigGroup, bevy_time::fixed::Fixed>"},/Users/l-monninger/.cargo/registry/src/index.crates.io-1949cf8c6b5b557f/bevy_ecs-0.19.0/src/system/function_system.rs,52,167,1
system_commands{name="bevy_render::uniform::prepare_uniform_components<bevy_gizmos_render::LineGizmoUniform>"},/Users/l-monninger/.cargo/registry/src/index.crates.io-1949cf8c6b5b557f/bevy_ecs-0.19.0/src/system/function_system.rs,54,167,1
system_commands{name="render_item::mesh::handle::enforce_caching<sdf_common::noisy::NoisySurface<sdf_common::cylinder::TaperedCylinder>, bevy_pbr::pbr_material::StandardMaterial>"},/Users/l-monninger/.cargo/registry/src/index.crates.io-1949cf8c6b5b557f/bevy_ecs-0.19.0/src/system/function_system.rs,54,167,1
system_commands{name="bevy_ui::accessibility::image_changed"},/Users/l-monninger/.cargo/registry/src/index.crates.io-1949cf8c6b5b557f/bevy_ecs-0.19.0/src/system/function_system.rs,54,167,1
system_commands{name="lod::scene::refresh::sync::chunk::begin::begin_chunk_lod_fulfill<chico_vegetation_components::ComponentsOnly<chico_vegetation_components::placed_vegetation::PlacedVegetation<chico_sbs_trees::northern_conifer::NorthernConifer>>>"},/Users/l-monninger/.cargo/registry/src/index.crates.io-1949cf8c6b5b557f/bevy_ecs-0.19.0/src/system/function_system.rs,54,167,1
system_commands{name="render_item::mesh::handle::enforce_caching<sdf_common::noisy::NoisySurface<sdf_common::ball::Ball>, bevy_pbr::pbr_material::StandardMaterial>"},/Users/l-monninger/.cargo/registry/src/index.crates.io-1949cf8c6b5b557f/bevy_ecs-0.19.0/src/system/function_system.rs,54,167,1
system_commands{name="lod::scene::refresh::sync::chunk::begin::begin_chunk_lod_fulfill<chico_vegetation_components::ComponentsOnly<chico_vegetation_components::placed_vegetation::PlacedVegetation<chico_sbs_trees::liams_conifer::LiamsConifer>>>"},/Users/l-monninger/.cargo/registry/src/index.crates.io-1949cf8c6b5b557f/bevy_ecs-0.19.0/src/system/function_system.rs,54,167,1
system_commands{name="lod::scene::refresh::sync::chunk::begin::begin_chunk_lod_fulfill<chico_vegetation_components::FlattenedComponentsOnly<chico_vegetation_components::placed_vegetation::PlacedVegetation<alloc::sync::Arc<chico_sbs_trees::penmarch_torch::PenmarchTorch>>>>"},/Users/l-monninger/.cargo/registry/src/index.crates.io-1949cf8c6b5b557f/bevy_ecs-0.19.0/src/system/function_system.rs,54,167,1
system_commands{name="bevy_sprite::text2d::calculate_bounds_text2d"},/Users/l-monninger/.cargo/registry/src/index.crates.io-1949cf8c6b5b557f/bevy_ecs-0.19.0/src/system/function_system.rs,54,167,1
system_commands{name="lod::scene::refresh::sync::chunk::begin::begin_chunk_lod_fulfill<chico_vegetation_components::ComponentsOnly<chico_vegetation_components::placed_vegetation::PlacedVegetation<chico_sbs_trees::temperate_conifer::TemperateConifer>>>"},/Users/l-monninger/.cargo/registry/src/index.crates.io-1949cf8c6b5b557f/bevy_ecs-0.19.0/src/system/function_system.rs,54,167,1
system{name="bevy_transform_interpolation::extrapolation::update_translation_extrapolation_states<avian3d::interpolation::LinVelSource>"},/Users/l-monninger/.cargo/registry/src/index.crates.io-1949cf8c6b5b557f/bevy_ecs-0.19.0/src/system/function_system.rs,52,167,1
system{name="bevy_text::pipeline::trim_source_cache"},/Users/l-monninger/.cargo/registry/src/index.crates.io-1949cf8c6b5b557f/bevy_ecs-0.19.0/src/system/function_system.rs,52,167,1
system_commands{name="lod::scene::refresh::sync::chunk::begin::begin_chunk_lod_fulfill<chico_vegetation_components::ComponentsOnly<chico_vegetation_components::placed_vegetation::PlacedVegetation<chico_sbs_trees::vase_tree::VaseTree>>>"},/Users/l-monninger/.cargo/registry/src/index.crates.io-1949cf8c6b5b557f/bevy_ecs-0.19.0/src/system/function_system.rs,54,167,1
system_commands{name="bevy_core_pipeline::deferred::copy_lighting_id::prepare_deferred_lighting_id_textures"},/Users/l-monninger/.cargo/registry/src/index.crates.io-1949cf8c6b5b557f/bevy_ecs-0.19.0/src/system/function_system.rs,54,167,1
system_commands{name="bevy_render::view::window::screenshot::clear_screenshots"},/Users/l-monninger/.cargo/registry/src/index.crates.io-1949cf8c6b5b557f/bevy_ecs-0.19.0/src/system/function_system.rs,54,167,1
system_commands{name="lod::scene::refresh::sync::chunk::begin::begin_chunk_lod_fulfill<chico_vegetation_components::ComponentsOnly<chico_vegetation_components::placed_vegetation::PlacedVegetation<chico_sbs_trees::date_palm::DatePalm>>>"},/Users/l-monninger/.cargo/registry/src/index.crates.io-1949cf8c6b5b557f/bevy_ecs-0.19.0/src/system/function_system.rs,54,167,1
system_commands{name="bevy_pbr::atmosphere::resources::prepare_atmosphere_transforms"},/Users/l-monninger/.cargo/registry/src/index.crates.io-1949cf8c6b5b557f/bevy_ecs-0.19.0/src/system/function_system.rs,54,167,1
system{name="bevy_pbr::material::extract_entities_that_need_specializations_removed<chico_sbs_trees_playground::checkerboard_material::CheckerboardMaterial>"},/Users/l-monninger/.cargo/registry/src/index.crates.io-1949cf8c6b5b557f/bevy_ecs-0.19.0/src/system/function_system.rs,52,167,1
system{name="bevy_asset::assets::Assets<bevy_sprite_render::sprite_mesh::sprite_material::SpriteMaterial>::asset_events_condition"},/Users/l-monninger/.cargo/registry/src/index.crates.io-1949cf8c6b5b557f/bevy_ecs-0.19.0/src/system/function_system.rs,52,167,1
system_commands{name="lod::scene::refresh::cull_regions::enqueue::produce_lod_cull_for_region<lod_avian::AvianLodSceneRegionIndex<'_, '_, chico_vegetation_components::FlattenedComponentsOnly<chico_vegetation_components::placed_vegetation::PlacedVegetation<alloc::sync::Arc<chico_sbs_trees::vase_tree::VaseTree>>>>, chico_sbs_trees_playground::vegetation_lod::VegetationCull, chico_vegetation_components::FlattenedComponentsOnly<chico_vegetation_components::placed_vegetation::PlacedVegetation<alloc::sync::Arc<chico_sbs_trees::vase_tree::VaseTree>>>, bevy_ecs::query::filter::With<bevy_camera::camera::Camera>>"},/Users/l-monninger/.cargo/registry/src/index.crates.io-1949cf8c6b5b557f/bevy_ecs-0.19.0/src/system/function_system.rs,54,167,1
system_commands{name="lod::scene::refresh::sync::chunk::begin::begin_chunk_lod_fulfill<chico_vegetation_components::ComponentsOnly<chico_sbs_trees::high_bush_shoots::HighBushShoots>>"},/Users/l-monninger/.cargo/registry/src/index.crates.io-1949cf8c6b5b557f/bevy_ecs-0.19.0/src/system/function_system.rs,54,167,1
system_commands{name="bevy_ui::update::update_clipping_system"},/Users/l-monninger/.cargo/registry/src/index.crates.io-1949cf8c6b5b557f/bevy_ecs-0.19.0/src/system/function_system.rs,54,167,1
check_conditions{name="avian3d::dynamics::solver::islands::split_island"},/Users/l-monninger/.cargo/registry/src/index.crates.io-1949cf8c6b5b557f/bevy_ecs-0.19.0/src/schedule/executor/single_threaded.rs,77,166,1
system{name="bevy_core_pipeline::deferred::node::late_deferred_prepass"},/Users/l-monninger/.cargo/registry/src/index.crates.io-1949cf8c6b5b557f/bevy_ecs-0.19.0/src/system/function_system.rs,52,166,1
system{name="bevy_render::batching::no_gpu_preprocessing::batch_and_prepare_sorted_render_phase<bevy_core_pipeline::core_2d::Transparent2d, bevy_sprite_render::mesh2d::mesh::Mesh2dPipeline>"},/Users/l-monninger/.cargo/registry/src/index.crates.io-1949cf8c6b5b557f/bevy_ecs-0.19.0/src/system/function_system.rs,52,166,1
system{name="bevy_pbr::render::light::shared_shadow_pass<true>"},/Users/l-monninger/.cargo/registry/src/index.crates.io-1949cf8c6b5b557f/bevy_ecs-0.19.0/src/system/function_system.rs,52,166,1
system{name="bevy_pbr::material::extract_entities_that_need_specializations_removed<chico_vegetation_shaders::chico_leaf_material::ChicoLeafMaterial>"},/Users/l-monninger/.cargo/registry/src/index.crates.io-1949cf8c6b5b557f/bevy_ecs-0.19.0/src/system/function_system.rs,52,166,1
system_commands{name="bevy_pbr::volumetric_fog::render::extract_volumetric_fog"},/Users/l-monninger/.cargo/registry/src/index.crates.io-1949cf8c6b5b557f/bevy_ecs-0.19.0/src/system/function_system.rs,54,166,1
system{name="bevy_asset::assets::Assets<bevy_mesh::skinning::SkinnedMeshInverseBindposes>::asset_events_condition"},/Users/l-monninger/.cargo/registry/src/index.crates.io-1949cf8c6b5b557f/bevy_ecs-0.19.0/src/system/function_system.rs,52,166,1
system{name="bevy_gizmos::clear_gizmo_context<bevy_gizmos::frustum::FrustumGizmoConfigGroup, bevy_time::fixed::Fixed>"},/Users/l-monninger/.cargo/registry/src/index.crates.io-1949cf8c6b5b557f/bevy_ecs-0.19.0/src/system/function_system.rs,52,166,1
system{name="bevy_pbr::material::extract_entities_needs_specialization<bevy_pbr::pbr_material::StandardMaterial>"},/Users/l-monninger/.cargo/registry/src/index.crates.io-1949cf8c6b5b557f/bevy_ecs-0.19.0/src/system/function_system.rs,52,166,1
system_commands{name="bevy_picking::hover::update_is_hovered"},/Users/l-monninger/.cargo/registry/src/index.crates.io-1949cf8c6b5b557f/bevy_ecs-0.19.0/src/system/function_system.rs,54,166,1
system_commands{name="bevy_render::view::cleanup_view_targets_for_resize"},/Users/l-monninger/.cargo/registry/src/index.crates.io-1949cf8c6b5b557f/bevy_ecs-0.19.0/src/system/function_system.rs,54,166,1
system_commands{name="bevy_pbr::prepass::update_mesh_previous_global_transforms"},/Users/l-monninger/.cargo/registry/src/index.crates.io-1949cf8c6b5b557f/bevy_ecs-0.19.0/src/system/function_system.rs,54,166,1
system{name="bevy_gizmos::clear_gizmo_context<bevy_gizmos::aabb::AabbGizmoConfigGroup, bevy_time::fixed::Fixed>"},/Users/l-monninger/.cargo/registry/src/index.crates.io-1949cf8c6b5b557f/bevy_ecs-0.19.0/src/system/function_system.rs,52,166,1
system{name="bevy_asset::assets::Assets<bevy_shader::shader::Shader>::asset_events_condition"},/Users/l-monninger/.cargo/registry/src/index.crates.io-1949cf8c6b5b557f/bevy_ecs-0.19.0/src/system/function_system.rs,52,166,1
system_commands{name="lod::scene::bounds_patch::patch_scene_bounds<chico_vegetation_components::ComponentsOnly<chico_vegetation_components::placed_vegetation::PlacedVegetation<chico_sbs_trees::kamakura_torch::KamakuraTorch>>, lod_avian::AvianLodSceneBoundsMarshaller>"},/Users/l-monninger/.cargo/registry/src/index.crates.io-1949cf8c6b5b557f/bevy_ecs-0.19.0/src/system/function_system.rs,54,166,1
system_commands{name="lod::scene::bounds_patch::patch_scene_bounds<chico_vegetation_components::ComponentsOnly<chico_vegetation_components::placed_vegetation::PlacedVegetation<chico_sbs_trees::braid_oak_tree::BraidOakTree>>, lod_avian::AvianLodSceneBoundsMarshaller>"},/Users/l-monninger/.cargo/registry/src/index.crates.io-1949cf8c6b5b557f/bevy_ecs-0.19.0/src/system/function_system.rs,54,166,1
system{name="bevy_asset::assets::Assets<bevy_gltf::assets::GltfPrimitive>::asset_events_condition"},/Users/l-monninger/.cargo/registry/src/index.crates.io-1949cf8c6b5b557f/bevy_ecs-0.19.0/src/system/function_system.rs,52,166,1
system_commands{name="lod::scene::refresh::sync::chunk::begin::begin_chunk_lod_fulfill<chico_vegetation_components::ComponentsOnly<chico_vegetation_components::placed_vegetation::PlacedVegetation<chico_sbs_trees::simplemans_hedge::SimplemansHedge>>>"},/Users/l-monninger/.cargo/registry/src/index.crates.io-1949cf8c6b5b557f/bevy_ecs-0.19.0/src/system/function_system.rs,54,166,1
system_commands{name="lod::scene::refresh::sync::chunk::begin::begin_chunk_lod_fulfill<chico_vegetation_components::ComponentsOnly<chico_vegetation_components::placed_vegetation::PlacedVegetation<chico_groves::strange_oasis::vc::OasisDatePalm>>>"},/Users/l-monninger/.cargo/registry/src/index.crates.io-1949cf8c6b5b557f/bevy_ecs-0.19.0/src/system/function_system.rs,54,166,1
system_commands{name="lod::scene::bounds_patch::patch_scene_bounds<chico_vegetation_components::ComponentsOnly<chico_vegetation_components::placed_vegetation::PlacedVegetation<chico_groves::strange_oasis::vc::OasisDatePalm>>, lod_avian::AvianLodSceneBoundsMarshaller>"},/Users/l-monninger/.cargo/registry/src/index.crates.io-1949cf8c6b5b557f/bevy_ecs-0.19.0/src/system/function_system.rs,54,166,1
system_commands{name="lod::scene::refresh::sync::chunk::begin::begin_chunk_lod_fulfill<chico_groves::rolling_oaks::vc::RollingOaks>"},/Users/l-monninger/.cargo/registry/src/index.crates.io-1949cf8c6b5b557f/bevy_ecs-0.19.0/src/system/function_system.rs,54,166,1
system{name="bevy_asset::assets::Assets<bevy_gltf::material::GltfMaterial>::asset_events_condition"},/Users/l-monninger/.cargo/registry/src/index.crates.io-1949cf8c6b5b557f/bevy_ecs-0.19.0/src/system/function_system.rs,52,166,1
system{name="bevy_ecs::schedule::condition::common_conditions::any_match_filter<(bevy_ecs::query::filter::With<bevy_pbr::render::gpu_preprocess::PreprocessBindGroups>, bevy_ecs::query::filter::Without<bevy_pbr::render::gpu_preprocess::SkipGpuPreprocess>, bevy_ecs::query::filter::Without<bevy_render::view::NoIndirectDrawing>)>"},/Users/l-monninger/.cargo/registry/src/index.crates.io-1949cf8c6b5b557f/bevy_ecs-0.19.0/src/system/function_system.rs,52,166,1
system_commands{name="material_ref::fulfill::restamp_material_ref_descendants_of_changed<chico_sbs_trees_playground::chico_material_lib::ChicoMaterialLib<'_>>"},/Users/l-monninger/.cargo/registry/src/index.crates.io-1949cf8c6b5b557f/bevy_ecs-0.19.0/src/system/function_system.rs,54,166,1
system_commands{name="lod::scene::refresh::sync::chunk::begin::begin_chunk_lod_fulfill<chico_vegetation_components::ComponentsOnly<chico_vegetation_components::placed_vegetation::PlacedVegetation<chico_sbs_trees::sopes_banyan::SopesBanyan>>>"},/Users/l-monninger/.cargo/registry/src/index.crates.io-1949cf8c6b5b557f/bevy_ecs-0.19.0/src/system/function_system.rs,54,166,1
check_conditions{name="avian3d::dynamics::solver::joint_graph::plugin::on_change_joint_entities<avian3d::dynamics::joints::prismatic::PrismaticJoint>"},/Users/l-monninger/.cargo/registry/src/index.crates.io-1949cf8c6b5b557f/bevy_ecs-0.19.0/src/schedule/executor/single_threaded.rs,77,166,1
system{name="<avian3d::collider_tree::diagnostics::ColliderTreeDiagnostics as avian3d::diagnostics::PhysicsDiagnostics>::reset"},/Users/l-monninger/.cargo/registry/src/index.crates.io-1949cf8c6b5b557f/bevy_ecs-0.19.0/src/system/function_system.rs,52,166,1
system_commands{name="bevy_ui_render::extract_text_decorations"},/Users/l-monninger/.cargo/registry/src/index.crates.io-1949cf8c6b5b557f/bevy_ecs-0.19.0/src/system/function_system.rs,54,166,1
system_commands{name="lod::scene::bounds_patch::patch_scene_bounds<chico_vegetation_components::ComponentsOnly<chico_vegetation_components::placed_vegetation::PlacedVegetation<chico_sbs_trees::sopes_banyan::SopesBanyan>>, lod_avian::AvianLodSceneBoundsMarshaller>"},/Users/l-monninger/.cargo/registry/src/index.crates.io-1949cf8c6b5b557f/bevy_ecs-0.19.0/src/system/function_system.rs,54,166,1
check_conditions{name="avian3d::dynamics::joints::spherical::update_local_frames"},/Users/l-monninger/.cargo/registry/src/index.crates.io-1949cf8c6b5b557f/bevy_ecs-0.19.0/src/schedule/executor/single_threaded.rs,77,166,1
system{name="<avian3d::collision::diagnostics::CollisionDiagnostics as avian3d::diagnostics::PhysicsDiagnostics>::reset"},/Users/l-monninger/.cargo/registry/src/index.crates.io-1949cf8c6b5b557f/bevy_ecs-0.19.0/src/system/function_system.rs,52,166,1
system{name="bevy_ecs::schedule::condition::common_conditions::any_match_filter<(bevy_ecs::query::filter::With<bevy_pbr::render::gpu_preprocess::PreprocessBindGroups>, bevy_ecs::query::filter::Without<bevy_pbr::render::gpu_preprocess::SkipGpuPreprocess>, bevy_ecs::query::filter::Without<bevy_render::view::NoIndirectDrawing>, bevy_ecs::query::filter::Or<(bevy_ecs::query::filter::Or<(bevy_ecs::query::filter::With<bevy_core_pipeline::prepass::DepthPrepass>, bevy_ecs::query::filter::With<bevy_core_pipeline::prepass::NormalPrepass>, bevy_ecs::query::filter::With<bevy_core_pipeline::prepass::MotionVectorPrepass>, bevy_ecs::query::filter::With<bevy_core_pipeline::prepass::DeferredPrepass>)>, bevy_ecs::query::filter::With<bevy_pbr::render::light::ShadowView>)>)>"},/Users/l-monninger/.cargo/registry/src/index.crates.io-1949cf8c6b5b557f/bevy_ecs-0.19.0/src/system/function_system.rs,52,166,1
check_conditions{name="avian3d::dynamics::solver::joint_graph::plugin::on_change_joint_entities<avian3d::dynamics::joints::revolute::RevoluteJoint>"},/Users/l-monninger/.cargo/registry/src/index.crates.io-1949cf8c6b5b557f/bevy_ecs-0.19.0/src/schedule/executor/single_threaded.rs,77,166,1
system_commands{name="lod::scene::refresh::sync::chunk::begin::begin_chunk_lod_fulfill<chico_vegetation_components::ComponentsOnly<chico_sbs_trees::vase_tree::VaseTree>>"},/Users/l-monninger/.cargo/registry/src/index.crates.io-1949cf8c6b5b557f/bevy_ecs-0.19.0/src/system/function_system.rs,54,166,1
system{name="avian3d::dynamics::solver::xpbd::plugin::solve_xpbd_joint<avian3d::dynamics::joints::fixed::FixedJoint>"},/Users/l-monninger/.cargo/registry/src/index.crates.io-1949cf8c6b5b557f/bevy_ecs-0.19.0/src/system/function_system.rs,52,959,6
system{name="avian3d::dynamics::solver::xpbd::plugin::project_linear_velocity"},/Users/l-monninger/.cargo/registry/src/index.crates.io-1949cf8c6b5b557f/bevy_ecs-0.19.0/src/system/function_system.rs,52,959,6
par_for_each{query="&mut bevy_mesh::components::Mesh3d" filter="bevy_ecs::query::filter::Or<(bevy_ecs::query::filter::Changed<bevy_pbr::mesh_material::MeshMaterial3d<chico_vegetation_shaders::chico_stick_material::ChicoStickMaterial>>, bevy_asset::asset_changed::AssetChanged<bevy_pbr::mesh_material::MeshMaterial3d<chico_vegetation_shaders::chico_stick_material::ChicoStickMaterial>>)>"},/Users/l-monninger/.cargo/registry/src/index.crates.io-1949cf8c6b5b557f/bevy_ecs-0.19.0/src/query/state.rs,297,958,6
non_indexed_gpu_metadata,/Users/l-monninger/.cargo/registry/src/index.crates.io-1949cf8c6b5b557f/bevy_render-0.19.0/src/batching/gpu_preprocessing.rs,2692,1372,9
system{name="avian3d::dynamics::solver::xpbd::plugin::warm_start_xpbd_motors<avian3d::dynamics::joints::revolute::RevoluteJoint>"},/Users/l-monninger/.cargo/registry/src/index.crates.io-1949cf8c6b5b557f/bevy_ecs-0.19.0/src/system/function_system.rs,52,917,6
system{name="avian3d::dynamics::solver::xpbd::plugin::project_angular_velocity"},/Users/l-monninger/.cargo/registry/src/index.crates.io-1949cf8c6b5b557f/bevy_ecs-0.19.0/src/system/function_system.rs,52,874,6
system{name="bevy_ecs::schedule::condition::common_conditions::resource_exists<bevy_render::batching::no_gpu_preprocessing::BatchedInstanceBuffer<bevy_pbr::render::mesh::MeshUniform>>"},/Users/l-monninger/.cargo/registry/src/index.crates.io-1949cf8c6b5b557f/bevy_ecs-0.19.0/src/system/function_system.rs,52,1291,9
system{name="avian3d::dynamics::solver::plugin::joint_damping<avian3d::dynamics::joints::revolute::RevoluteJoint>"},/Users/l-monninger/.cargo/registry/src/index.crates.io-1949cf8c6b5b557f/bevy_ecs-0.19.0/src/system/function_system.rs,52,834,6
system{name="avian3d::dynamics::solver::plugin::joint_damping<avian3d::dynamics::joints::spherical::SphericalJoint>"},/Users/l-monninger/.cargo/registry/src/index.crates.io-1949cf8c6b5b557f/bevy_ecs-0.19.0/src/system/function_system.rs,52,833,6
indexed_data,/Users/l-monninger/.cargo/registry/src/index.crates.io-1949cf8c6b5b557f/bevy_render-0.19.0/src/batching/gpu_preprocessing.rs,2658,1205,9
system{name="<avian3d::dynamics::solver::xpbd::plugin::XpbdSolverPlugin as bevy_app::plugin::Plugin>::build::{{closure}}"},/Users/l-monninger/.cargo/registry/src/index.crates.io-1949cf8c6b5b557f/bevy_ecs-0.19.0/src/system/function_system.rs,52,792,6
system{name="avian3d::dynamics::solver::xpbd::plugin::warm_start_xpbd_motors<avian3d::dynamics::joints::prismatic::PrismaticJoint>"},/Users/l-monninger/.cargo/registry/src/index.crates.io-1949cf8c6b5b557f/bevy_ecs-0.19.0/src/system/function_system.rs,52,790,6
indexed_gpu_metadata,/Users/l-monninger/.cargo/registry/src/index.crates.io-1949cf8c6b5b557f/bevy_render-0.19.0/src/batching/gpu_preprocessing.rs,2700,1166,9
system_commands{name="bevy_anti_alias::smaa::prepare_smaa_uniforms"},/Users/l-monninger/.cargo/registry/src/index.crates.io-1949cf8c6b5b557f/bevy_ecs-0.19.0/src/system/function_system.rs,54,125,1
system_commands{name="lod::scene::refresh::sync::chunk::begin::begin_chunk_lod_fulfill<chico_groves::goettingen_follow::vc::GoettingenFollow>"},/Users/l-monninger/.cargo/registry/src/index.crates.io-1949cf8c6b5b557f/bevy_ecs-0.19.0/src/system/function_system.rs,54,125,1
check_conditions{name="bevy_transform_interpolation::hermite::ease_translation_hermite<avian3d::interpolation::LinVelSource>"},/Users/l-monninger/.cargo/registry/src/index.crates.io-1949cf8c6b5b557f/bevy_ecs-0.19.0/src/schedule/executor/single_threaded.rs,77,125,1
system_commands{name="lod::scene::bounds_patch::patch_scene_bounds<chico_vegetation_components::ComponentsOnly<chico_vegetation_components::placed_vegetation::PlacedVegetation<chico_sbs_trees::friends_conifer::FriendsConifer>>, lod_avian::AvianLodSceneBoundsMarshaller>"},/Users/l-monninger/.cargo/registry/src/index.crates.io-1949cf8c6b5b557f/bevy_ecs-0.19.0/src/system/function_system.rs,54,125,1
system_commands{name="lod::scene::bounds_patch::patch_scene_bounds<chico_vegetation_components::ComponentsOnly<chico_vegetation_components::placed_vegetation::PlacedVegetation<chico_sbs_trees::palm_bush::PalmBush>>, lod_avian::AvianLodSceneBoundsMarshaller>"},/Users/l-monninger/.cargo/registry/src/index.crates.io-1949cf8c6b5b557f/bevy_ecs-0.19.0/src/system/function_system.rs,54,125,1
system{name="avian3d::dynamics::rigid_body::forces::plugin::clear_accumulated_local_acceleration"},/Users/l-monninger/.cargo/registry/src/index.crates.io-1949cf8c6b5b557f/bevy_ecs-0.19.0/src/system/function_system.rs,52,125,1
system_commands{name="bevy_ui_render::box_shadow::extract_shadows"},/Users/l-monninger/.cargo/registry/src/index.crates.io-1949cf8c6b5b557f/bevy_ecs-0.19.0/src/system/function_system.rs,54,125,1
system_commands{name="bevy_pbr::deferred::insert_deferred_lighting_pass_id_component"},/Users/l-monninger/.cargo/registry/src/index.crates.io-1949cf8c6b5b557f/bevy_ecs-0.19.0/src/system/function_system.rs,54,125,1
system_commands{name="lod::scene::refresh::sync::chunk::begin::begin_chunk_lod_fulfill<chico_vegetation_components::ComponentsOnly<chico_vegetation_components::placed_vegetation::PlacedVegetation<chico_sbs_trees::penmarch_torch::PenmarchTorch>>>"},/Users/l-monninger/.cargo/registry/src/index.crates.io-1949cf8c6b5b557f/bevy_ecs-0.19.0/src/system/function_system.rs,54,125,1
system_commands{name="lod::scene::refresh::cull_regions::enqueue::produce_lod_cull_for_region<lod_avian::AvianLodSceneRegionIndex<'_, '_, chico_vegetation_components::ComponentsOnly<chico_sbs_trees::simplemans_hedge::SimplemansHedge>>, chico_sbs_trees_playground::vegetation_lod::VegetationCull, chico_vegetation_components::ComponentsOnly<chico_sbs_trees::simplemans_hedge::SimplemansHedge>, bevy_ecs::query::filter::With<bevy_camera::camera::Camera>>"},/Users/l-monninger/.cargo/registry/src/index.crates.io-1949cf8c6b5b557f/bevy_ecs-0.19.0/src/system/function_system.rs,54,125,1
system_commands{name="bevy_render::extract_resource::extract_resource<bevy_pbr::material::DefaultOpaqueRendererMethod, ()>"},/Users/l-monninger/.cargo/registry/src/index.crates.io-1949cf8c6b5b557f/bevy_ecs-0.19.0/src/system/function_system.rs,54,125,1
system_commands{name="lod::scene::refresh::sync::chunk::begin::begin_chunk_lod_fulfill<chico_vegetation_components::ComponentsOnly<chico_sbs_trees::storybook_tree::StorybookTree>>"},/Users/l-monninger/.cargo/registry/src/index.crates.io-1949cf8c6b5b557f/bevy_ecs-0.19.0/src/system/function_system.rs,54,125,1
system_commands{name="lod::scene::refresh::sync::chunk::begin::begin_chunk_lod_fulfill<chico_vegetation_components::FlattenedComponentsOnly<chico_vegetation_components::placed_vegetation::PlacedVegetation<alloc::sync::Arc<chico_sbs_trees::storybook_tree::StorybookTree>>>>"},/Users/l-monninger/.cargo/registry/src/index.crates.io-1949cf8c6b5b557f/bevy_ecs-0.19.0/src/system/function_system.rs,54,125,1
system_commands{name="lod::scene::refresh::sync::chunk::begin::begin_chunk_lod_fulfill<chico_vegetation_components::FlattenedComponentsOnly<chico_vegetation_components::placed_vegetation::PlacedVegetation<alloc::sync::Arc<chico_sbs_trees::vase_tree::VaseTree>>>>"},/Users/l-monninger/.cargo/registry/src/index.crates.io-1949cf8c6b5b557f/bevy_ecs-0.19.0/src/system/function_system.rs,54,125,1
check_conditions{name="bevy_gizmos::start_gizmo_context<bevy_gizmos::aabb::AabbGizmoConfigGroup, bevy_time::fixed::Fixed>"},/Users/l-monninger/.cargo/registry/src/index.crates.io-1949cf8c6b5b557f/bevy_ecs-0.19.0/src/schedule/executor/single_threaded.rs,77,125,1
system_commands{name="lod::scene::refresh::sync::chunk::begin::begin_chunk_lod_fulfill<chico_vegetation_components::ComponentsOnly<chico_sbs_trees::tuft_patch::TuftPatch>>"},/Users/l-monninger/.cargo/registry/src/index.crates.io-1949cf8c6b5b557f/bevy_ecs-0.19.0/src/system/function_system.rs,54,125,1
system_commands{name="lod::scene::refresh::sync::chunk::begin::begin_chunk_lod_fulfill<chico_groves::levantine_scrub::vc::LevantineScrub>"},/Users/l-monninger/.cargo/registry/src/index.crates.io-1949cf8c6b5b557f/bevy_ecs-0.19.0/src/system/function_system.rs,54,125,1
system_commands{name="bevy_pbr::atmosphere::extract_atmosphere"},/Users/l-monninger/.cargo/registry/src/index.crates.io-1949cf8c6b5b557f/bevy_ecs-0.19.0/src/system/function_system.rs,54,125,1
system_commands{name="lod::scene::bounds_patch::patch_scene_bounds<chico_vegetation_components::ComponentsOnly<chico_sbs_trees::date_palm::DatePalm>, lod_avian::AvianLodSceneBoundsMarshaller>"},/Users/l-monninger/.cargo/registry/src/index.crates.io-1949cf8c6b5b557f/bevy_ecs-0.19.0/src/system/function_system.rs,54,125,1
system_commands{name="bevy_ui_render::extract_uinode_images"},/Users/l-monninger/.cargo/registry/src/index.crates.io-1949cf8c6b5b557f/bevy_ecs-0.19.0/src/system/function_system.rs,54,125,1
system_commands{name="lod::scene::refresh::cull_regions::enqueue::produce_lod_cull_for_region<lod_avian::AvianLodSceneRegionIndex<'_, '_, chico_vegetation_components::ComponentsOnly<chico_sbs_trees::high_bush_shoots::HighBushShoots>>, chico_sbs_trees_playground::vegetation_lod::VegetationCull, chico_vegetation_components::ComponentsOnly<chico_sbs_trees::high_bush_shoots::HighBushShoots>, bevy_ecs::query::filter::With<bevy_camera::camera::Camera>>"},/Users/l-monninger/.cargo/registry/src/index.crates.io-1949cf8c6b5b557f/bevy_ecs-0.19.0/src/system/function_system.rs,54,125,1
check_conditions{name="avian3d::dynamics::rigid_body::forces::plugin::clear_accumulated_local_acceleration"},/Users/l-monninger/.cargo/registry/src/index.crates.io-1949cf8c6b5b557f/bevy_ecs-0.19.0/src/schedule/executor/single_threaded.rs,77,125,1
check_conditions{name="avian3d::dynamics::joints::revolute::update_local_frames"},/Users/l-monninger/.cargo/registry/src/index.crates.io-1949cf8c6b5b557f/bevy_ecs-0.19.0/src/schedule/executor/single_threaded.rs,77,125,1
system_commands{name="lod::scene::refresh::cull_regions::enqueue::produce_lod_cull_for_region<lod_avian::AvianLodSceneRegionIndex<'_, '_, chico_groves::christmas_taiga::vc::ChristmasTaiga>, chico_sbs_trees_playground::vegetation_lod::VegetationCull, chico_groves::christmas_taiga::vc::ChristmasTaiga, bevy_ecs::query::filter::With<bevy_camera::camera::Camera>>"},/Users/l-monninger/.cargo/registry/src/index.crates.io-1949cf8c6b5b557f/bevy_ecs-0.19.0/src/system/function_system.rs,54,125,1
system_commands{name="lod::scene::refresh::sync::chunk::begin::begin_chunk_lod_fulfill<chico_vegetation_components::FlattenedComponentsOnly<chico_vegetation_components::placed_vegetation::PlacedVegetation<alloc::sync::Arc<chico_sbs_trees::kamakura_torch::KamakuraTorch>>>>"},/Users/l-monninger/.cargo/registry/src/index.crates.io-1949cf8c6b5b557f/bevy_ecs-0.19.0/src/system/function_system.rs,54,125,1
system_commands{name="bevy_pbr::ssao::prepare_ssao_pipelines"},/Users/l-monninger/.cargo/registry/src/index.crates.io-1949cf8c6b5b557f/bevy_ecs-0.19.0/src/system/function_system.rs,54,125,1
system_commands{name="lod::scene::bounds_patch::patch_scene_bounds<chico_vegetation_components::ComponentsOnly<chico_vegetation_components::placed_vegetation::PlacedVegetation<chico_sbs_trees::jungle_storybook_tree::JungleStorybookTree>>, lod_avian::AvianLodSceneBoundsMarshaller>"},/Users/l-monninger/.cargo/registry/src/index.crates.io-1949cf8c6b5b557f/bevy_ecs-0.19.0/src/system/function_system.rs,54,125,1
system_commands{name="material_ref::fulfill::fulfill_material_ref_descendants<chico_sbs_trees_playground::chico_material_lib::ChicoMaterialLib<'_>>"},/Users/l-monninger/.cargo/registry/src/index.crates.io-1949cf8c6b5b557f/bevy_ecs-0.19.0/src/system/function_system.rs,54,125,1
system_commands{name="lod::scene::refresh::sync::chunk::begin::begin_chunk_lod_fulfill<chico_vegetation_components::ComponentsOnly<chico_vegetation_components::placed_vegetation::PlacedVegetation<chico_sbs_trees::rorys_head_trained::RorysHeadTrained>>>"},/Users/l-monninger/.cargo/registry/src/index.crates.io-1949cf8c6b5b557f/bevy_ecs-0.19.0/src/system/function_system.rs,54,125,1
system_commands{name="lod::scene::refresh::sync::chunk::begin::begin_chunk_lod_fulfill<chico_groves::tropical_undergrowth::vc::TropicalUndergrowth>"},/Users/l-monninger/.cargo/registry/src/index.crates.io-1949cf8c6b5b557f/bevy_ecs-0.19.0/src/system/function_system.rs,54,125,1
RenderContextState::apply{system=bevy_post_process::motion_blur::motion_blur},/Users/l-monninger/.cargo/registry/src/index.crates.io-1949cf8c6b5b557f/bevy_render-0.19.0/src/renderer/render_context.rs,110,125,1
system_commands{name="lod::scene::bounds_patch::patch_scene_bounds<chico_vegetation_components::ComponentsOnly<chico_groves::common_tufts::vc::CommonTufts>, lod_avian::AvianLodSceneBoundsMarshaller>"},/Users/l-monninger/.cargo/registry/src/index.crates.io-1949cf8c6b5b557f/bevy_ecs-0.19.0/src/system/function_system.rs,54,125,1
system_commands{name="lod::scene::refresh::sync::chunk::begin::begin_chunk_lod_fulfill<chico_groves::spotty_bushes::vc::SpottyBushes>"},/Users/l-monninger/.cargo/registry/src/index.crates.io-1949cf8c6b5b557f/bevy_ecs-0.19.0/src/system/function_system.rs,54,125,1
system_commands{name="lod::scene::refresh::cull_regions::enqueue::produce_lod_cull_for_region<lod_avian::AvianLodSceneRegionIndex<'_, '_, chico_vegetation_components::ComponentsOnly<chico_sbs_trees::honu_banyan::HonuBanyan>>, chico_sbs_trees_playground::vegetation_lod::VegetationCull, chico_vegetation_components::ComponentsOnly<chico_sbs_trees::honu_banyan::HonuBanyan>, bevy_ecs::query::filter::With<bevy_camera::camera::Camera>>"},/Users/l-monninger/.cargo/registry/src/index.crates.io-1949cf8c6b5b557f/bevy_ecs-0.19.0/src/system/function_system.rs,54,125,1
system_commands{name="lod::scene::refresh::sync::chunk::begin::begin_chunk_lod_fulfill<chico_groves::date_grove::vc::DateGrove>"},/Users/l-monninger/.cargo/registry/src/index.crates.io-1949cf8c6b5b557f/bevy_ecs-0.19.0/src/system/function_system.rs,54,125,1
system{name="bevy_render::batching::sort_binned_render_phase<bevy_core_pipeline::prepass::Opaque3dPrepass>"},/Users/l-monninger/.cargo/registry/src/index.crates.io-1949cf8c6b5b557f/bevy_ecs-0.19.0/src/system/function_system.rs,52,125,1
check_conditions{name="bevy_time::fixed::run_fixed_main_schedule"},/Users/l-monninger/.cargo/registry/src/index.crates.io-1949cf8c6b5b557f/bevy_ecs-0.19.0/src/schedule/executor/single_threaded.rs,77,125,1
system_commands{name="lod::scene::bounds_patch::patch_scene_bounds<chico_vegetation_components::FlattenedComponentsOnly<chico_vegetation_components::placed_vegetation::PlacedVegetation<alloc::sync::Arc<chico_sbs_trees::kamakura_torch::KamakuraTorch>>>, lod_avian::AvianLodSceneBoundsMarshaller>"},/Users/l-monninger/.cargo/registry/src/index.crates.io-1949cf8c6b5b557f/bevy_ecs-0.19.0/src/system/function_system.rs,54,125,1
system{name="bevy_sprite_render::mesh2d::material::extract_entities_that_need_specializations_removed<bevy_sprite_render::tilemap_chunk::tilemap_chunk_material::TilemapChunkMaterial>"},/Users/l-monninger/.cargo/registry/src/index.crates.io-1949cf8c6b5b557f/bevy_ecs-0.19.0/src/system/function_system.rs,52,125,1
system_commands{name="lod::scene::bounds_patch::patch_scene_bounds<chico_groves::arid_conifer_sapling::vc::AridConiferSapling, lod_avian::AvianLodSceneBoundsMarshaller>"},/Users/l-monninger/.cargo/registry/src/index.crates.io-1949cf8c6b5b557f/bevy_ecs-0.19.0/src/system/function_system.rs,54,125,1
system_commands{name="lod::scene::refresh::sync::chunk::begin::begin_chunk_lod_fulfill<chico_vegetation_components::ComponentsOnly<chico_vegetation_components::placed_vegetation::PlacedVegetation<chico_sbs_trees::kamakura_torch::KamakuraTorch>>>"},/Users/l-monninger/.cargo/registry/src/index.crates.io-1949cf8c6b5b557f/bevy_ecs-0.19.0/src/system/function_system.rs,54,125,1
system{name="bevy_asset::assets::Assets<bevy_animation::AnimationClip>::asset_events_condition"},/Users/l-monninger/.cargo/registry/src/index.crates.io-1949cf8c6b5b557f/bevy_ecs-0.19.0/src/system/function_system.rs,52,125,1
system_commands{name="bevy_ui::accessibility::button_changed"},/Users/l-monninger/.cargo/registry/src/index.crates.io-1949cf8c6b5b557f/bevy_ecs-0.19.0/src/system/function_system.rs,54,125,1
system_commands{name="lod::scene::refresh::cull_regions::enqueue::produce_lod_cull_for_region<lod_avian::AvianLodSceneRegionIndex<'_, '_, chico_groves::riparian_mix::vc::RiparianMix>, chico_sbs_trees_playground::vegetation_lod::VegetationCull, chico_groves::riparian_mix::vc::RiparianMix, bevy_ecs::query::filter::With<bevy_camera::camera::Camera>>"},/Users/l-monninger/.cargo/registry/src/index.crates.io-1949cf8c6b5b557f/bevy_ecs-0.19.0/src/system/function_system.rs,54,125,1
system{name="bevy_picking::input::touch_pick_events"},/Users/l-monninger/.cargo/registry/src/index.crates.io-1949cf8c6b5b557f/bevy_ecs-0.19.0/src/system/function_system.rs,52,125,1
system_commands{name="lod::scene::refresh::sync::chunk::begin::begin_chunk_lod_fulfill<chico_vegetation_components::ComponentsOnly<chico_vegetation_components::placed_vegetation::PlacedVegetation<chico_sbs_trees::waialea_palm::WaialeaPalm>>>"},/Users/l-monninger/.cargo/registry/src/index.crates.io-1949cf8c6b5b557f/bevy_ecs-0.19.0/src/system/function_system.rs,54,125,1
system_commands{name="lod::scene::refresh::sync::chunk::begin::begin_chunk_lod_fulfill<chico_vegetation_components::ComponentsOnly<chico_sbs_trees::sopes_banyan::SopesBanyan>>"},/Users/l-monninger/.cargo/registry/src/index.crates.io-1949cf8c6b5b557f/bevy_ecs-0.19.0/src/system/function_system.rs,54,125,1
system_commands{name="lod::scene::refresh::cull_regions::enqueue::produce_lod_cull_for_region<lod_avian::AvianLodSceneRegionIndex<'_, '_, chico_vegetation_components::ComponentsOnly<chico_sbs_trees::jungle_storybook_tree::JungleStorybookTree>>, chico_sbs_trees_playground::vegetation_lod::VegetationCull, chico_vegetation_components::ComponentsOnly<chico_sbs_trees::jungle_storybook_tree::JungleStorybookTree>, bevy_ecs::query::filter::With<bevy_camera::camera::Camera>>"},/Users/l-monninger/.cargo/registry/src/index.crates.io-1949cf8c6b5b557f/bevy_ecs-0.19.0/src/system/function_system.rs,54,125,1
system_commands{name="bevy_ui::accessibility::label_changed"},/Users/l-monninger/.cargo/registry/src/index.crates.io-1949cf8c6b5b557f/bevy_ecs-0.19.0/src/system/function_system.rs,54,125,1
system_commands{name="lod::scene::refresh::cull_regions::enqueue::produce_lod_cull_for_region<lod_avian::AvianLodSceneRegionIndex<'_, '_, chico_groves::conifer_sapling::vc::ConiferSapling>, chico_sbs_trees_playground::vegetation_lod::VegetationCull, chico_groves::conifer_sapling::vc::ConiferSapling, bevy_ecs::query::filter::With<bevy_camera::camera::Camera>>"},/Users/l-monninger/.cargo/registry/src/index.crates.io-1949cf8c6b5b557f/bevy_ecs-0.19.0/src/system/function_system.rs,54,125,1
system_commands{name="lod::scene::refresh::cull_regions::enqueue::produce_lod_cull_for_region<lod_avian::AvianLodSceneRegionIndex<'_, '_, chico_vegetation_components::ComponentsOnly<chico_sbs_trees::tuft_patch::TuftPatch>>, chico_sbs_trees_playground::vegetation_lod::VegetationCull, chico_vegetation_components::ComponentsOnly<chico_sbs_trees::tuft_patch::TuftPatch>, bevy_ecs::query::filter::With<bevy_camera::camera::Camera>>"},/Users/l-monninger/.cargo/registry/src/index.crates.io-1949cf8c6b5b557f/bevy_ecs-0.19.0/src/system/function_system.rs,54,125,1
system_commands{name="bevy_post_process::bloom::upsampling_pipeline::prepare_upsampling_pipeline"},/Users/l-monninger/.cargo/registry/src/index.crates.io-1949cf8c6b5b557f/bevy_ecs-0.19.0/src/system/function_system.rs,54,125,1
system{name="<bevy_pbr::PbrPlugin as bevy_app::plugin::Plugin>::build::{{closure}}"},/Users/l-monninger/.cargo/registry/src/index.crates.io-1949cf8c6b5b557f/bevy_ecs-0.19.0/src/system/function_system.rs,52,125,1
system_commands{name="lod::scene::refresh::sync::chunk::begin::begin_chunk_lod_fulfill<chico_groves::riparian_mix::vc::RiparianMix>"},/Users/l-monninger/.cargo/registry/src/index.crates.io-1949cf8c6b5b557f/bevy_ecs-0.19.0/src/system/function_system.rs,54,125,1
system_commands{name="lod::scene::refresh::cull_regions::enqueue::produce_lod_cull_for_region<lod_avian::AvianLodSceneRegionIndex<'_, '_, chico_vegetation_components::ComponentsOnly<chico_sbs_trees::vase_tree::VaseTree>>, chico_sbs_trees_playground::vegetation_lod::VegetationCull, chico_vegetation_components::ComponentsOnly<chico_sbs_trees::vase_tree::VaseTree>, bevy_ecs::query::filter::With<bevy_camera::camera::Camera>>"},/Users/l-monninger/.cargo/registry/src/index.crates.io-1949cf8c6b5b557f/bevy_ecs-0.19.0/src/system/function_system.rs,54,125,1
RenderContextState::apply{system=bevy_pbr::transmission::node::main_transmissive_pass_3d},/Users/l-monninger/.cargo/registry/src/index.crates.io-1949cf8c6b5b557f/bevy_render-0.19.0/src/renderer/render_context.rs,110,125,1
check_conditions{name="avian3d::dynamics::solver::plugin::prepare_contact_constraints"},/Users/l-monninger/.cargo/registry/src/index.crates.io-1949cf8c6b5b557f/bevy_ecs-0.19.0/src/schedule/executor/single_threaded.rs,77,125,1
system_commands{name="lod::scene::refresh::sync::chunk::begin::begin_chunk_lod_fulfill<chico_vegetation_components::ComponentsOnly<chico_groves::braid_grass::vc::BraidGrass>>"},/Users/l-monninger/.cargo/registry/src/index.crates.io-1949cf8c6b5b557f/bevy_ecs-0.19.0/src/system/function_system.rs,54,125,1
system{name="bevy_gizmos::end_gizmo_context<bevy_gizmos::frustum::FrustumGizmoConfigGroup, bevy_time::fixed::Fixed>"},/Users/l-monninger/.cargo/registry/src/index.crates.io-1949cf8c6b5b557f/bevy_ecs-0.19.0/src/system/function_system.rs,52,125,1
system_commands{name="lod::scene::bounds_patch::patch_scene_bounds<chico_groves::trade_winds::vc::TradeWinds, lod_avian::AvianLodSceneBoundsMarshaller>"},/Users/l-monninger/.cargo/registry/src/index.crates.io-1949cf8c6b5b557f/bevy_ecs-0.19.0/src/system/function_system.rs,54,125,1
system_commands{name="bevy_sprite_render::texture_slice::computed_slices::compute_slices_on_sprite_change"},/Users/l-monninger/.cargo/registry/src/index.crates.io-1949cf8c6b5b557f/bevy_ecs-0.19.0/src/system/function_system.rs,54,125,1
system_commands{name="lod::scene::bounds_patch::patch_scene_bounds<chico_groves::alpine::vc::Alpine, lod_avian::AvianLodSceneBoundsMarshaller>"},/Users/l-monninger/.cargo/registry/src/index.crates.io-1949cf8c6b5b557f/bevy_ecs-0.19.0/src/system/function_system.rs,54,125,1
system_commands{name="bevy_render::uniform::prepare_uniform_components<bevy_post_process::bloom::downsampling_pipeline::BloomUniforms>"},/Users/l-monninger/.cargo/registry/src/index.crates.io-1949cf8c6b5b557f/bevy_ecs-0.19.0/src/system/function_system.rs,54,125,1
system_commands{name="bevy_text::editing::apply_text_edits"},/Users/l-monninger/.cargo/registry/src/index.crates.io-1949cf8c6b5b557f/bevy_ecs-0.19.0/src/system/function_system.rs,54,125,1
system_commands{name="render_item::mesh::handle::enforce_caching<sdf_common::crook_cylinder::CrookCylinder, bevy_pbr::pbr_material::StandardMaterial>"},/Users/l-monninger/.cargo/registry/src/index.crates.io-1949cf8c6b5b557f/bevy_ecs-0.19.0/src/system/function_system.rs,54,125,1
system{name="bevy_pbr::material::extract_entities_that_need_specializations_removed<bevy_pbr::extended_material::ExtendedMaterial<bevy_pbr::pbr_material::StandardMaterial, bevy_pbr::decal::forward::ForwardDecalMaterialExt>>"},/Users/l-monninger/.cargo/registry/src/index.crates.io-1949cf8c6b5b557f/bevy_ecs-0.19.0/src/system/function_system.rs,52,125,1
system{name="bevy_pbr::material::early_sweep_material_instances<bevy_pbr::pbr_material::StandardMaterial>"},/Users/l-monninger/.cargo/registry/src/index.crates.io-1949cf8c6b5b557f/bevy_ecs-0.19.0/src/system/function_system.rs,52,125,1
system_commands{name="lod::scene::refresh::cull_regions::enqueue::produce_lod_cull_for_region<lod_avian::AvianLodSceneRegionIndex<'_, '_, chico_vegetation_components::ComponentsOnly<chico_vegetation_components::placed_vegetation::PlacedVegetation<chico_sbs_trees::high_bush_shoots::HighBushShoots>>>, chico_sbs_trees_playground::vegetation_lod::VegetationCull, chico_vegetation_components::ComponentsOnly<chico_vegetation_components::placed_vegetation::PlacedVegetation<chico_sbs_trees::high_bush_shoots::HighBushShoots>>, bevy_ecs::query::filter::With<bevy_camera::camera::Camera>>"},/Users/l-monninger/.cargo/registry/src/index.crates.io-1949cf8c6b5b557f/bevy_ecs-0.19.0/src/system/function_system.rs,54,125,1
system_commands{name="lod::scene::refresh::sync::chunk::begin::begin_chunk_lod_fulfill<chico_vegetation_components::ComponentsOnly<chico_vegetation_components::placed_vegetation::PlacedVegetation<chico_sbs_trees::high_bush_shoots::HighBushShoots>>>"},/Users/l-monninger/.cargo/registry/src/index.crates.io-1949cf8c6b5b557f/bevy_ecs-0.19.0/src/system/function_system.rs,54,125,1
system_commands{name="bevy_sprite_render::text2d::extract_text2d_sprite"},/Users/l-monninger/.cargo/registry/src/index.crates.io-1949cf8c6b5b557f/bevy_ecs-0.19.0/src/system/function_system.rs,54,125,1
system_commands{name="bevy_core_pipeline::upscaling::prepare_view_upscaling_pipelines"},/Users/l-monninger/.cargo/registry/src/index.crates.io-1949cf8c6b5b557f/bevy_ecs-0.19.0/src/system/function_system.rs,54,125,1
system_commands{name="lod::scene::refresh::sync::cull::drain_lod_cull"},/Users/l-monninger/.cargo/registry/src/index.crates.io-1949cf8c6b5b557f/bevy_ecs-0.19.0/src/system/function_system.rs,54,125,1
system_commands{name="lod::scene::bounds_patch::patch_scene_bounds<chico_vegetation_components::ComponentsOnly<chico_sbs_trees::friends_conifer::FriendsConifer>, lod_avian::AvianLodSceneBoundsMarshaller>"},/Users/l-monninger/.cargo/registry/src/index.crates.io-1949cf8c6b5b557f/bevy_ecs-0.19.0/src/system/function_system.rs,54,125,1
system_commands{name="bevy_core_pipeline::prepass::background_motion_vectors::prepare_background_motion_vectors_pipelines"},/Users/l-monninger/.cargo/registry/src/index.crates.io-1949cf8c6b5b557f/bevy_ecs-0.19.0/src/system/function_system.rs,54,125,1
system_commands{name="lod::scene::refresh::sync::chunk::begin::begin_chunk_lod_fulfill<chico_groves::temperate_massives::vc::TemperateMassives>"},/Users/l-monninger/.cargo/registry/src/index.crates.io-1949cf8c6b5b557f/bevy_ecs-0.19.0/src/system/function_system.rs,54,125,1
system_commands{name="bevy_input_focus::gained_and_lost::process_recorded_focus_changes"},/Users/l-monninger/.cargo/registry/src/index.crates.io-1949cf8c6b5b557f/bevy_ecs-0.19.0/src/system/function_system.rs,54,125,1
system{name="bevy_asset::assets::Assets<bevy_audio::pitch::Pitch>::asset_events_condition"},/Users/l-monninger/.cargo/registry/src/index.crates.io-1949cf8c6b5b557f/bevy_ecs-0.19.0/src/system/function_system.rs,52,125,1
system_commands{name="lod::scene::bounds_patch::patch_scene_bounds<chico_vegetation_components::ComponentsOnly<chico_sbs_trees::palm_bush::PalmBush>, lod_avian::AvianLodSceneBoundsMarshaller>"},/Users/l-monninger/.cargo/registry/src/index.crates.io-1949cf8c6b5b557f/bevy_ecs-0.19.0/src/system/function_system.rs,54,125,1
system{name="bevy_transform_interpolation::ease_scale_lerp"},/Users/l-monninger/.cargo/registry/src/index.crates.io-1949cf8c6b5b557f/bevy_ecs-0.19.0/src/system/function_system.rs,52,125,1
system_commands{name="lod::scene::refresh::cull_regions::enqueue::produce_lod_cull_for_region<lod_avian::AvianLodSceneRegionIndex<'_, '_, chico_groves::trade_winds::vc::TradeWinds>, chico_sbs_trees_playground::vegetation_lod::VegetationCull, chico_groves::trade_winds::vc::TradeWinds, bevy_ecs::query::filter::With<bevy_camera::camera::Camera>>"},/Users/l-monninger/.cargo/registry/src/index.crates.io-1949cf8c6b5b557f/bevy_ecs-0.19.0/src/system/function_system.rs,54,125,1
system_commands{name="lod::scene::refresh::sync::chunk::begin::begin_chunk_lod_fulfill<chico_vegetation_components::ComponentsOnly<chico_vegetation_components::placed_vegetation::PlacedVegetation<chico_sbs_trees::palm_bush::PalmBush>>>"},/Users/l-monninger/.cargo/registry/src/index.crates.io-1949cf8c6b5b557f/bevy_ecs-0.19.0/src/system/function_system.rs,54,125,1
system{name="bevy_gizmos::update_gizmo_meshes<bevy_gizmos::skinned_mesh_bounds::SkinnedMeshBoundsGizmoConfigGroup>"},/Users/l-monninger/.cargo/registry/src/index.crates.io-1949cf8c6b5b557f/bevy_ecs-0.19.0/src/system/function_system.rs,52,125,1
system{name="bevy_picking::input::PointerInputSettings::is_mouse_enabled"},/Users/l-monninger/.cargo/registry/src/index.crates.io-1949cf8c6b5b557f/bevy_ecs-0.19.0/src/system/function_system.rs,52,125,1
system_commands{name="bevy_post_process::motion_blur::pipeline::prepare_motion_blur_pipelines"},/Users/l-monninger/.cargo/registry/src/index.crates.io-1949cf8c6b5b557f/bevy_ecs-0.19.0/src/system/function_system.rs,54,125,1
system_commands{name="avian3d::collision::collider::backend::init_collider_constructors"},/Users/l-monninger/.cargo/registry/src/index.crates.io-1949cf8c6b5b557f/bevy_ecs-0.19.0/src/system/function_system.rs,54,125,1
system_commands{name="lod::scene::refresh::sync::chunk::begin::begin_chunk_lod_fulfill<chico_vegetation_components::ComponentsOnly<chico_sbs_trees::temperate_conifer::TemperateConifer>>"},/Users/l-monninger/.cargo/registry/src/index.crates.io-1949cf8c6b5b557f/bevy_ecs-0.19.0/src/system/function_system.rs,54,125,1
system_commands{name="lod_lazy_refs::clear_lod_lazy_when_mesh_and_material"},/Users/l-monninger/.cargo/registry/src/index.crates.io-1949cf8c6b5b557f/bevy_ecs-0.19.0/src/system/function_system.rs,54,125,1
system_commands{name="bevy_gizmos_render::prepare_line_gizmo_bind_group"},/Users/l-monninger/.cargo/registry/src/index.crates.io-1949cf8c6b5b557f/bevy_ecs-0.19.0/src/system/function_system.rs,54,125,1
system_commands{name="bevy_sprite_render::sprite_mesh::add_material"},/Users/l-monninger/.cargo/registry/src/index.crates.io-1949cf8c6b5b557f/bevy_ecs-0.19.0/src/system/function_system.rs,54,125,1
system_commands{name="lod::scene::refresh::cull_regions::enqueue::produce_lod_cull_for_region<lod_avian::AvianLodSceneRegionIndex<'_, '_, chico_vegetation_components::ComponentsOnly<chico_sbs_trees::liams_conifer::LiamsConifer>>, chico_sbs_trees_playground::vegetation_lod::VegetationCull, chico_vegetation_components::ComponentsOnly<chico_sbs_trees::liams_conifer::LiamsConifer>, bevy_ecs::query::filter::With<bevy_camera::camera::Camera>>"},/Users/l-monninger/.cargo/registry/src/index.crates.io-1949cf8c6b5b557f/bevy_ecs-0.19.0/src/system/function_system.rs,54,125,1
system_commands{name="lod::scene::refresh::sync::chunk::begin::begin_chunk_lod_fulfill<chico_groves::tropical_thicket::vc::TropicalThicket>"},/Users/l-monninger/.cargo/registry/src/index.crates.io-1949cf8c6b5b557f/bevy_ecs-0.19.0/src/system/function_system.rs,54,125,1
RenderContextState::apply{system=bevy_core_pipeline::deferred::copy_lighting_id::copy_deferred_lighting_id},/Users/l-monninger/.cargo/registry/src/index.crates.io-1949cf8c6b5b557f/bevy_render-0.19.0/src/renderer/render_context.rs,110,125,1
system_commands{name="lod::scene::refresh::sync::chunk::begin::begin_chunk_lod_fulfill<chico_vegetation_components::ComponentsOnly<chico_sbs_trees::waialea_palm::WaialeaPalm>>"},/Users/l-monninger/.cargo/registry/src/index.crates.io-1949cf8c6b5b557f/bevy_ecs-0.19.0/src/system/function_system.rs,54,125,1
system{name="bevy_render::batching::sort_binned_render_phase<bevy_core_pipeline::prepass::AlphaMask3dPrepass>"},/Users/l-monninger/.cargo/registry/src/index.crates.io-1949cf8c6b5b557f/bevy_ecs-0.19.0/src/system/function_system.rs,52,125,1
system_commands{name="lod::scene::refresh::sync::chunk::begin::begin_chunk_lod_fulfill<chico_vegetation_components::ComponentsOnly<chico_sbs_trees::friends_conifer::FriendsConifer>>"},/Users/l-monninger/.cargo/registry/src/index.crates.io-1949cf8c6b5b557f/bevy_ecs-0.19.0/src/system/function_system.rs,54,125,1
system_commands{name="lod::scene::bounds_patch::patch_scene_bounds<chico_vegetation_components::ComponentsOnly<chico_sbs_trees::kamakura_torch::KamakuraTorch>, lod_avian::AvianLodSceneBoundsMarshaller>"},/Users/l-monninger/.cargo/registry/src/index.crates.io-1949cf8c6b5b557f/bevy_ecs-0.19.0/src/system/function_system.rs,54,125,1
system_commands{name="lod::scene::bounds_patch::patch_scene_bounds<chico_vegetation_components::ComponentsOnly<chico_groves::tall_grass::vc::TallGrass>, lod_avian::AvianLodSceneBoundsMarshaller>"},/Users/l-monninger/.cargo/registry/src/index.crates.io-1949cf8c6b5b557f/bevy_ecs-0.19.0/src/system/function_system.rs,54,125,1
system{name="bevy_transform_interpolation::extrapolation::update_rotation_extrapolation_states<avian3d::interpolation::AngVelSource>"},/Users/l-monninger/.cargo/registry/src/index.crates.io-1949cf8c6b5b557f/bevy_ecs-0.19.0/src/system/function_system.rs,52,125,1
system_commands{name="lod::scene::refresh::sync::chunk::begin::begin_chunk_lod_fulfill<chico_vegetation_components::ComponentsOnly<chico_sbs_trees::rorys_head_trained::RorysHeadTrained>>"},/Users/l-monninger/.cargo/registry/src/index.crates.io-1949cf8c6b5b557f/bevy_ecs-0.19.0/src/system/function_system.rs,54,125,1
system_commands{name="lod::scene::refresh::cull_regions::enqueue::produce_lod_cull_for_region<lod_avian::AvianLodSceneRegionIndex<'_, '_, chico_vegetation_components::ComponentsOnly<chico_sbs_trees::temperate_conifer::TemperateConifer>>, chico_sbs_trees_playground::vegetation_lod::VegetationCull, chico_vegetation_components::ComponentsOnly<chico_sbs_trees::temperate_conifer::TemperateConifer>, bevy_ecs::query::filter::With<bevy_camera::camera::Camera>>"},/Users/l-monninger/.cargo/registry/src/index.crates.io-1949cf8c6b5b557f/bevy_ecs-0.19.0/src/system/function_system.rs,54,125,1
system_commands{name="lod::scene::bounds_patch::patch_scene_bounds<chico_vegetation_components::ComponentsOnly<chico_sbs_trees::high_bush_shoots::HighBushShoots>, lod_avian::AvianLodSceneBoundsMarshaller>"},/Users/l-monninger/.cargo/registry/src/index.crates.io-1949cf8c6b5b557f/bevy_ecs-0.19.0/src/system/function_system.rs,54,125,1
system_commands{name="(bevy_ecs::system::commands::Commands<'_, '_>, bevy_ecs::system::query::Query<'_, '_, bevy_ecs::entity::Entity, bevy_ecs::query::filter::With<bevy_window::window::PrimaryWindow>>, bevy_ecs::system::query::Query<'_, '_, (bevy_ecs::entity::Entity, &bevy_render::view::window::screenshot::Screenshot), bevy_ecs::query::filter::Without<bevy_render::view::window::screenshot::Capturing>>)"},/Users/l-monninger/.cargo/registry/src/index.crates.io-1949cf8c6b5b557f/bevy_ecs-0.19.0/src/system/function_system.rs,54,125,1
system_commands{name="lod::scene::bounds_patch::patch_scene_bounds<chico_vegetation_components::ComponentsOnly<chico_vegetation_components::placed_vegetation::PlacedVegetation<chico_sbs_trees::high_bush_shoots::HighBushShoots>>, lod_avian::AvianLodSceneBoundsMarshaller>"},/Users/l-monninger/.cargo/registry/src/index.crates.io-1949cf8c6b5b557f/bevy_ecs-0.19.0/src/system/function_system.rs,54,125,1
system_commands{name="bevy_sprite_render::mesh2d::mesh::prepare_mesh2d_bind_group"},/Users/l-monninger/.cargo/registry/src/index.crates.io-1949cf8c6b5b557f/bevy_ecs-0.19.0/src/system/function_system.rs,54,125,1
system_commands{name="render_item::mesh::fetch_meshes<render_item::mesh::handle::MeshHandle<sdf_common::crook_cylinder::CrookCylinder>, chico_vegetation_shaders::chico_stick_material::ChicoStickMaterial>"},/Users/l-monninger/.cargo/registry/src/index.crates.io-1949cf8c6b5b557f/bevy_ecs-0.19.0/src/system/function_system.rs,54,125,1
system_commands{name="lod::scene::bounds_patch::patch_scene_bounds<chico_vegetation_components::sticks::node::StickNode, lod_avian::AvianLodSceneBoundsMarshaller>"},/Users/l-monninger/.cargo/registry/src/index.crates.io-1949cf8c6b5b557f/bevy_ecs-0.19.0/src/system/function_system.rs,54,125,1
system_commands{name="lod::scene::bounds_patch::patch_scene_bounds<chico_vegetation_components::ComponentsOnly<chico_groves::braid_grass::vc::BraidGrass>, lod_avian::AvianLodSceneBoundsMarshaller>"},/Users/l-monninger/.cargo/registry/src/index.crates.io-1949cf8c6b5b557f/bevy_ecs-0.19.0/src/system/function_system.rs,54,125,1
system_commands{name="lod::scene::refresh::sync::chunk::begin::begin_chunk_lod_fulfill<chico_groves::conifer_massives::vc::ConiferMassives>"},/Users/l-monninger/.cargo/registry/src/index.crates.io-1949cf8c6b5b557f/bevy_ecs-0.19.0/src/system/function_system.rs,54,125,1
system{name="bevy_asset::assets::Assets<bevy_gltf::assets::GltfMesh>::asset_events_condition"},/Users/l-monninger/.cargo/registry/src/index.crates.io-1949cf8c6b5b557f/bevy_ecs-0.19.0/src/system/function_system.rs,52,125,1
system{name="bevy_render::batching::sort_binned_render_phase<bevy_core_pipeline::deferred::AlphaMask3dDeferred>"},/Users/l-monninger/.cargo/registry/src/index.crates.io-1949cf8c6b5b557f/bevy_ecs-0.19.0/src/system/function_system.rs,52,125,1
system_commands{name="lod::scene::refresh::sync::chunk::begin::begin_chunk_lod_fulfill<chico_vegetation_components::ComponentsOnly<chico_sbs_trees::palm_bush::PalmBush>>"},/Users/l-monninger/.cargo/registry/src/index.crates.io-1949cf8c6b5b557f/bevy_ecs-0.19.0/src/system/function_system.rs,54,125,1
system_commands{name="lod::scene::bounds_patch::patch_scene_bounds<chico_vegetation_components::ComponentsOnly<chico_sbs_trees::temperate_conifer::TemperateConifer>, lod_avian::AvianLodSceneBoundsMarshaller>"},/Users/l-monninger/.cargo/registry/src/index.crates.io-1949cf8c6b5b557f/bevy_ecs-0.19.0/src/system/function_system.rs,54,125,1
system_commands{name="lod::scene::bounds_patch::patch_scene_bounds<chico_vegetation_components::ComponentsOnly<chico_sbs_trees::rorys_head_trained::RorysHeadTrained>, lod_avian::AvianLodSceneBoundsMarshaller>"},/Users/l-monninger/.cargo/registry/src/index.crates.io-1949cf8c6b5b557f/bevy_ecs-0.19.0/src/system/function_system.rs,54,125,1
system_commands{name="lod::scene::bounds_patch::patch_scene_bounds<chico_vegetation_components::ComponentsOnly<chico_sbs_trees::waialea_palm::WaialeaPalm>, lod_avian::AvianLodSceneBoundsMarshaller>"},/Users/l-monninger/.cargo/registry/src/index.crates.io-1949cf8c6b5b557f/bevy_ecs-0.19.0/src/system/function_system.rs,54,125,1
system_commands{name="lod::scene::refresh::sync::chunk::begin::begin_chunk_lod_fulfill<chico_vegetation_components::ComponentsOnly<chico_vegetation_components::placed_vegetation::PlacedVegetation<chico_sbs_trees::storybook_tree::StorybookTree>>>"},/Users/l-monninger/.cargo/registry/src/index.crates.io-1949cf8c6b5b557f/bevy_ecs-0.19.0/src/system/function_system.rs,54,125,1
system_commands{name="lod::scene::refresh::cull_regions::enqueue::produce_lod_cull_for_region<lod_avian::AvianLodSceneRegionIndex<'_, '_, chico_groves::date_grove::vc::DateGrove>, chico_sbs_trees_playground::vegetation_lod::VegetationCull, chico_groves::date_grove::vc::DateGrove, bevy_ecs::query::filter::With<bevy_camera::camera::Camera>>"},/Users/l-monninger/.cargo/registry/src/index.crates.io-1949cf8c6b5b557f/bevy_ecs-0.19.0/src/system/function_system.rs,54,125,1
system_commands{name="lod::scene::refresh::cull_regions::enqueue::produce_lod_cull_for_region<lod_avian::AvianLodSceneRegionIndex<'_, '_, chico_vegetation_components::ComponentsOnly<chico_sbs_trees::storybook_tree::StorybookTree>>, chico_sbs_trees_playground::vegetation_lod::VegetationCull, chico_vegetation_components::ComponentsOnly<chico_sbs_trees::storybook_tree::StorybookTree>, bevy_ecs::query::filter::With<bevy_camera::camera::Camera>>"},/Users/l-monninger/.cargo/registry/src/index.crates.io-1949cf8c6b5b557f/bevy_ecs-0.19.0/src/system/function_system.rs,54,125,1
system_commands{name="lod::scene::refresh::sync::chunk::begin::begin_chunk_lod_fulfill<chico_vegetation_components::ComponentsOnly<chico_sbs_trees::jungle_storybook_tree::JungleStorybookTree>>"},/Users/l-monninger/.cargo/registry/src/index.crates.io-1949cf8c6b5b557f/bevy_ecs-0.19.0/src/system/function_system.rs,54,125,1
system{name="bevy_render::globals::extract_frame_count"},/Users/l-monninger/.cargo/registry/src/index.crates.io-1949cf8c6b5b557f/bevy_ecs-0.19.0/src/system/function_system.rs,52,125,1
system_commands{name="lod::scene::bounds_patch::patch_scene_bounds<chico_vegetation_components::ComponentsOnly<chico_sbs_trees::palm_crown::PalmCrown>, lod_avian::AvianLodSceneBoundsMarshaller>"},/Users/l-monninger/.cargo/registry/src/index.crates.io-1949cf8c6b5b557f/bevy_ecs-0.19.0/src/system/function_system.rs,54,125,1
system_commands{name="bevy_app::propagate::propagate_inherited<bevy_ui::ui_node::ComputedUiRenderTargetInfo, (), bevy_ecs::hierarchy::ChildOf>"},/Users/l-monninger/.cargo/registry/src/index.crates.io-1949cf8c6b5b557f/bevy_ecs-0.19.0/src/system/function_system.rs,54,125,1
system_commands{name="lod::scene::refresh::cull_regions::enqueue::produce_lod_cull_for_region<lod_avian::AvianLodSceneRegionIndex<'_, '_, chico_groves::palm_shade::vc::PalmShade>, chico_sbs_trees_playground::vegetation_lod::VegetationCull, chico_groves::palm_shade::vc::PalmShade, bevy_ecs::query::filter::With<bevy_camera::camera::Camera>>"},/Users/l-monninger/.cargo/registry/src/index.crates.io-1949cf8c6b5b557f/bevy_ecs-0.19.0/src/system/function_system.rs,54,125,1
system_commands{name="game_commands::ui::send_console_ui_scroll_events"},/Users/l-monninger/.cargo/registry/src/index.crates.io-1949cf8c6b5b557f/bevy_ecs-0.19.0/src/system/function_system.rs,54,125,1
check_conditions{name="avian3d::collision::broad_phase::bvh_broad_phase::collect_collision_pairs<()>"},/Users/l-monninger/.cargo/registry/src/index.crates.io-1949cf8c6b5b557f/bevy_ecs-0.19.0/src/schedule/executor/single_threaded.rs,77,125,1
system_commands{name="bevy_sprite_render::texture_slice::computed_slices::compute_slices_on_asset_event"},/Users/l-monninger/.cargo/registry/src/index.crates.io-1949cf8c6b5b557f/bevy_ecs-0.19.0/src/system/function_system.rs,54,125,1
non_indexed_cpu_metadata,/Users/l-monninger/.cargo/registry/src/index.crates.io-1949cf8c6b5b557f/bevy_render-0.19.0/src/batching/gpu_preprocessing.rs,2683,1084,9
system{name="avian3d::dynamics::solver::plugin::joint_damping<avian3d::dynamics::joints::prismatic::PrismaticJoint>"},/Users/l-monninger/.cargo/registry/src/index.crates.io-1949cf8c6b5b557f/bevy_ecs-0.19.0/src/system/function_system.rs,52,709,6
system{name="avian3d::dynamics::solver::plugin::joint_damping<avian3d::dynamics::joints::fixed::FixedJoint>"},/Users/l-monninger/.cargo/registry/src/index.crates.io-1949cf8c6b5b557f/bevy_ecs-0.19.0/src/system/function_system.rs,52,706,6
system{name="avian3d::dynamics::solver::xpbd::plugin::solve_xpbd_joint<avian3d::dynamics::joints::revolute::RevoluteJoint>"},/Users/l-monninger/.cargo/registry/src/index.crates.io-1949cf8c6b5b557f/bevy_ecs-0.19.0/src/system/function_system.rs,52,707,6
system{name="avian3d::dynamics::solver::xpbd::plugin::solve_xpbd_joint<avian3d::dynamics::joints::distance::DistanceJoint>"},/Users/l-monninger/.cargo/registry/src/index.crates.io-1949cf8c6b5b557f/bevy_ecs-0.19.0/src/system/function_system.rs,52,707,6
system{name="avian3d::dynamics::solver::xpbd::plugin::solve_xpbd_joint<avian3d::dynamics::joints::spherical::SphericalJoint>"},/Users/l-monninger/.cargo/registry/src/index.crates.io-1949cf8c6b5b557f/bevy_ecs-0.19.0/src/system/function_system.rs,52,706,6
non_indexed_data,/Users/l-monninger/.cargo/registry/src/index.crates.io-1949cf8c6b5b557f/bevy_render-0.19.0/src/batching/gpu_preprocessing.rs,2666,917,8
system{name="avian3d::dynamics::solver::xpbd::plugin::solve_xpbd_joint<avian3d::dynamics::joints::prismatic::PrismaticJoint>"},/Users/l-monninger/.cargo/registry/src/index.crates.io-1949cf8c6b5b557f/bevy_ecs-0.19.0/src/system/function_system.rs,52,666,6
system{name="<avian3d::collision::collider::collider_hierarchy::plugin::ColliderHierarchyPlugin as bevy_app::plugin::Plugin>::build::{{closure}}"},/Users/l-monninger/.cargo/registry/src/index.crates.io-1949cf8c6b5b557f/bevy_ecs-0.19.0/src/system/function_system.rs,52,14128,128
system{name="bevy_ecs::schedule::condition::common_conditions::resource_exists<bevy_render::batching::gpu_preprocessing::BatchedInstanceBuffers<bevy_pbr::render::mesh::MeshUniform, bevy_pbr::render::mesh::MeshInputUniform>>"},/Users/l-monninger/.cargo/registry/src/index.crates.io-1949cf8c6b5b557f/bevy_ecs-0.19.0/src/system/function_system.rs,52,2830,26
check_conditions{name="bevy_ecs::apply_deferred"},/Users/l-monninger/.cargo/registry/src/index.crates.io-1949cf8c6b5b557f/bevy_ecs-0.19.0/src/schedule/executor/single_threaded.rs,77,626,6
system{name="<avian3d::collider_tree::update::ColliderTreeUpdatePlugin<avian3d::collision::collider::parry::Collider> as bevy_app::plugin::Plugin>::build::{{closure}}"},/Users/l-monninger/.cargo/registry/src/index.crates.io-1949cf8c6b5b557f/bevy_ecs-0.19.0/src/system/function_system.rs,52,25333,256
system_commands{name="lod::scene::bounds_patch::patch_scene_bounds<chico_groves::conifer_sapling::vc::ConiferSapling, lod_avian::AvianLodSceneBoundsMarshaller>"},/Users/l-monninger/.cargo/registry/src/index.crates.io-1949cf8c6b5b557f/bevy_ecs-0.19.0/src/system/function_system.rs,54,84,1
check_conditions{name="avian3d::dynamics::rigid_body::forces::plugin::apply_constant_forces"},/Users/l-monninger/.cargo/registry/src/index.crates.io-1949cf8c6b5b557f/bevy_ecs-0.19.0/src/schedule/executor/single_threaded.rs,77,84,1
system_commands{name="lod::scene::refresh::cull_regions::enqueue::produce_lod_cull_for_region<lod_avian::AvianLodSceneRegionIndex<'_, '_, chico_groves::bush_scrub::vc::BushScrub>, chico_sbs_trees_playground::vegetation_lod::VegetationCull, chico_groves::bush_scrub::vc::BushScrub, bevy_ecs::query::filter::With<bevy_camera::camera::Camera>>"},/Users/l-monninger/.cargo/registry/src/index.crates.io-1949cf8c6b5b557f/bevy_ecs-0.19.0/src/system/function_system.rs,54,84,1
system_commands{name="bevy_sprite_render::mesh2d::mesh::prepare_mesh2d_view_bind_groups"},/Users/l-monninger/.cargo/registry/src/index.crates.io-1949cf8c6b5b557f/bevy_ecs-0.19.0/src/system/function_system.rs,54,84,1
check_conditions{name="avian3d::dynamics::solver::solver_body::plugin::prepare_solver_bodies"},/Users/l-monninger/.cargo/registry/src/index.crates.io-1949cf8c6b5b557f/bevy_ecs-0.19.0/src/schedule/executor/single_threaded.rs,77,84,1
system_commands{name="lod::scene::bounds_patch::patch_scene_bounds<chico_groves::date_grove::vc::DateGrove, lod_avian::AvianLodSceneBoundsMarshaller>"},/Users/l-monninger/.cargo/registry/src/index.crates.io-1949cf8c6b5b557f/bevy_ecs-0.19.0/src/system/function_system.rs,54,84,1
check_conditions{name="avian3d::dynamics::joints::prismatic::update_local_frames"},/Users/l-monninger/.cargo/registry/src/index.crates.io-1949cf8c6b5b557f/bevy_ecs-0.19.0/src/schedule/executor/single_threaded.rs,77,84,1
system_commands{name="lod::scene::refresh::cull_regions::enqueue::produce_lod_cull_for_region<lod_avian::AvianLodSceneRegionIndex<'_, '_, chico_vegetation_components::ComponentsOnly<chico_sbs_trees::sopes_banyan::SopesBanyan>>, chico_sbs_trees_playground::vegetation_lod::VegetationCull, chico_vegetation_components::ComponentsOnly<chico_sbs_trees::sopes_banyan::SopesBanyan>, bevy_ecs::query::filter::With<bevy_camera::camera::Camera>>"},/Users/l-monninger/.cargo/registry/src/index.crates.io-1949cf8c6b5b557f/bevy_ecs-0.19.0/src/system/function_system.rs,54,84,1
system_commands{name="lod::scene::refresh::cull_regions::enqueue::produce_lod_cull_for_region<lod_avian::AvianLodSceneRegionIndex<'_, '_, chico_vegetation_components::ComponentsOnly<chico_vegetation_components::placed_vegetation::PlacedVegetation<chico_sbs_trees::vase_tree::VaseTree>>>, chico_sbs_trees_playground::vegetation_lod::VegetationCull, chico_vegetation_components::ComponentsOnly<chico_vegetation_components::placed_vegetation::PlacedVegetation<chico_sbs_trees::vase_tree::VaseTree>>, bevy_ecs::query::filter::With<bevy_camera::camera::Camera>>"},/Users/l-monninger/.cargo/registry/src/index.crates.io-1949cf8c6b5b557f/bevy_ecs-0.19.0/src/system/function_system.rs,54,84,1
system_commands{name="lod::scene::bounds_patch::patch_scene_bounds<chico_vegetation_components::FlattenedComponentsOnly<chico_vegetation_components::placed_vegetation::PlacedVegetation<chico_sbs_trees::storybook_tree::StorybookTree>>, lod_avian::AvianLodSceneBoundsMarshaller>"},/Users/l-monninger/.cargo/registry/src/index.crates.io-1949cf8c6b5b557f/bevy_ecs-0.19.0/src/system/function_system.rs,54,84,1
system_commands{name="lod::scene::refresh::cull_regions::enqueue::produce_lod_cull_for_region<lod_avian::AvianLodSceneRegionIndex<'_, '_, chico_vegetation_components::ComponentsOnly<chico_vegetation_components::placed_vegetation::PlacedVegetation<chico_groves::strange_oasis::vc::OasisDatePalm>>>, chico_sbs_trees_playground::vegetation_lod::VegetationCull, chico_vegetation_components::ComponentsOnly<chico_vegetation_components::placed_vegetation::PlacedVegetation<chico_groves::strange_oasis::vc::OasisDatePalm>>, bevy_ecs::query::filter::With<bevy_camera::camera::Camera>>"},/Users/l-monninger/.cargo/registry/src/index.crates.io-1949cf8c6b5b557f/bevy_ecs-0.19.0/src/system/function_system.rs,54,84,1
system_commands{name="bevy_core_pipeline::mip_generation::experimental::depth::create_downsample_depth_pipelines"},/Users/l-monninger/.cargo/registry/src/index.crates.io-1949cf8c6b5b557f/bevy_ecs-0.19.0/src/system/function_system.rs,54,84,1
system_commands{name="bevy_anti_alias::contrast_adaptive_sharpening::prepare_cas_pipelines"},/Users/l-monninger/.cargo/registry/src/index.crates.io-1949cf8c6b5b557f/bevy_ecs-0.19.0/src/system/function_system.rs,54,84,1
system_commands{name="lod::scene::refresh::cull_regions::enqueue::produce_lod_cull_for_region<lod_avian::AvianLodSceneRegionIndex<'_, '_, chico_groves::riparian_general::vc::RiparianGeneral>, chico_sbs_trees_playground::vegetation_lod::VegetationCull, chico_groves::riparian_general::vc::RiparianGeneral, bevy_ecs::query::filter::With<bevy_camera::camera::Camera>>"},/Users/l-monninger/.cargo/registry/src/index.crates.io-1949cf8c6b5b557f/bevy_ecs-0.19.0/src/system/function_system.rs,54,84,1
system_commands{name="bevy_anti_alias::smaa::prepare_smaa_textures"},/Users/l-monninger/.cargo/registry/src/index.crates.io-1949cf8c6b5b557f/bevy_ecs-0.19.0/src/system/function_system.rs,54,84,1
check_conditions{name="avian3d::dynamics::solver::xpbd::plugin::prepare_xpbd_joint<avian3d::dynamics::joints::spherical::SphericalJoint>"},/Users/l-monninger/.cargo/registry/src/index.crates.io-1949cf8c6b5b557f/bevy_ecs-0.19.0/src/schedule/executor/single_threaded.rs,77,84,1
system_commands{name="bevy_render::uniform::prepare_uniform_components<bevy_pbr::atmosphere::GpuAtmosphereSettings>"},/Users/l-monninger/.cargo/registry/src/index.crates.io-1949cf8c6b5b557f/bevy_ecs-0.19.0/src/system/function_system.rs,54,84,1
system_commands{name="render_item::mesh::fetch_meshes<render_item::mesh::handle::MeshHandle<sdf_common::crook_cylinder::CrookCylinder>, bevy_pbr::pbr_material::StandardMaterial>"},/Users/l-monninger/.cargo/registry/src/index.crates.io-1949cf8c6b5b557f/bevy_ecs-0.19.0/src/system/function_system.rs,54,84,1
system_commands{name="bevy_sprite::calculate_bounds_2d"},/Users/l-monninger/.cargo/registry/src/index.crates.io-1949cf8c6b5b557f/bevy_ecs-0.19.0/src/system/function_system.rs,54,84,1
RenderContextState::apply{system=bevy_anti_alias::smaa::smaa},/Users/l-monninger/.cargo/registry/src/index.crates.io-1949cf8c6b5b557f/bevy_render-0.19.0/src/renderer/render_context.rs,110,84,1
system{name="bevy_app::hierarchy::validate_parent_has_component<bevy_transform::components::global_transform::GlobalTransform>"},/Users/l-monninger/.cargo/registry/src/index.crates.io-1949cf8c6b5b557f/bevy_ecs-0.19.0/src/system/function_system.rs,52,90102,1072
system_commands{name="lod::scene::bounds_patch::patch_scene_bounds<chico_groves::storytellers::vc::Storytellers, lod_avian::AvianLodSceneBoundsMarshaller>"},/Users/l-monninger/.cargo/registry/src/index.crates.io-1949cf8c6b5b557f/bevy_ecs-0.19.0/src/system/function_system.rs,54,84,1
system_commands{name="lod::scene::refresh::sync::chunk::begin::begin_chunk_lod_fulfill<chico_groves::forlorn_savanna::vc::ForlornSavanna>"},/Users/l-monninger/.cargo/registry/src/index.crates.io-1949cf8c6b5b557f/bevy_ecs-0.19.0/src/system/function_system.rs,54,84,1
system_commands{name="bevy_pbr::ssr::prepare_ssr_settings"},/Users/l-monninger/.cargo/registry/src/index.crates.io-1949cf8c6b5b557f/bevy_ecs-0.19.0/src/system/function_system.rs,54,84,1
system_commands{name="lod::scene::refresh::sync::chunk::begin::begin_chunk_lod_fulfill<chico_groves::high_bush::vc::HighBush>"},/Users/l-monninger/.cargo/registry/src/index.crates.io-1949cf8c6b5b557f/bevy_ecs-0.19.0/src/system/function_system.rs,54,84,1
system_commands{name="bevy_ui_render::extract_text_shadows"},/Users/l-monninger/.cargo/registry/src/index.crates.io-1949cf8c6b5b557f/bevy_ecs-0.19.0/src/system/function_system.rs,54,84,1
system_commands{name="lod::scene::bounds_patch::patch_scene_bounds<chico_groves::christmas_taiga::vc::ChristmasTaiga, lod_avian::AvianLodSceneBoundsMarshaller>"},/Users/l-monninger/.cargo/registry/src/index.crates.io-1949cf8c6b5b557f/bevy_ecs-0.19.0/src/system/function_system.rs,54,84,1
system_commands{name="lod::scene::refresh::sync::chunk::begin::begin_chunk_lod_fulfill<chico_vegetation_components::ComponentsOnly<chico_sbs_trees::kamakura_torch::KamakuraTorch>>"},/Users/l-monninger/.cargo/registry/src/index.crates.io-1949cf8c6b5b557f/bevy_ecs-0.19.0/src/system/function_system.rs,54,84,1
system_commands{name="bevy_render::extract_resource::extract_resource<bevy_core_pipeline::tonemapping::TonemappingLuts, ()>"},/Users/l-monninger/.cargo/registry/src/index.crates.io-1949cf8c6b5b557f/bevy_ecs-0.19.0/src/system/function_system.rs,54,84,1
system_commands{name="avian3d::dynamics::solver::joint_graph::plugin::on_change_joint_entities<avian3d::dynamics::joints::distance::DistanceJoint>"},/Users/l-monninger/.cargo/registry/src/index.crates.io-1949cf8c6b5b557f/bevy_ecs-0.19.0/src/system/function_system.rs,54,84,1
system_commands{name="bevy_core_pipeline::mip_generation::experimental::depth::prepare_view_depth_pyramids"},/Users/l-monninger/.cargo/registry/src/index.crates.io-1949cf8c6b5b557f/bevy_ecs-0.19.0/src/system/function_system.rs,54,84,1
system_commands{name="lod::scene::refresh::sync::chunk::begin::begin_chunk_lod_fulfill<chico_vegetation_components::ComponentsOnly<chico_sbs_trees::northern_conifer::NorthernConifer>>"},/Users/l-monninger/.cargo/registry/src/index.crates.io-1949cf8c6b5b557f/bevy_ecs-0.19.0/src/system/function_system.rs,54,84,1
system_commands{name="lod::scene::refresh::sync::chunk::begin::begin_chunk_lod_fulfill<chico_vegetation_components::ComponentsOnly<chico_vegetation_components::placed_vegetation::PlacedVegetation<chico_sbs_trees::honu_banyan::HonuBanyan>>>"},/Users/l-monninger/.cargo/registry/src/index.crates.io-1949cf8c6b5b557f/bevy_ecs-0.19.0/src/system/function_system.rs,54,84,1
system_commands{name="bevy_pbr::volumetric_fog::render::prepare_volumetric_fog_pipelines"},/Users/l-monninger/.cargo/registry/src/index.crates.io-1949cf8c6b5b557f/bevy_ecs-0.19.0/src/system/function_system.rs,54,84,1
system_commands{name="bevy_ui_render::debug_overlay::extract_debug_overlay"},/Users/l-monninger/.cargo/registry/src/index.crates.io-1949cf8c6b5b557f/bevy_ecs-0.19.0/src/system/function_system.rs,54,84,1
system_commands{name="bevy_sprite_render::sprite_mesh::add_mesh"},/Users/l-monninger/.cargo/registry/src/index.crates.io-1949cf8c6b5b557f/bevy_ecs-0.19.0/src/system/function_system.rs,54,84,1
system_commands{name="bevy_pbr::transmission::texture::prepare_core_3d_transmission_textures"},/Users/l-monninger/.cargo/registry/src/index.crates.io-1949cf8c6b5b557f/bevy_ecs-0.19.0/src/system/function_system.rs,54,84,1
system_commands{name="lod::scene::refresh::cull_regions::enqueue::produce_lod_cull_for_region<lod_avian::AvianLodSceneRegionIndex<'_, '_, chico_groves::tropical_undergrowth::vc::TropicalUndergrowth>, chico_sbs_trees_playground::vegetation_lod::VegetationCull, chico_groves::tropical_undergrowth::vc::TropicalUndergrowth, bevy_ecs::query::filter::With<bevy_camera::camera::Camera>>"},/Users/l-monninger/.cargo/registry/src/index.crates.io-1949cf8c6b5b557f/bevy_ecs-0.19.0/src/system/function_system.rs,54,84,1
system_commands{name="lod::scene::refresh::sync::chunk::begin::begin_chunk_lod_fulfill<chico_groves::wandering_acacia::vc::WanderingAcacia>"},/Users/l-monninger/.cargo/registry/src/index.crates.io-1949cf8c6b5b557f/bevy_ecs-0.19.0/src/system/function_system.rs,54,84,1
system_commands{name="bevy_render::view::window::screenshot::trigger_screenshots"},/Users/l-monninger/.cargo/registry/src/index.crates.io-1949cf8c6b5b557f/bevy_ecs-0.19.0/src/system/function_system.rs,54,84,1
check_conditions{name="avian3d::dynamics::solver::islands::sleeping::wake_on_changed"},/Users/l-monninger/.cargo/registry/src/index.crates.io-1949cf8c6b5b557f/bevy_ecs-0.19.0/src/schedule/executor/single_threaded.rs,77,84,1
system_commands{name="avian3d::dynamics::rigid_body::mass_properties::queue_mass_recomputation_on_mass_change"},/Users/l-monninger/.cargo/registry/src/index.crates.io-1949cf8c6b5b557f/bevy_ecs-0.19.0/src/system/function_system.rs,54,84,1
system_commands{name="bevy_post_process::bloom::downsampling_pipeline::prepare_downsampling_pipeline"},/Users/l-monninger/.cargo/registry/src/index.crates.io-1949cf8c6b5b557f/bevy_ecs-0.19.0/src/system/function_system.rs,54,84,1
system_commands{name="lod::scene::refresh::cull_regions::enqueue::produce_lod_cull_for_region<lod_avian::AvianLodSceneRegionIndex<'_, '_, chico_vegetation_components::FlattenedComponentsOnly<chico_vegetation_components::placed_vegetation::PlacedVegetation<chico_sbs_trees::storybook_tree::StorybookTree>>>, chico_sbs_trees_playground::vegetation_lod::VegetationCull, chico_vegetation_components::FlattenedComponentsOnly<chico_vegetation_components::placed_vegetation::PlacedVegetation<chico_sbs_trees::storybook_tree::StorybookTree>>, bevy_ecs::query::filter::With<bevy_camera::camera::Camera>>"},/Users/l-monninger/.cargo/registry/src/index.crates.io-1949cf8c6b5b557f/bevy_ecs-0.19.0/src/system/function_system.rs,54,84,1
system_commands{name="bevy_core_pipeline::skybox::prepare_skybox_bind_groups"},/Users/l-monninger/.cargo/registry/src/index.crates.io-1949cf8c6b5b557f/bevy_ecs-0.19.0/src/system/function_system.rs,54,84,1
system_commands{name="bevy_time::delayed_commands::check_delayed_command_queues"},/Users/l-monninger/.cargo/registry/src/index.crates.io-1949cf8c6b5b557f/bevy_ecs-0.19.0/src/system/function_system.rs,54,84,1
system_commands{name="lod::scene::refresh::sync::chunk::begin::begin_chunk_lod_fulfill<chico_vegetation_components::ComponentsOnly<chico_groves::common_tufts::vc::CommonTufts>>"},/Users/l-monninger/.cargo/registry/src/index.crates.io-1949cf8c6b5b557f/bevy_ecs-0.19.0/src/system/function_system.rs,54,84,1
check_conditions{name="avian3d::dynamics::solver::xpbd::plugin::writeback_joint_forces<avian3d::dynamics::joints::distance::DistanceJoint>"},/Users/l-monninger/.cargo/registry/src/index.crates.io-1949cf8c6b5b557f/bevy_ecs-0.19.0/src/schedule/executor/single_threaded.rs,77,84,1
system_commands{name="lod::scene::refresh::cull_regions::enqueue::produce_lod_cull_for_region<lod_avian::AvianLodSceneRegionIndex<'_, '_, chico_vegetation_components::foliage::node::FoliageNode>, chico_sbs_trees_playground::vegetation_lod::VegetationCull, chico_vegetation_components::foliage::node::FoliageNode, bevy_ecs::query::filter::With<bevy_camera::camera::Camera>>"},/Users/l-monninger/.cargo/registry/src/index.crates.io-1949cf8c6b5b557f/bevy_ecs-0.19.0/src/system/function_system.rs,54,84,1
system_commands{name="lod::scene::bounds_patch::patch_scene_bounds<chico_groves::dryland::vc::Dryland, lod_avian::AvianLodSceneBoundsMarshaller>"},/Users/l-monninger/.cargo/registry/src/index.crates.io-1949cf8c6b5b557f/bevy_ecs-0.19.0/src/system/function_system.rs,54,84,1
system_commands{name="bevy_pbr::atmosphere::resources::prepare_atmosphere_uniforms"},/Users/l-monninger/.cargo/registry/src/index.crates.io-1949cf8c6b5b557f/bevy_ecs-0.19.0/src/system/function_system.rs,54,84,1
system_commands{name="lod::scene::refresh::sync::chunk::begin::begin_chunk_lod_fulfill<chico_groves::jungle_massives::vc::JungleMassives>"},/Users/l-monninger/.cargo/registry/src/index.crates.io-1949cf8c6b5b557f/bevy_ecs-0.19.0/src/system/function_system.rs,54,84,1
check_conditions{name="bevy_gizmos::end_gizmo_context<bevy_gizmos::aabb::AabbGizmoConfigGroup, bevy_time::fixed::Fixed>"},/Users/l-monninger/.cargo/registry/src/index.crates.io-1949cf8c6b5b557f/bevy_ecs-0.19.0/src/schedule/executor/single_threaded.rs,77,84,1
system_commands{name="lod::scene::bounds_patch::patch_scene_bounds<chico_vegetation_components::ComponentsOnly<chico_sbs_trees::sopes_banyan::SopesBanyan>, lod_avian::AvianLodSceneBoundsMarshaller>"},/Users/l-monninger/.cargo/registry/src/index.crates.io-1949cf8c6b5b557f/bevy_ecs-0.19.0/src/system/function_system.rs,54,84,1
system_commands{name="chico_sbs_trees_playground::render::sync_render"},/Users/l-monninger/.cargo/registry/src/index.crates.io-1949cf8c6b5b557f/bevy_ecs-0.19.0/src/system/function_system.rs,54,84,1
system_commands{name="bevy_render::extract_resource::extract_resource<bevy_light::cluster::GlobalClusterSettings, bevy_pbr::cluster::gpu::GpuClusteringPlugin>"},/Users/l-monninger/.cargo/registry/src/index.crates.io-1949cf8c6b5b557f/bevy_ecs-0.19.0/src/system/function_system.rs,54,84,1
system_commands{name="bevy_animation::trigger_untargeted_animation_events"},/Users/l-monninger/.cargo/registry/src/index.crates.io-1949cf8c6b5b557f/bevy_ecs-0.19.0/src/system/function_system.rs,54,84,1
system_commands{name="lod::scene::bounds_patch::patch_scene_bounds<chico_vegetation_components::ComponentsOnly<chico_sbs_trees::northern_conifer::NorthernConifer>, lod_avian::AvianLodSceneBoundsMarshaller>"},/Users/l-monninger/.cargo/registry/src/index.crates.io-1949cf8c6b5b557f/bevy_ecs-0.19.0/src/system/function_system.rs,54,84,1
system_commands{name="bevy_ui_render::text::extract_preedit_underlines"},/Users/l-monninger/.cargo/registry/src/index.crates.io-1949cf8c6b5b557f/bevy_ecs-0.19.0/src/system/function_system.rs,54,84,1
system_commands{name="lod::scene::refresh::sync::chunk::begin::begin_chunk_lod_fulfill<chico_groves::vineyard::vc::Vineyard>"},/Users/l-monninger/.cargo/registry/src/index.crates.io-1949cf8c6b5b557f/bevy_ecs-0.19.0/src/system/function_system.rs,54,84,1
system_commands{name="lod::scene::bounds_patch::patch_scene_bounds<chico_vegetation_components::FlattenedComponentsOnly<chico_vegetation_components::placed_vegetation::PlacedVegetation<alloc::sync::Arc<chico_sbs_trees::penmarch_torch::PenmarchTorch>>>, lod_avian::AvianLodSceneBoundsMarshaller>"},/Users/l-monninger/.cargo/registry/src/index.crates.io-1949cf8c6b5b557f/bevy_ecs-0.19.0/src/system/function_system.rs,54,84,1
RenderContextState::apply{system=bevy_pbr::light_probe::generate::filtering_system},/Users/l-monninger/.cargo/registry/src/index.crates.io-1949cf8c6b5b557f/bevy_render-0.19.0/src/renderer/render_context.rs,110,84,1
system_commands{name="lod::scene::bounds_patch::patch_scene_bounds<chico_groves::leeward::vc::Leeward, lod_avian::AvianLodSceneBoundsMarshaller>"},/Users/l-monninger/.cargo/registry/src/index.crates.io-1949cf8c6b5b557f/bevy_ecs-0.19.0/src/system/function_system.rs,54,84,1
check_conditions{name="avian3d::collision::collider::collider_transform::plugin::update_child_collider_position"},/Users/l-monninger/.cargo/registry/src/index.crates.io-1949cf8c6b5b557f/bevy_ecs-0.19.0/src/schedule/executor/single_threaded.rs,77,84,1
check_conditions{name="avian3d::dynamics::solver::schedule::run_substep_schedule"},/Users/l-monninger/.cargo/registry/src/index.crates.io-1949cf8c6b5b557f/bevy_ecs-0.19.0/src/schedule/executor/single_threaded.rs,77,84,1
system_commands{name="bevy_picking::hover::update_interactions"},/Users/l-monninger/.cargo/registry/src/index.crates.io-1949cf8c6b5b557f/bevy_ecs-0.19.0/src/system/function_system.rs,54,84,1
system_commands{name="bevy_pbr::light_probe::generate::prepare_generated_environment_map_intermediate_textures"},/Users/l-monninger/.cargo/registry/src/index.crates.io-1949cf8c6b5b557f/bevy_ecs-0.19.0/src/system/function_system.rs,54,84,1
system_commands{name="bevy_pbr::atmosphere::resources::prepare_atmosphere_textures"},/Users/l-monninger/.cargo/registry/src/index.crates.io-1949cf8c6b5b557f/bevy_ecs-0.19.0/src/system/function_system.rs,54,84,1
system_commands{name="lod::scene::refresh::cull_regions::enqueue::produce_lod_cull_for_region<lod_avian::AvianLodSceneRegionIndex<'_, '_, chico_vegetation_components::ComponentsOnly<chico_sbs_trees::palm_crown::PalmCrown>>, chico_sbs_trees_playground::vegetation_lod::VegetationCull, chico_vegetation_components::ComponentsOnly<chico_sbs_trees::palm_crown::PalmCrown>, bevy_ecs::query::filter::With<bevy_camera::camera::Camera>>"},/Users/l-monninger/.cargo/registry/src/index.crates.io-1949cf8c6b5b557f/bevy_ecs-0.19.0/src/system/function_system.rs,54,84,1
system_commands{name="bevy_pbr::atmosphere::environment::prepare_probe_textures"},/Users/l-monninger/.cargo/registry/src/index.crates.io-1949cf8c6b5b557f/bevy_ecs-0.19.0/src/system/function_system.rs,54,84,1
system_commands{name="lod::scene::bounds_patch::patch_scene_bounds<chico_vegetation_components::ComponentsOnly<chico_groves::wild_grass::vc::WildGrass>, lod_avian::AvianLodSceneBoundsMarshaller>"},/Users/l-monninger/.cargo/registry/src/index.crates.io-1949cf8c6b5b557f/bevy_ecs-0.19.0/src/system/function_system.rs,54,84,1
system_commands{name="bevy_anti_alias::smaa::prepare_smaa_pipelines"},/Users/l-monninger/.cargo/registry/src/index.crates.io-1949cf8c6b5b557f/bevy_ecs-0.19.0/src/system/function_system.rs,54,84,1
check_conditions{name="avian3d::dynamics::solver::xpbd::plugin::prepare_xpbd_joint<avian3d::dynamics::joints::revolute::RevoluteJoint>"},/Users/l-monninger/.cargo/registry/src/index.crates.io-1949cf8c6b5b557f/bevy_ecs-0.19.0/src/schedule/executor/single_threaded.rs,77,84,1
system_commands{name="lod::scene::refresh::sync::chunk::begin::begin_chunk_lod_fulfill<chico_vegetation_components::ComponentsOnly<chico_groves::tall_grass::vc::TallGrass>>"},/Users/l-monninger/.cargo/registry/src/index.crates.io-1949cf8c6b5b557f/bevy_ecs-0.19.0/src/system/function_system.rs,54,84,1
system{name="bevy_asset::assets::Assets<bevy_scene::scene_patch::SceneListPatch>::asset_events_condition"},/Users/l-monninger/.cargo/registry/src/index.crates.io-1949cf8c6b5b557f/bevy_ecs-0.19.0/src/system/function_system.rs,52,84,1
system_commands{name="avian3d::dynamics::solver::joint_graph::plugin::on_change_joint_entities<avian3d::dynamics::joints::fixed::FixedJoint>"},/Users/l-monninger/.cargo/registry/src/index.crates.io-1949cf8c6b5b557f/bevy_ecs-0.19.0/src/system/function_system.rs,54,84,1
system_commands{name="lod::scene::bounds_patch::patch_scene_bounds<chico_vegetation_components::ComponentsOnly<chico_groves::monster_grass::vc::MonsterGrass>, lod_avian::AvianLodSceneBoundsMarshaller>"},/Users/l-monninger/.cargo/registry/src/index.crates.io-1949cf8c6b5b557f/bevy_ecs-0.19.0/src/system/function_system.rs,54,84,1
system_commands{name="bevy_pbr::contact_shadows::prepare_contact_shadows_settings"},/Users/l-monninger/.cargo/registry/src/index.crates.io-1949cf8c6b5b557f/bevy_ecs-0.19.0/src/system/function_system.rs,54,84,1
system_commands{name="lod::scene::bounds_patch::patch_scene_bounds<chico_groves::low_bush::vc::LowBush, lod_avian::AvianLodSceneBoundsMarshaller>"},/Users/l-monninger/.cargo/registry/src/index.crates.io-1949cf8c6b5b557f/bevy_ecs-0.19.0/src/system/function_system.rs,54,84,1
system_commands{name="bevy_post_process::dof::extract_depth_of_field_settings"},/Users/l-monninger/.cargo/registry/src/index.crates.io-1949cf8c6b5b557f/bevy_ecs-0.19.0/src/system/function_system.rs,54,83,1
system_commands{name="bevy_render::extract_resource::extract_resource<bevy_gizmos_render::LineGizmoEntities, ()>"},/Users/l-monninger/.cargo/registry/src/index.crates.io-1949cf8c6b5b557f/bevy_ecs-0.19.0/src/system/function_system.rs,54,83,1
RenderContextState::apply{system=bevy_pbr::deferred::deferred_lighting},/Users/l-monninger/.cargo/registry/src/index.crates.io-1949cf8c6b5b557f/bevy_render-0.19.0/src/renderer/render_context.rs,110,83,1
system_commands{name="lod::scene::refresh::sync::chunk::begin::begin_chunk_lod_fulfill<chico_vegetation_components::FlattenedComponentsOnly<chico_vegetation_components::placed_vegetation::PlacedVegetation<chico_sbs_trees::storybook_tree::StorybookTree>>>"},/Users/l-monninger/.cargo/registry/src/index.crates.io-1949cf8c6b5b557f/bevy_ecs-0.19.0/src/system/function_system.rs,54,83,1
system_commands{name="lod::scene::refresh::sync::chunk::resume::cancel_unstarted_cull_for_desired_pending_roots"},/Users/l-monninger/.cargo/registry/src/index.crates.io-1949cf8c6b5b557f/bevy_ecs-0.19.0/src/system/function_system.rs,54,83,1
system_commands{name="lod::scene::refresh::cull_regions::enqueue::produce_lod_cull_for_region<lod_avian::AvianLodSceneRegionIndex<'_, '_, chico_groves::dryland::vc::Dryland>, chico_sbs_trees_playground::vegetation_lod::VegetationCull, chico_groves::dryland::vc::Dryland, bevy_ecs::query::filter::With<bevy_camera::camera::Camera>>"},/Users/l-monninger/.cargo/registry/src/index.crates.io-1949cf8c6b5b557f/bevy_ecs-0.19.0/src/system/function_system.rs,54,83,1
system_commands{name="bevy_ui::widget::viewport::viewport_picking"},/Users/l-monninger/.cargo/registry/src/index.crates.io-1949cf8c6b5b557f/bevy_ecs-0.19.0/src/system/function_system.rs,54,83,1
check_conditions{name="avian3d::collider_tree::optimization::optimize_trees"},/Users/l-monninger/.cargo/registry/src/index.crates.io-1949cf8c6b5b557f/bevy_ecs-0.19.0/src/schedule/executor/single_threaded.rs,77,83,1
system_commands{name="lod::scene::bounds_patch::patch_scene_bounds<chico_vegetation_components::ComponentsOnly<chico_sbs_trees::honu_banyan::HonuBanyan>, lod_avian::AvianLodSceneBoundsMarshaller>"},/Users/l-monninger/.cargo/registry/src/index.crates.io-1949cf8c6b5b557f/bevy_ecs-0.19.0/src/system/function_system.rs,54,83,1
system_commands{name="bevy_camera::visibility::calculate_bounds"},/Users/l-monninger/.cargo/registry/src/index.crates.io-1949cf8c6b5b557f/bevy_ecs-0.19.0/src/system/function_system.rs,54,83,1
system_commands{name="lod::scene::bounds_patch::patch_scene_bounds<chico_groves::spotty_bushes::vc::SpottyBushes, lod_avian::AvianLodSceneBoundsMarshaller>"},/Users/l-monninger/.cargo/registry/src/index.crates.io-1949cf8c6b5b557f/bevy_ecs-0.19.0/src/system/function_system.rs,54,83,1
system_commands{name="lod::scene::refresh::sync::chunk::begin::begin_chunk_lod_fulfill<chico_groves::strange_oasis::vc::StrangeOasis>"},/Users/l-monninger/.cargo/registry/src/index.crates.io-1949cf8c6b5b557f/bevy_ecs-0.19.0/src/system/function_system.rs,54,83,1
check_conditions{name="avian3d::dynamics::rigid_body::forces::plugin::apply_constant_angular_acceleration"},/Users/l-monninger/.cargo/registry/src/index.crates.io-1949cf8c6b5b557f/bevy_ecs-0.19.0/src/schedule/executor/single_threaded.rs,77,83,1
system_commands{name="lod::scene::bounds_patch::patch_scene_bounds<chico_vegetation_components::ComponentsOnly<chico_sbs_trees::liams_conifer::LiamsConifer>, lod_avian::AvianLodSceneBoundsMarshaller>"},/Users/l-monninger/.cargo/registry/src/index.crates.io-1949cf8c6b5b557f/bevy_ecs-0.19.0/src/system/function_system.rs,54,83,1
check_conditions{name="avian3d::dynamics::joints::fixed::update_local_frames"},/Users/l-monninger/.cargo/registry/src/index.crates.io-1949cf8c6b5b557f/bevy_ecs-0.19.0/src/schedule/executor/single_threaded.rs,77,83,1
system_commands{name="bevy_anti_alias::taa::prepare_taa_pipelines"},/Users/l-monninger/.cargo/registry/src/index.crates.io-1949cf8c6b5b557f/bevy_ecs-0.19.0/src/system/function_system.rs,54,83,1
system_commands{name="lod::scene::bounds_patch::patch_scene_bounds<chico_groves::orchard::vc::Orchard, lod_avian::AvianLodSceneBoundsMarshaller>"},/Users/l-monninger/.cargo/registry/src/index.crates.io-1949cf8c6b5b557f/bevy_ecs-0.19.0/src/system/function_system.rs,54,83,1
system_commands{name="render_item::mesh::handle::enforce_caching<sdf_common::noisy::NoisySurface<sdf_common::cylinder::TaperedCylinder>, chico_vegetation_shaders::chico_stick_material::ChicoStickMaterial>"},/Users/l-monninger/.cargo/registry/src/index.crates.io-1949cf8c6b5b557f/bevy_ecs-0.19.0/src/system/function_system.rs,54,83,1
system_commands{name="lod::scene::bounds_patch::patch_scene_bounds<chico_groves::jungle_lower_massives::vc::JungleLowerMassives, lod_avian::AvianLodSceneBoundsMarshaller>"},/Users/l-monninger/.cargo/registry/src/index.crates.io-1949cf8c6b5b557f/bevy_ecs-0.19.0/src/system/function_system.rs,54,83,1
system_commands{name="lod::scene::refresh::sync::chunk::begin::begin_chunk_lod_fulfill<chico_vegetation_components::ComponentsOnly<chico_vegetation_components::placed_vegetation::PlacedVegetation<chico_sbs_trees::tuft_patch::TuftPatch>>>"},/Users/l-monninger/.cargo/registry/src/index.crates.io-1949cf8c6b5b557f/bevy_ecs-0.19.0/src/system/function_system.rs,54,83,1
system_commands{name="bevy_pbr::ssr::prepare_ssr_pipelines"},/Users/l-monninger/.cargo/registry/src/index.crates.io-1949cf8c6b5b557f/bevy_ecs-0.19.0/src/system/function_system.rs,54,83,1
system_commands{name="bevy_pbr::cluster::extract_clusters_for_cpu_clustering"},/Users/l-monninger/.cargo/registry/src/index.crates.io-1949cf8c6b5b557f/bevy_ecs-0.19.0/src/system/function_system.rs,54,83,1
system_commands{name="bevy_light::point_light::update_point_light_bounding_spheres"},/Users/l-monninger/.cargo/registry/src/index.crates.io-1949cf8c6b5b557f/bevy_ecs-0.19.0/src/system/function_system.rs,54,83,1
system_commands{name="scene_ref::fulfill::fulfill_scene_ref_roots"},/Users/l-monninger/.cargo/registry/src/index.crates.io-1949cf8c6b5b557f/bevy_ecs-0.19.0/src/system/function_system.rs,54,83,1
system_commands{name="lod::scene::refresh::cull_regions::enqueue::produce_lod_cull_for_region<lod_avian::AvianLodSceneRegionIndex<'_, '_, chico_vegetation_components::ComponentsOnly<chico_vegetation_components::placed_vegetation::PlacedVegetation<chico_sbs_trees::date_palm::DatePalm>>>, chico_sbs_trees_playground::vegetation_lod::VegetationCull, chico_vegetation_components::ComponentsOnly<chico_vegetation_components::placed_vegetation::PlacedVegetation<chico_sbs_trees::date_palm::DatePalm>>, bevy_ecs::query::filter::With<bevy_camera::camera::Camera>>"},/Users/l-monninger/.cargo/registry/src/index.crates.io-1949cf8c6b5b557f/bevy_ecs-0.19.0/src/system/function_system.rs,54,83,1
system_commands{name="chico_sbs_trees_playground::apply_mesh_stats"},/Users/l-monninger/.cargo/registry/src/index.crates.io-1949cf8c6b5b557f/bevy_ecs-0.19.0/src/system/function_system.rs,54,83,1
system_commands{name="bevy_ui_widgets::menu::menu_on_lose_focus"},/Users/l-monninger/.cargo/registry/src/index.crates.io-1949cf8c6b5b557f/bevy_ecs-0.19.0/src/system/function_system.rs,54,83,1
check_conditions{name="avian3d::dynamics::rigid_body::forces::plugin::apply_constant_local_angular_acceleration"},/Users/l-monninger/.cargo/registry/src/index.crates.io-1949cf8c6b5b557f/bevy_ecs-0.19.0/src/schedule/executor/single_threaded.rs,77,83,1
check_conditions{name="avian3d::dynamics::solver::joint_graph::plugin::on_change_joint_entities<avian3d::dynamics::joints::fixed::FixedJoint>"},/Users/l-monninger/.cargo/registry/src/index.crates.io-1949cf8c6b5b557f/bevy_ecs-0.19.0/src/schedule/executor/single_threaded.rs,77,83,1
system_commands{name="game_commands::command::capture_command_line_input<chico_sbs_trees_playground::commands::PlaygroundCommand>"},/Users/l-monninger/.cargo/registry/src/index.crates.io-1949cf8c6b5b557f/bevy_ecs-0.19.0/src/system/function_system.rs,54,83,1
system_commands{name="lod::scene::refresh::sync::chunk::begin::begin_chunk_lod_fulfill<chico_groves::jerrys_chaparral::vc::JerrysChaparral>"},/Users/l-monninger/.cargo/registry/src/index.crates.io-1949cf8c6b5b557f/bevy_ecs-0.19.0/src/system/function_system.rs,54,83,1
system_commands{name="bevy_ui_render::extract_uinode_borders"},/Users/l-monninger/.cargo/registry/src/index.crates.io-1949cf8c6b5b557f/bevy_ecs-0.19.0/src/system/function_system.rs,54,83,1
system_commands{name="bevy_gilrs::gilrs_system::gilrs_event_system"},/Users/l-monninger/.cargo/registry/src/index.crates.io-1949cf8c6b5b557f/bevy_ecs-0.19.0/src/system/function_system.rs,54,83,1
system_commands{name="lod::scene::refresh::cull_regions::enqueue::produce_lod_cull_for_region<lod_avian::AvianLodSceneRegionIndex<'_, '_, chico_groves::temperate_massives::vc::TemperateMassives>, chico_sbs_trees_playground::vegetation_lod::VegetationCull, chico_groves::temperate_massives::vc::TemperateMassives, bevy_ecs::query::filter::With<bevy_camera::camera::Camera>>"},/Users/l-monninger/.cargo/registry/src/index.crates.io-1949cf8c6b5b557f/bevy_ecs-0.19.0/src/system/function_system.rs,54,83,1
system_commands{name="lod::scene::bounds_patch::patch_scene_bounds<chico_groves::shamanhome::vc::Shamanhome, lod_avian::AvianLodSceneBoundsMarshaller>"},/Users/l-monninger/.cargo/registry/src/index.crates.io-1949cf8c6b5b557f/bevy_ecs-0.19.0/src/system/function_system.rs,54,83,1
system_commands{name="lod::scene::refresh::cull_regions::enqueue::produce_lod_cull_for_region<lod_avian::AvianLodSceneRegionIndex<'_, '_, chico_vegetation_components::ComponentsOnly<chico_sbs_trees::friends_conifer::FriendsConifer>>, chico_sbs_trees_playground::vegetation_lod::VegetationCull, chico_vegetation_components::ComponentsOnly<chico_sbs_trees::friends_conifer::FriendsConifer>, bevy_ecs::query::filter::With<bevy_camera::camera::Camera>>"},/Users/l-monninger/.cargo/registry/src/index.crates.io-1949cf8c6b5b557f/bevy_ecs-0.19.0/src/system/function_system.rs,54,83,1
system{name="avian3d::dynamics::rigid_body::forces::plugin::apply_constant_local_angular_acceleration"},/Users/l-monninger/.cargo/registry/src/index.crates.io-1949cf8c6b5b557f/bevy_ecs-0.19.0/src/system/function_system.rs,52,83,1
system_commands{name="bevy_picking::input::touch_pick_events"},/Users/l-monninger/.cargo/registry/src/index.crates.io-1949cf8c6b5b557f/bevy_ecs-0.19.0/src/system/function_system.rs,54,83,1
system_commands{name="bevy_post_process::dof::prepare_depth_of_field_pipelines"},/Users/l-monninger/.cargo/registry/src/index.crates.io-1949cf8c6b5b557f/bevy_ecs-0.19.0/src/system/function_system.rs,54,83,1
system_commands{name="render_item::mesh::handle::enforce_caching<sdf_common::noisy::NoisySurface<sdf_common::ball::Ball>, chico_vegetation_shaders::chico_stick_material::ChicoStickMaterial>"},/Users/l-monninger/.cargo/registry/src/index.crates.io-1949cf8c6b5b557f/bevy_ecs-0.19.0/src/system/function_system.rs,54,83,1
check_conditions{name="<avian3d::collider_tree::diagnostics::ColliderTreeDiagnostics as avian3d::diagnostics::PhysicsDiagnostics>::reset"},/Users/l-monninger/.cargo/registry/src/index.crates.io-1949cf8c6b5b557f/bevy_ecs-0.19.0/src/schedule/executor/single_threaded.rs,77,83,1
system_commands{name="lod::scene::refresh::cull_regions::enqueue::produce_lod_cull_for_region<lod_avian::AvianLodSceneRegionIndex<'_, '_, chico_vegetation_components::ComponentsOnly<chico_sbs_trees::braid_oak_tree::BraidOakTree>>, chico_sbs_trees_playground::vegetation_lod::VegetationCull, chico_vegetation_components::ComponentsOnly<chico_sbs_trees::braid_oak_tree::BraidOakTree>, bevy_ecs::query::filter::With<bevy_camera::camera::Camera>>"},/Users/l-monninger/.cargo/registry/src/index.crates.io-1949cf8c6b5b557f/bevy_ecs-0.19.0/src/system/function_system.rs,54,83,1
system_commands{name="bevy_render::uniform::prepare_uniform_components<bevy_pbr::atmosphere::resources::GpuAtmosphere>"},/Users/l-monninger/.cargo/registry/src/index.crates.io-1949cf8c6b5b557f/bevy_ecs-0.19.0/src/system/function_system.rs,54,83,1
system_commands{name="lod::scene::refresh::sync::chunk::begin::begin_chunk_lod_fulfill<chico_groves::low_bush::vc::LowBush>"},/Users/l-monninger/.cargo/registry/src/index.crates.io-1949cf8c6b5b557f/bevy_ecs-0.19.0/src/system/function_system.rs,54,83,1
system_commands{name="lod::scene::refresh::cull_regions::enqueue::produce_lod_cull_for_region<lod_avian::AvianLodSceneRegionIndex<'_, '_, chico_vegetation_components::ComponentsOnly<chico_vegetation_components::placed_vegetation::PlacedVegetation<chico_sbs_trees::honu_banyan::HonuBanyan>>>, chico_sbs_trees_playground::vegetation_lod::VegetationCull, chico_vegetation_components::ComponentsOnly<chico_vegetation_components::placed_vegetation::PlacedVegetation<chico_sbs_trees::honu_banyan::HonuBanyan>>, bevy_ecs::query::filter::With<bevy_camera::camera::Camera>>"},/Users/l-monninger/.cargo/registry/src/index.crates.io-1949cf8c6b5b557f/bevy_ecs-0.19.0/src/system/function_system.rs,54,83,1
system_commands{name="lod::scene::refresh::sync::chunk::begin::begin_chunk_lod_fulfill<chico_groves::riverine_green::vc::RiverineGreen>"},/Users/l-monninger/.cargo/registry/src/index.crates.io-1949cf8c6b5b557f/bevy_ecs-0.19.0/src/system/function_system.rs,54,83,1
main_transmissive_pass_3d,/Users/l-monninger/.cargo/registry/src/index.crates.io-1949cf8c6b5b557f/bevy_pbr-0.19.0/src/transmission/node.rs,55,83,1
check_conditions{name="avian3d::dynamics::solver::xpbd::plugin::writeback_joint_forces<avian3d::dynamics::joints::revolute::RevoluteJoint>"},/Users/l-monninger/.cargo/registry/src/index.crates.io-1949cf8c6b5b557f/bevy_ecs-0.19.0/src/schedule/executor/single_threaded.rs,77,83,1
check_conditions{name="avian3d::collision::narrow_phase::trigger_collision_events"},/Users/l-monninger/.cargo/registry/src/index.crates.io-1949cf8c6b5b557f/bevy_ecs-0.19.0/src/schedule/executor/single_threaded.rs,77,83,1
system_commands{name="lod::scene::bounds_patch::patch_scene_bounds<chico_vegetation_components::ComponentsOnly<chico_groves::tropical_tufts::vc::TropicalTufts>, lod_avian::AvianLodSceneBoundsMarshaller>"},/Users/l-monninger/.cargo/registry/src/index.crates.io-1949cf8c6b5b557f/bevy_ecs-0.19.0/src/system/function_system.rs,54,83,1
system_commands{name="bevy_pbr::ssao::extract_ssao_settings"},/Users/l-monninger/.cargo/registry/src/index.crates.io-1949cf8c6b5b557f/bevy_ecs-0.19.0/src/system/function_system.rs,54,83,1
system_commands{name="lod::scene::refresh::cull_regions::enqueue::produce_lod_cull_for_region<lod_avian::AvianLodSceneRegionIndex<'_, '_, chico_vegetation_components::ComponentsOnly<chico_vegetation_components::placed_vegetation::PlacedVegetation<chico_sbs_trees::penmarch_torch::PenmarchTorch>>>, chico_sbs_trees_playground::vegetation_lod::VegetationCull, chico_vegetation_components::ComponentsOnly<chico_vegetation_components::placed_vegetation::PlacedVegetation<chico_sbs_trees::penmarch_torch::PenmarchTorch>>, bevy_ecs::query::filter::With<bevy_camera::camera::Camera>>"},/Users/l-monninger/.cargo/registry/src/index.crates.io-1949cf8c6b5b557f/bevy_ecs-0.19.0/src/system/function_system.rs,54,83,1
system_commands{name="lod::scene::refresh::cull_regions::enqueue::produce_lod_cull_for_region<lod_avian::AvianLodSceneRegionIndex<'_, '_, chico_groves::levantine_scrub::vc::LevantineScrub>, chico_sbs_trees_playground::vegetation_lod::VegetationCull, chico_groves::levantine_scrub::vc::LevantineScrub, bevy_ecs::query::filter::With<bevy_camera::camera::Camera>>"},/Users/l-monninger/.cargo/registry/src/index.crates.io-1949cf8c6b5b557f/bevy_ecs-0.19.0/src/system/function_system.rs,54,83,1
system_commands{name="lod::scene::bounds_patch::patch_scene_bounds<chico_vegetation_components::ComponentsOnly<chico_vegetation_components::placed_vegetation::PlacedVegetation<chico_sbs_trees::penmarch_torch::PenmarchTorch>>, lod_avian::AvianLodSceneBoundsMarshaller>"},/Users/l-monninger/.cargo/registry/src/index.crates.io-1949cf8c6b5b557f/bevy_ecs-0.19.0/src/system/function_system.rs,54,83,1
system_commands{name="lod::scene::refresh::cull_regions::enqueue::produce_lod_cull_for_region<lod_avian::AvianLodSceneRegionIndex<'_, '_, chico_groves::wandering_acacia::vc::WanderingAcacia>, chico_sbs_trees_playground::vegetation_lod::VegetationCull, chico_groves::wandering_acacia::vc::WanderingAcacia, bevy_ecs::query::filter::With<bevy_camera::camera::Camera>>"},/Users/l-monninger/.cargo/registry/src/index.crates.io-1949cf8c6b5b557f/bevy_ecs-0.19.0/src/system/function_system.rs,54,83,1
system{name="bevy_asset::assets::Assets<bevy_scene::scene_patch::ScenePatch>::asset_events_condition"},/Users/l-monninger/.cargo/registry/src/index.crates.io-1949cf8c6b5b557f/bevy_ecs-0.19.0/src/system/function_system.rs,52,83,1
check_conditions{name="avian3d::dynamics::rigid_body::forces::plugin::apply_constant_local_forces"},/Users/l-monninger/.cargo/registry/src/index.crates.io-1949cf8c6b5b557f/bevy_ecs-0.19.0/src/schedule/executor/single_threaded.rs,77,83,1
system_commands{name="lod::scene::refresh::sync::cull::apply_lod_cull_requests"},/Users/l-monninger/.cargo/registry/src/index.crates.io-1949cf8c6b5b557f/bevy_ecs-0.19.0/src/system/function_system.rs,54,83,1
system_commands{name="lod::scene::bounds_patch::patch_scene_bounds<chico_vegetation_components::FlattenedComponentsOnly<chico_vegetation_components::placed_vegetation::PlacedVegetation<alloc::sync::Arc<chico_sbs_trees::vase_tree::VaseTree>>>, lod_avian::AvianLodSceneBoundsMarshaller>"},/Users/l-monninger/.cargo/registry/src/index.crates.io-1949cf8c6b5b557f/bevy_ecs-0.19.0/src/system/function_system.rs,54,83,1
system_commands{name="material_ref::fulfill::fulfill_material_ref_roots<chico_sbs_trees_playground::chico_material_lib::ChicoMaterialLib<'_>>"},/Users/l-monninger/.cargo/registry/src/index.crates.io-1949cf8c6b5b557f/bevy_ecs-0.19.0/src/system/function_system.rs,54,83,1
system_commands{name="avian3d::dynamics::solver::joint_graph::plugin::on_change_joint_entities<avian3d::dynamics::joints::revolute::RevoluteJoint>"},/Users/l-monninger/.cargo/registry/src/index.crates.io-1949cf8c6b5b557f/bevy_ecs-0.19.0/src/system/function_system.rs,54,83,1
check_conditions{name="bevy_transform_interpolation::update_last_easing_tick"},/Users/l-monninger/.cargo/registry/src/index.crates.io-1949cf8c6b5b557f/bevy_ecs-0.19.0/src/schedule/executor/single_threaded.rs,77,83,1
system_commands{name="lod::scene::bounds_patch::patch_scene_bounds<chico_groves::riparian_general::vc::RiparianGeneral, lod_avian::AvianLodSceneBoundsMarshaller>"},/Users/l-monninger/.cargo/registry/src/index.crates.io-1949cf8c6b5b557f/bevy_ecs-0.19.0/src/system/function_system.rs,54,83,1
system_commands{name="lod::scene::refresh::sync::chunk::begin::begin_chunk_lod_fulfill<chico_groves::riparian_general::vc::RiparianGeneral>"},/Users/l-monninger/.cargo/registry/src/index.crates.io-1949cf8c6b5b557f/bevy_ecs-0.19.0/src/system/function_system.rs,54,83,1
system_commands{name="bevy_audio::audio_output::play_queued_audio_system<bevy_audio::pitch::Pitch>"},/Users/l-monninger/.cargo/registry/src/index.crates.io-1949cf8c6b5b557f/bevy_ecs-0.19.0/src/system/function_system.rs,54,83,1
system_commands{name="lod::scene::bounds_patch::patch_scene_bounds<chico_vegetation_components::ComponentsOnly<chico_sbs_trees::tuft_patch::TuftPatch>, lod_avian::AvianLodSceneBoundsMarshaller>"},/Users/l-monninger/.cargo/registry/src/index.crates.io-1949cf8c6b5b557f/bevy_ecs-0.19.0/src/system/function_system.rs,54,83,1
system_commands{name="bevy_pbr::atmosphere::environment::prepare_atmosphere_probe_components"},/Users/l-monninger/.cargo/registry/src/index.crates.io-1949cf8c6b5b557f/bevy_ecs-0.19.0/src/system/function_system.rs,54,83,1
check_conditions{name="avian3d::dynamics::solver::solver_body::plugin::writeback_solver_bodies"},/Users/l-monninger/.cargo/registry/src/index.crates.io-1949cf8c6b5b557f/bevy_ecs-0.19.0/src/schedule/executor/single_threaded.rs,77,83,1
system_commands{name="lod::scene::bounds_patch::patch_scene_bounds<chico_groves::wandering_acacia::vc::WanderingAcacia, lod_avian::AvianLodSceneBoundsMarshaller>"},/Users/l-monninger/.cargo/registry/src/index.crates.io-1949cf8c6b5b557f/bevy_ecs-0.19.0/src/system/function_system.rs,54,83,1
system_commands{name="lod::scene::bounds_patch::patch_scene_bounds<chico_vegetation_components::ComponentsOnly<chico_sbs_trees::jungle_storybook_tree::JungleStorybookTree>, lod_avian::AvianLodSceneBoundsMarshaller>"},/Users/l-monninger/.cargo/registry/src/index.crates.io-1949cf8c6b5b557f/bevy_ecs-0.19.0/src/system/function_system.rs,54,83,1
system_commands{name="lod::scene::refresh::cull_regions::enqueue::produce_lod_cull_for_region<lod_avian::AvianLodSceneRegionIndex<'_, '_, chico_vegetation_components::ComponentsOnly<chico_sbs_trees::northern_conifer::NorthernConifer>>, chico_sbs_trees_playground::vegetation_lod::VegetationCull, chico_vegetation_components::ComponentsOnly<chico_sbs_trees::northern_conifer::NorthernConifer>, bevy_ecs::query::filter::With<bevy_camera::camera::Camera>>"},/Users/l-monninger/.cargo/registry/src/index.crates.io-1949cf8c6b5b557f/bevy_ecs-0.19.0/src/system/function_system.rs,54,83,1
system_commands{name="bevy_input_focus::dispatch_focused_input<bevy_input::keyboard::KeyboardInput>"},/Users/l-monninger/.cargo/registry/src/index.crates.io-1949cf8c6b5b557f/bevy_ecs-0.19.0/src/system/function_system.rs,54,83,1
system_commands{name="lod::scene::bounds_patch::patch_scene_bounds<chico_groves::forlorn_savanna::vc::ForlornSavanna, lod_avian::AvianLodSceneBoundsMarshaller>"},/Users/l-monninger/.cargo/registry/src/index.crates.io-1949cf8c6b5b557f/bevy_ecs-0.19.0/src/system/function_system.rs,54,83,1
system_commands{name="lod::scene::bounds_patch::patch_scene_bounds<chico_vegetation_components::FlattenedComponentsOnly<chico_vegetation_components::placed_vegetation::PlacedVegetation<alloc::sync::Arc<chico_sbs_trees::storybook_tree::StorybookTree>>>, lod_avian::AvianLodSceneBoundsMarshaller>"},/Users/l-monninger/.cargo/registry/src/index.crates.io-1949cf8c6b5b557f/bevy_ecs-0.19.0/src/system/function_system.rs,54,83,1
system_commands{name="bevy_winit::system::changed_windows"},/Users/l-monninger/.cargo/registry/src/index.crates.io-1949cf8c6b5b557f/bevy_ecs-0.19.0/src/system/function_system.rs,54,83,1
system_commands{name="lod::scene::refresh::cull_regions::enqueue::produce_lod_cull_for_region<lod_avian::AvianLodSceneRegionIndex<'_, '_, chico_vegetation_components::FlattenedComponentsOnly<chico_vegetation_components::placed_vegetation::PlacedVegetation<alloc::sync::Arc<chico_sbs_trees::penmarch_torch::PenmarchTorch>>>>, chico_sbs_trees_playground::vegetation_lod::VegetationCull, chico_vegetation_components::FlattenedComponentsOnly<chico_vegetation_components::placed_vegetation::PlacedVegetation<alloc::sync::Arc<chico_sbs_trees::penmarch_torch::PenmarchTorch>>>, bevy_ecs::query::filter::With<bevy_camera::camera::Camera>>"},/Users/l-monninger/.cargo/registry/src/index.crates.io-1949cf8c6b5b557f/bevy_ecs-0.19.0/src/system/function_system.rs,54,83,1
system_commands{name="scene_ref::fulfill::fulfill_multi_scene_merge_roots"},/Users/l-monninger/.cargo/registry/src/index.crates.io-1949cf8c6b5b557f/bevy_ecs-0.19.0/src/system/function_system.rs,54,83,1
system_commands{name="lod::scene::refresh::sync::chunk::begin::begin_chunk_lod_fulfill<chico_vegetation_components::ComponentsOnly<chico_sbs_trees::date_palm::DatePalm>>"},/Users/l-monninger/.cargo/registry/src/index.crates.io-1949cf8c6b5b557f/bevy_ecs-0.19.0/src/system/function_system.rs,54,83,1
system_commands{name="lod::scene::bounds_patch::patch_scene_bounds<chico_groves::temperate_lower_massives::vc::TemperateLowerMassives, lod_avian::AvianLodSceneBoundsMarshaller>"},/Users/l-monninger/.cargo/registry/src/index.crates.io-1949cf8c6b5b557f/bevy_ecs-0.19.0/src/system/function_system.rs,54,83,1
system_commands{name="lod::scene::bounds_patch::patch_scene_bounds<chico_groves::jerrys_chaparral::vc::JerrysChaparral, lod_avian::AvianLodSceneBoundsMarshaller>"},/Users/l-monninger/.cargo/registry/src/index.crates.io-1949cf8c6b5b557f/bevy_ecs-0.19.0/src/system/function_system.rs,54,83,1
system{name="bevy_render::batching::sort_binned_render_phase<bevy_core_pipeline::deferred::Opaque3dDeferred>"},/Users/l-monninger/.cargo/registry/src/index.crates.io-1949cf8c6b5b557f/bevy_ecs-0.19.0/src/system/function_system.rs,52,83,1
system_commands{name="bevy_ui_render::gradient::extract_gradients"},/Users/l-monninger/.cargo/registry/src/index.crates.io-1949cf8c6b5b557f/bevy_ecs-0.19.0/src/system/function_system.rs,54,83,1
system_commands{name="lod::scene::refresh::cull_regions::enqueue::produce_lod_cull_for_region<lod_avian::AvianLodSceneRegionIndex<'_, '_, chico_groves::jerrys_chaparral::vc::JerrysChaparral>, chico_sbs_trees_playground::vegetation_lod::VegetationCull, chico_groves::jerrys_chaparral::vc::JerrysChaparral, bevy_ecs::query::filter::With<bevy_camera::camera::Camera>>"},/Users/l-monninger/.cargo/registry/src/index.crates.io-1949cf8c6b5b557f/bevy_ecs-0.19.0/src/system/function_system.rs,54,83,1
system_commands{name="bevy_pbr::render::fog::prepare_fog"},/Users/l-monninger/.cargo/registry/src/index.crates.io-1949cf8c6b5b557f/bevy_ecs-0.19.0/src/system/function_system.rs,54,83,1
system_commands{name="avian3d::dynamics::rigid_body::mass_properties::update_mass_properties"},/Users/l-monninger/.cargo/registry/src/index.crates.io-1949cf8c6b5b557f/bevy_ecs-0.19.0/src/system/function_system.rs,54,83,1
system_commands{name="bevy_post_process::dof::prepare_depth_of_field_view_bind_group_layouts"},/Users/l-monninger/.cargo/registry/src/index.crates.io-1949cf8c6b5b557f/bevy_ecs-0.19.0/src/system/function_system.rs,54,83,1
system_commands{name="chico_vegetation_components::lod_host::inherit_not_shadow_caster_on_meshes"},/Users/l-monninger/.cargo/registry/src/index.crates.io-1949cf8c6b5b557f/bevy_ecs-0.19.0/src/system/function_system.rs,54,83,1
system_commands{name="bevy_pbr::render::skin::no_automatic_skin_batching"},/Users/l-monninger/.cargo/registry/src/index.crates.io-1949cf8c6b5b557f/bevy_ecs-0.19.0/src/system/function_system.rs,54,83,1
RenderContextState::apply{system=bevy_core_pipeline::oit::resolve::node::oit_resolve},/Users/l-monninger/.cargo/registry/src/index.crates.io-1949cf8c6b5b557f/bevy_render-0.19.0/src/renderer/render_context.rs,110,83,1
check_conditions{name="bevy_transform_interpolation::reset_easing_states_on_transform_change"},/Users/l-monninger/.cargo/registry/src/index.crates.io-1949cf8c6b5b557f/bevy_ecs-0.19.0/src/schedule/executor/single_threaded.rs,77,83,1
system_commands{name="bevy_pbr::light_probe::generate::generate_environment_map_light"},/Users/l-monninger/.cargo/registry/src/index.crates.io-1949cf8c6b5b557f/bevy_ecs-0.19.0/src/system/function_system.rs,54,83,1
system_commands{name="lod::scene::refresh::sync::chunk::begin::begin_chunk_lod_fulfill<chico_groves::conifer_sapling::vc::ConiferSapling>"},/Users/l-monninger/.cargo/registry/src/index.crates.io-1949cf8c6b5b557f/bevy_ecs-0.19.0/src/system/function_system.rs,54,83,1
system_commands{name="lod::scene::bounds_patch::patch_scene_bounds<chico_groves::rolling_oaks::vc::RollingOaks, lod_avian::AvianLodSceneBoundsMarshaller>"},/Users/l-monninger/.cargo/registry/src/index.crates.io-1949cf8c6b5b557f/bevy_ecs-0.19.0/src/system/function_system.rs,54,83,1
system_commands{name="bevy_pbr::ssao::prepare_ssao_bind_groups"},/Users/l-monninger/.cargo/registry/src/index.crates.io-1949cf8c6b5b557f/bevy_ecs-0.19.0/src/system/function_system.rs,54,83,1
system_commands{name="lod::scene::bounds_patch::patch_scene_bounds<chico_groves::high_bush::vc::HighBush, lod_avian::AvianLodSceneBoundsMarshaller>"},/Users/l-monninger/.cargo/registry/src/index.crates.io-1949cf8c6b5b557f/bevy_ecs-0.19.0/src/system/function_system.rs,54,83,1
schedule{name=StateTransition},/Users/l-monninger/.cargo/registry/src/index.crates.io-1949cf8c6b5b557f/bevy_ecs-0.19.0/src/schedule/schedule.rs,562,83,1
system_commands{name="lod::scene::bounds_patch::patch_scene_bounds<chico_groves::unending_jungle::vc::UnendingJungle, lod_avian::AvianLodSceneBoundsMarshaller>"},/Users/l-monninger/.cargo/registry/src/index.crates.io-1949cf8c6b5b557f/bevy_ecs-0.19.0/src/system/function_system.rs,54,83,1
check_conditions{name="bevy_transform_interpolation::ease_scale_lerp"},/Users/l-monninger/.cargo/registry/src/index.crates.io-1949cf8c6b5b557f/bevy_ecs-0.19.0/src/schedule/executor/single_threaded.rs,77,83,1
system_commands{name="bevy_window::system::close_when_requested"},/Users/l-monninger/.cargo/registry/src/index.crates.io-1949cf8c6b5b557f/bevy_ecs-0.19.0/src/system/function_system.rs,54,83,1
system_commands{name="lod::scene::refresh::sync::chunk::begin::begin_chunk_lod_fulfill<chico_vegetation_components::ComponentsOnly<chico_sbs_trees::simplemans_hedge::SimplemansHedge>>"},/Users/l-monninger/.cargo/registry/src/index.crates.io-1949cf8c6b5b557f/bevy_ecs-0.19.0/src/system/function_system.rs,54,83,1
system_commands{name="bevy_ui_render::text::extract_text_cursor"},/Users/l-monninger/.cargo/registry/src/index.crates.io-1949cf8c6b5b557f/bevy_ecs-0.19.0/src/system/function_system.rs,54,83,1
system_commands{name="render_item::mesh::handle::enforce_caching<sdf_common::noisy::NoisySurface<sdf_common::ball::Ball>, chico_vegetation_shaders::chico_leaf_material::ChicoLeafMaterial>"},/Users/l-monninger/.cargo/registry/src/index.crates.io-1949cf8c6b5b557f/bevy_ecs-0.19.0/src/system/function_system.rs,54,83,1
system_commands{name="bevy_winit::cursor::update_cursors"},/Users/l-monninger/.cargo/registry/src/index.crates.io-1949cf8c6b5b557f/bevy_ecs-0.19.0/src/system/function_system.rs,54,83,1
system_commands{name="lod::scene::bounds_patch::patch_scene_bounds<chico_vegetation_components::ComponentsOnly<chico_vegetation_components::placed_vegetation::PlacedVegetation<chico_sbs_trees::storybook_tree::StorybookTree>>, lod_avian::AvianLodSceneBoundsMarshaller>"},/Users/l-monninger/.cargo/registry/src/index.crates.io-1949cf8c6b5b557f/bevy_ecs-0.19.0/src/system/function_system.rs,54,83,1
system_commands{name="bevy_pbr::light_probe::generate::prepare_generated_environment_map_bind_groups"},/Users/l-monninger/.cargo/registry/src/index.crates.io-1949cf8c6b5b557f/bevy_ecs-0.19.0/src/system/function_system.rs,54,83,1
system_commands{name="bevy_light::probe::automatically_add_parallax_correction_components"},/Users/l-monninger/.cargo/registry/src/index.crates.io-1949cf8c6b5b557f/bevy_ecs-0.19.0/src/system/function_system.rs,54,83,1
system_commands{name="lod::scene::bounds_patch::patch_scene_bounds<chico_groves::riverine_green::vc::RiverineGreen, lod_avian::AvianLodSceneBoundsMarshaller>"},/Users/l-monninger/.cargo/registry/src/index.crates.io-1949cf8c6b5b557f/bevy_ecs-0.19.0/src/system/function_system.rs,54,83,1
system_commands{name="bevy_pbr::atmosphere::resources::prepare_atmosphere_bind_groups"},/Users/l-monninger/.cargo/registry/src/index.crates.io-1949cf8c6b5b557f/bevy_ecs-0.19.0/src/system/function_system.rs,54,83,1
system_commands{name="lod::scene::bounds_patch::patch_scene_bounds<chico_vegetation_components::ComponentsOnly<chico_sbs_trees::simplemans_hedge::SimplemansHedge>, lod_avian::AvianLodSceneBoundsMarshaller>"},/Users/l-monninger/.cargo/registry/src/index.crates.io-1949cf8c6b5b557f/bevy_ecs-0.19.0/src/system/function_system.rs,54,83,1
system_commands{name="lod::scene::bounds_patch::patch_scene_bounds<chico_vegetation_components::ComponentsOnly<chico_sbs_trees::braid_oak_tree::BraidOakTree>, lod_avian::AvianLodSceneBoundsMarshaller>"},/Users/l-monninger/.cargo/registry/src/index.crates.io-1949cf8c6b5b557f/bevy_ecs-0.19.0/src/system/function_system.rs,54,83,1
check_conditions{name="avian3d::dynamics::solver::xpbd::plugin::warm_start_xpbd_motors<avian3d::dynamics::joints::prismatic::PrismaticJoint>"},/Users/l-monninger/.cargo/registry/src/index.crates.io-1949cf8c6b5b557f/bevy_ecs-0.19.0/src/schedule/executor/single_threaded.rs,77,500,6
check_conditions{name="avian3d::dynamics::solver::plugin::solve_contacts<false>"},/Users/l-monninger/.cargo/registry/src/index.crates.io-1949cf8c6b5b557f/bevy_ecs-0.19.0/src/schedule/executor/single_threaded.rs,77,499,6
system_commands{name="lod::scene::refresh::cull_regions::enqueue::produce_lod_cull_for_region<lod_avian::AvianLodSceneRegionIndex<'_, '_, chico_vegetation_components::ComponentsOnly<chico_sbs_trees::rorys_head_trained::RorysHeadTrained>>, chico_sbs_trees_playground::vegetation_lod::VegetationCull, chico_vegetation_components::ComponentsOnly<chico_sbs_trees::rorys_head_trained::RorysHeadTrained>, bevy_ecs::query::filter::With<bevy_camera::camera::Camera>>"},/Users/l-monninger/.cargo/registry/src/index.crates.io-1949cf8c6b5b557f/bevy_ecs-0.19.0/src/system/function_system.rs,54,83,1
system_commands{name="lod::scene::refresh::sync::chunk::begin::begin_chunk_lod_fulfill<chico_groves::christmas_taiga::vc::ChristmasTaiga>"},/Users/l-monninger/.cargo/registry/src/index.crates.io-1949cf8c6b5b557f/bevy_ecs-0.19.0/src/system/function_system.rs,54,83,1
system_commands{name="lod::scene::refresh::cull_regions::enqueue::produce_lod_cull_for_region<lod_avian::AvianLodSceneRegionIndex<'_, '_, chico_groves::alpine::vc::Alpine>, chico_sbs_trees_playground::vegetation_lod::VegetationCull, chico_groves::alpine::vc::Alpine, bevy_ecs::query::filter::With<bevy_camera::camera::Camera>>"},/Users/l-monninger/.cargo/registry/src/index.crates.io-1949cf8c6b5b557f/bevy_ecs-0.19.0/src/system/function_system.rs,54,83,1
check_conditions{name="<avian3d::dynamics::solver::diagnostics::SolverDiagnostics as avian3d::diagnostics::PhysicsDiagnostics>::reset"},/Users/l-monninger/.cargo/registry/src/index.crates.io-1949cf8c6b5b557f/bevy_ecs-0.19.0/src/schedule/executor/single_threaded.rs,77,83,1
system{name="bevy_app::propagate::update_removed_limit<bevy_ui::ui_node::ComputedUiTargetCamera, (), bevy_ecs::hierarchy::ChildOf>"},/Users/l-monninger/.cargo/registry/src/index.crates.io-1949cf8c6b5b557f/bevy_ecs-0.19.0/src/system/function_system.rs,52,83,1
check_conditions{name="avian3d::interpolation::update_previous_velocity"},/Users/l-monninger/.cargo/registry/src/index.crates.io-1949cf8c6b5b557f/bevy_ecs-0.19.0/src/schedule/executor/single_threaded.rs,77,83,1
check_conditions{name="bevy_gizmos::end_gizmo_context<bevy_gizmos::skinned_mesh_bounds::SkinnedMeshBoundsGizmoConfigGroup, bevy_time::fixed::Fixed>"},/Users/l-monninger/.cargo/registry/src/index.crates.io-1949cf8c6b5b557f/bevy_ecs-0.19.0/src/schedule/executor/single_threaded.rs,77,83,1
system{name="bevy_render::camera::clear_dirty_specializations"},/Users/l-monninger/.cargo/registry/src/index.crates.io-1949cf8c6b5b557f/bevy_ecs-0.19.0/src/system/function_system.rs,52,83,1
RenderContextState::apply{system=bevy_pbr::ssr::screen_space_reflections},/Users/l-monninger/.cargo/registry/src/index.crates.io-1949cf8c6b5b557f/bevy_render-0.19.0/src/renderer/render_context.rs,110,83,1
check_conditions{name="avian3d::dynamics::solver::plugin::update_contact_softness"},/Users/l-monninger/.cargo/registry/src/index.crates.io-1949cf8c6b5b557f/bevy_ecs-0.19.0/src/schedule/executor/single_threaded.rs,77,83,1
system_commands{name="bevy_picking::input::deactivate_touch_pointers"},/Users/l-monninger/.cargo/registry/src/index.crates.io-1949cf8c6b5b557f/bevy_ecs-0.19.0/src/system/function_system.rs,54,83,1
system_commands{name="lod::scene::refresh::sync::chunk::begin::begin_chunk_lod_fulfill<chico_vegetation_components::ComponentsOnly<chico_groves::tropical_tufts::vc::TropicalTufts>>"},/Users/l-monninger/.cargo/registry/src/index.crates.io-1949cf8c6b5b557f/bevy_ecs-0.19.0/src/system/function_system.rs,54,83,1
system_commands{name="lod::scene::refresh::sync::chunk::begin::begin_chunk_lod_fulfill<chico_groves::temperate_lower_massives::vc::TemperateLowerMassives>"},/Users/l-monninger/.cargo/registry/src/index.crates.io-1949cf8c6b5b557f/bevy_ecs-0.19.0/src/system/function_system.rs,54,83,1
system_commands{name="lod::scene::bounds_patch::patch_scene_bounds<chico_groves::temperate_massives::vc::TemperateMassives, lod_avian::AvianLodSceneBoundsMarshaller>"},/Users/l-monninger/.cargo/registry/src/index.crates.io-1949cf8c6b5b557f/bevy_ecs-0.19.0/src/system/function_system.rs,54,83,1
RenderContextState::apply{system=bevy_core_pipeline::deferred::node::late_deferred_prepass},/Users/l-monninger/.cargo/registry/src/index.crates.io-1949cf8c6b5b557f/bevy_render-0.19.0/src/renderer/render_context.rs,110,83,1
system_commands{name="render_item::mesh::fetch_meshes<render_item::mesh::handle::MeshHandle<sdf_common::noisy::NoisySurface<sdf_common::ball::Ball>>, chico_vegetation_shaders::chico_leaf_material::ChicoLeafMaterial>"},/Users/l-monninger/.cargo/registry/src/index.crates.io-1949cf8c6b5b557f/bevy_ecs-0.19.0/src/system/function_system.rs,54,83,1
system_commands{name="avian3d::dynamics::solver::joint_graph::plugin::on_change_joint_entities<avian3d::dynamics::joints::spherical::SphericalJoint>"},/Users/l-monninger/.cargo/registry/src/index.crates.io-1949cf8c6b5b557f/bevy_ecs-0.19.0/src/system/function_system.rs,54,83,1
system_commands{name="lod::scene::bounds_patch::patch_scene_bounds<chico_vegetation_components::ComponentsOnly<chico_vegetation_components::placed_vegetation::PlacedVegetation<chico_sbs_trees::tuft_patch::TuftPatch>>, lod_avian::AvianLodSceneBoundsMarshaller>"},/Users/l-monninger/.cargo/registry/src/index.crates.io-1949cf8c6b5b557f/bevy_ecs-0.19.0/src/system/function_system.rs,54,83,1
system_commands{name="lod::scene::refresh::cull_regions::enqueue::produce_lod_cull_for_region<lod_avian::AvianLodSceneRegionIndex<'_, '_, chico_groves::high_bush::vc::HighBush>, chico_sbs_trees_playground::vegetation_lod::VegetationCull, chico_groves::high_bush::vc::HighBush, bevy_ecs::query::filter::With<bevy_camera::camera::Camera>>"},/Users/l-monninger/.cargo/registry/src/index.crates.io-1949cf8c6b5b557f/bevy_ecs-0.19.0/src/system/function_system.rs,54,83,1
system_commands{name="lod::scene::bounds_patch::patch_scene_bounds<chico_vegetation_components::ComponentsOnly<chico_vegetation_components::placed_vegetation::PlacedVegetation<chico_sbs_trees::simplemans_hedge::SimplemansHedge>>, lod_avian::AvianLodSceneBoundsMarshaller>"},/Users/l-monninger/.cargo/registry/src/index.crates.io-1949cf8c6b5b557f/bevy_ecs-0.19.0/src/system/function_system.rs,54,83,1
system_commands{name="lod::scene::refresh::sync::chunk::begin::begin_chunk_lod_fulfill<chico_groves::orchard::vc::Orchard>"},/Users/l-monninger/.cargo/registry/src/index.crates.io-1949cf8c6b5b557f/bevy_ecs-0.19.0/src/system/function_system.rs,54,83,1
system_commands{name="lod::scene::refresh::sync::chunk::begin::begin_chunk_lod_fulfill<chico_groves::storytellers::vc::Storytellers>"},/Users/l-monninger/.cargo/registry/src/index.crates.io-1949cf8c6b5b557f/bevy_ecs-0.19.0/src/system/function_system.rs,54,83,1
system_commands{name="bevy_anti_alias::taa::prepare_taa_history_textures"},/Users/l-monninger/.cargo/registry/src/index.crates.io-1949cf8c6b5b557f/bevy_ecs-0.19.0/src/system/function_system.rs,54,83,1
system{name="avian3d::collision::collider::collider_hierarchy::plugin::on_collider_body_changed"},/Users/l-monninger/.cargo/registry/src/index.crates.io-1949cf8c6b5b557f/bevy_ecs-0.19.0/src/system/function_system.rs,52,85220,1072
system{name="bevy_app::hierarchy::validate_parent_has_component<bevy_camera::visibility::InheritedVisibility>"},/Users/l-monninger/.cargo/registry/src/index.crates.io-1949cf8c6b5b557f/bevy_ecs-0.19.0/src/system/function_system.rs,52,83694,1072
check_conditions{name="avian3d::dynamics::solver::xpbd::plugin::project_angular_velocity"},/Users/l-monninger/.cargo/registry/src/index.crates.io-1949cf8c6b5b557f/bevy_ecs-0.19.0/src/schedule/executor/single_threaded.rs,77,459,6
check_conditions{name="avian3d::dynamics::solver::xpbd::plugin::project_linear_velocity"},/Users/l-monninger/.cargo/registry/src/index.crates.io-1949cf8c6b5b557f/bevy_ecs-0.19.0/src/schedule/executor/single_threaded.rs,77,458,6
check_conditions{name="avian3d::dynamics::solver::plugin::joint_damping<avian3d::dynamics::joints::spherical::SphericalJoint>"},/Users/l-monninger/.cargo/registry/src/index.crates.io-1949cf8c6b5b557f/bevy_ecs-0.19.0/src/schedule/executor/single_threaded.rs,77,457,6
check_conditions{name="avian3d::dynamics::integrator::clamp_velocities"},/Users/l-monninger/.cargo/registry/src/index.crates.io-1949cf8c6b5b557f/bevy_ecs-0.19.0/src/schedule/executor/single_threaded.rs,77,459,6
system{name="bevy_app::propagate::on_r_inserted<bevy_ui::ui_node::ComputedUiTargetCamera, (), bevy_ecs::hierarchy::ChildOf>"},/Users/l-monninger/.cargo/registry/src/index.crates.io-1949cf8c6b5b557f/bevy_ecs-0.19.0/src/system/function_system.rs,52,80174,1071
system{name="<avian3d::ancestor_marker::AncestorMarkerPlugin<avian3d::collision::collider::backend::ColliderMarker> as bevy_app::plugin::Plugin>::build::{{closure}}"},/Users/l-monninger/.cargo/registry/src/index.crates.io-1949cf8c6b5b557f/bevy_ecs-0.19.0/src/system/function_system.rs,52,87016,1200
system{name="bevy_app::propagate::on_r_inserted<bevy_ui::ui_node::ComputedUiRenderTargetInfo, (), bevy_ecs::hierarchy::ChildOf>"},/Users/l-monninger/.cargo/registry/src/index.crates.io-1949cf8c6b5b557f/bevy_ecs-0.19.0/src/system/function_system.rs,52,76111,1072
check_conditions{name="avian3d::dynamics::solver::xpbd::plugin::solve_xpbd_joint<avian3d::dynamics::joints::distance::DistanceJoint>"},/Users/l-monninger/.cargo/registry/src/index.crates.io-1949cf8c6b5b557f/bevy_ecs-0.19.0/src/schedule/executor/single_threaded.rs,77,417,6
check_conditions{name="avian3d::dynamics::solver::plugin::solve_contacts<true>"},/Users/l-monninger/.cargo/registry/src/index.crates.io-1949cf8c6b5b557f/bevy_ecs-0.19.0/src/schedule/executor/single_threaded.rs,77,416,6
check_conditions{name="avian3d::dynamics::solver::plugin::warm_start"},/Users/l-monninger/.cargo/registry/src/index.crates.io-1949cf8c6b5b557f/bevy_ecs-0.19.0/src/schedule/executor/single_threaded.rs,77,419,6
check_conditions{name="avian3d::dynamics::solver::solver_body::plugin::update_solver_body_angular_inertia"},/Users/l-monninger/.cargo/registry/src/index.crates.io-1949cf8c6b5b557f/bevy_ecs-0.19.0/src/schedule/executor/single_threaded.rs,77,375,6
check_conditions{name="avian3d::dynamics::solver::xpbd::plugin::solve_xpbd_joint<avian3d::dynamics::joints::revolute::RevoluteJoint>"},/Users/l-monninger/.cargo/registry/src/index.crates.io-1949cf8c6b5b557f/bevy_ecs-0.19.0/src/schedule/executor/single_threaded.rs,77,374,6
check_conditions{name="avian3d::dynamics::solver::xpbd::plugin::solve_xpbd_joint<avian3d::dynamics::joints::prismatic::PrismaticJoint>"},/Users/l-monninger/.cargo/registry/src/index.crates.io-1949cf8c6b5b557f/bevy_ecs-0.19.0/src/schedule/executor/single_threaded.rs,77,373,6
check_conditions{name="avian3d::dynamics::solver::xpbd::plugin::solve_xpbd_joint<avian3d::dynamics::joints::spherical::SphericalJoint>"},/Users/l-monninger/.cargo/registry/src/index.crates.io-1949cf8c6b5b557f/bevy_ecs-0.19.0/src/schedule/executor/single_threaded.rs,77,374,6
check_conditions{name="avian3d::dynamics::solver::plugin::joint_damping<avian3d::dynamics::joints::prismatic::PrismaticJoint>"},/Users/l-monninger/.cargo/registry/src/index.crates.io-1949cf8c6b5b557f/bevy_ecs-0.19.0/src/schedule/executor/single_threaded.rs,77,374,6
check_conditions{name="avian3d::dynamics::integrator::integrate_velocities"},/Users/l-monninger/.cargo/registry/src/index.crates.io-1949cf8c6b5b557f/bevy_ecs-0.19.0/src/schedule/executor/single_threaded.rs,77,332,6
check_conditions{name="avian3d::dynamics::solver::xpbd::plugin::solve_xpbd_joint<avian3d::dynamics::joints::fixed::FixedJoint>"},/Users/l-monninger/.cargo/registry/src/index.crates.io-1949cf8c6b5b557f/bevy_ecs-0.19.0/src/schedule/executor/single_threaded.rs,77,334,6
check_conditions{name="avian3d::dynamics::integrator::integrate_positions"},/Users/l-monninger/.cargo/registry/src/index.crates.io-1949cf8c6b5b557f/bevy_ecs-0.19.0/src/schedule/executor/single_threaded.rs,77,335,6
check_conditions{name="avian3d::dynamics::solver::plugin::joint_damping<avian3d::dynamics::joints::distance::DistanceJoint>"},/Users/l-monninger/.cargo/registry/src/index.crates.io-1949cf8c6b5b557f/bevy_ecs-0.19.0/src/schedule/executor/single_threaded.rs,77,333,6
check_conditions{name="avian3d::dynamics::solver::plugin::joint_damping<avian3d::dynamics::joints::revolute::RevoluteJoint>"},/Users/l-monninger/.cargo/registry/src/index.crates.io-1949cf8c6b5b557f/bevy_ecs-0.19.0/src/schedule/executor/single_threaded.rs,77,334,6
check_conditions{name="avian3d::dynamics::solver::plugin::joint_damping<avian3d::dynamics::joints::fixed::FixedJoint>"},/Users/l-monninger/.cargo/registry/src/index.crates.io-1949cf8c6b5b557f/bevy_ecs-0.19.0/src/schedule/executor/single_threaded.rs,77,291,6
system_commands{name="lod::scene::refresh::cull_regions::enqueue::produce_lod_cull_for_region<lod_avian::AvianLodSceneRegionIndex<'_, '_, chico_groves::storytellers::vc::Storytellers>, chico_sbs_trees_playground::vegetation_lod::VegetationCull, chico_groves::storytellers::vc::Storytellers, bevy_ecs::query::filter::With<bevy_camera::camera::Camera>>"},/Users/l-monninger/.cargo/registry/src/index.crates.io-1949cf8c6b5b557f/bevy_ecs-0.19.0/src/system/function_system.rs,54,42,1
system_commands{name="lod::scene::refresh::sync::chunk::begin::begin_chunk_lod_fulfill<chico_vegetation_components::FlattenedComponentsOnly<chico_vegetation_components::placed_vegetation::PlacedVegetation<alloc::sync::Arc<chico_sbs_trees::jungle_storybook_tree::JungleStorybookTree>>>>"},/Users/l-monninger/.cargo/registry/src/index.crates.io-1949cf8c6b5b557f/bevy_ecs-0.19.0/src/system/function_system.rs,54,42,1
system_commands{name="lod::scene::refresh::cull_regions::enqueue::produce_lod_cull_for_region<lod_avian::AvianLodSceneRegionIndex<'_, '_, chico_vegetation_components::FlattenedComponentsOnly<chico_vegetation_components::placed_vegetation::PlacedVegetation<alloc::sync::Arc<chico_sbs_trees::jungle_storybook_tree::JungleStorybookTree>>>>, chico_sbs_trees_playground::vegetation_lod::VegetationCull, chico_vegetation_components::FlattenedComponentsOnly<chico_vegetation_components::placed_vegetation::PlacedVegetation<alloc::sync::Arc<chico_sbs_trees::jungle_storybook_tree::JungleStorybookTree>>>, bevy_ecs::query::filter::With<bevy_camera::camera::Camera>>"},/Users/l-monninger/.cargo/registry/src/index.crates.io-1949cf8c6b5b557f/bevy_ecs-0.19.0/src/system/function_system.rs,54,42,1
system_commands{name="lod::scene::refresh::cull_regions::enqueue::produce_lod_cull_for_region<lod_avian::AvianLodSceneRegionIndex<'_, '_, chico_vegetation_components::ComponentsOnly<chico_vegetation_components::placed_vegetation::PlacedVegetation<chico_sbs_trees::simplemans_hedge::SimplemansHedge>>>, chico_sbs_trees_playground::vegetation_lod::VegetationCull, chico_vegetation_components::ComponentsOnly<chico_vegetation_components::placed_vegetation::PlacedVegetation<chico_sbs_trees::simplemans_hedge::SimplemansHedge>>, bevy_ecs::query::filter::With<bevy_camera::camera::Camera>>"},/Users/l-monninger/.cargo/registry/src/index.crates.io-1949cf8c6b5b557f/bevy_ecs-0.19.0/src/system/function_system.rs,54,42,1
system_commands{name="lod::scene::refresh::cull_regions::enqueue::produce_lod_cull_for_region<lod_avian::AvianLodSceneRegionIndex<'_, '_, chico_groves::jungle_massives::vc::JungleMassives>, chico_sbs_trees_playground::vegetation_lod::VegetationCull, chico_groves::jungle_massives::vc::JungleMassives, bevy_ecs::query::filter::With<bevy_camera::camera::Camera>>"},/Users/l-monninger/.cargo/registry/src/index.crates.io-1949cf8c6b5b557f/bevy_ecs-0.19.0/src/system/function_system.rs,54,42,1
system_commands{name="lod::scene::refresh::cull_regions::enqueue::produce_lod_cull_for_region<lod_avian::AvianLodSceneRegionIndex<'_, '_, chico_groves::arid_conifer_sapling::vc::AridConiferSapling>, chico_sbs_trees_playground::vegetation_lod::VegetationCull, chico_groves::arid_conifer_sapling::vc::AridConiferSapling, bevy_ecs::query::filter::With<bevy_camera::camera::Camera>>"},/Users/l-monninger/.cargo/registry/src/index.crates.io-1949cf8c6b5b557f/bevy_ecs-0.19.0/src/system/function_system.rs,54,42,1
system_commands{name="lod::scene::refresh::cull_regions::enqueue::produce_lod_cull_for_region<lod_avian::AvianLodSceneRegionIndex<'_, '_, chico_vegetation_components::ComponentsOnly<chico_vegetation_components::placed_vegetation::PlacedVegetation<chico_sbs_trees::palm_bush::PalmBush>>>, chico_sbs_trees_playground::vegetation_lod::VegetationCull, chico_vegetation_components::ComponentsOnly<chico_vegetation_components::placed_vegetation::PlacedVegetation<chico_sbs_trees::palm_bush::PalmBush>>, bevy_ecs::query::filter::With<bevy_camera::camera::Camera>>"},/Users/l-monninger/.cargo/registry/src/index.crates.io-1949cf8c6b5b557f/bevy_ecs-0.19.0/src/system/function_system.rs,54,42,1
system_commands{name="lod::scene::bounds_patch::patch_scene_bounds<chico_groves::goettingen_follow::vc::GoettingenFollow, lod_avian::AvianLodSceneBoundsMarshaller>"},/Users/l-monninger/.cargo/registry/src/index.crates.io-1949cf8c6b5b557f/bevy_ecs-0.19.0/src/system/function_system.rs,54,42,1
system_commands{name="lod::scene::refresh::cull_regions::enqueue::produce_lod_cull_for_region<lod_avian::AvianLodSceneRegionIndex<'_, '_, chico_groves::tropical_thicket::vc::TropicalThicket>, chico_sbs_trees_playground::vegetation_lod::VegetationCull, chico_groves::tropical_thicket::vc::TropicalThicket, bevy_ecs::query::filter::With<bevy_camera::camera::Camera>>"},/Users/l-monninger/.cargo/registry/src/index.crates.io-1949cf8c6b5b557f/bevy_ecs-0.19.0/src/system/function_system.rs,54,42,1
system_commands{name="lod::scene::refresh::sync::chunk::begin::begin_chunk_lod_fulfill<chico_groves::dryland::vc::Dryland>"},/Users/l-monninger/.cargo/registry/src/index.crates.io-1949cf8c6b5b557f/bevy_ecs-0.19.0/src/system/function_system.rs,54,42,1
system_commands{name="lod::scene::refresh::cull_regions::enqueue::produce_lod_cull_for_region<lod_avian::AvianLodSceneRegionIndex<'_, '_, chico_groves::strange_oasis::vc::StrangeOasis>, chico_sbs_trees_playground::vegetation_lod::VegetationCull, chico_groves::strange_oasis::vc::StrangeOasis, bevy_ecs::query::filter::With<bevy_camera::camera::Camera>>"},/Users/l-monninger/.cargo/registry/src/index.crates.io-1949cf8c6b5b557f/bevy_ecs-0.19.0/src/system/function_system.rs,54,42,1
system_commands{name="lod::scene::refresh::sync::chunk::begin::begin_chunk_lod_fulfill<chico_groves::leeward::vc::Leeward>"},/Users/l-monninger/.cargo/registry/src/index.crates.io-1949cf8c6b5b557f/bevy_ecs-0.19.0/src/system/function_system.rs,54,42,1
check_conditions{name="avian3d::dynamics::rigid_body::forces::plugin::apply_constant_local_linear_acceleration"},/Users/l-monninger/.cargo/registry/src/index.crates.io-1949cf8c6b5b557f/bevy_ecs-0.19.0/src/schedule/executor/single_threaded.rs,77,42,1
system_commands{name="lod::scene::bounds_patch::patch_scene_bounds<chico_vegetation_components::ComponentsOnly<chico_vegetation_components::placed_vegetation::PlacedVegetation<chico_sbs_trees::honu_banyan::HonuBanyan>>, lod_avian::AvianLodSceneBoundsMarshaller>"},/Users/l-monninger/.cargo/registry/src/index.crates.io-1949cf8c6b5b557f/bevy_ecs-0.19.0/src/system/function_system.rs,54,42,1
check_conditions{name="<avian3d::collision::diagnostics::CollisionDiagnostics as avian3d::diagnostics::PhysicsDiagnostics>::reset"},/Users/l-monninger/.cargo/registry/src/index.crates.io-1949cf8c6b5b557f/bevy_ecs-0.19.0/src/schedule/executor/single_threaded.rs,77,42,1
system_commands{name="bevy_pbr::ssao::prepare_ssao_textures"},/Users/l-monninger/.cargo/registry/src/index.crates.io-1949cf8c6b5b557f/bevy_ecs-0.19.0/src/system/function_system.rs,54,42,1
system_commands{name="lod::scene::bounds_patch::patch_scene_bounds<chico_vegetation_components::ComponentsOnly<chico_vegetation_components::placed_vegetation::PlacedVegetation<chico_sbs_trees::vase_tree::VaseTree>>, lod_avian::AvianLodSceneBoundsMarshaller>"},/Users/l-monninger/.cargo/registry/src/index.crates.io-1949cf8c6b5b557f/bevy_ecs-0.19.0/src/system/function_system.rs,54,42,1
system_commands{name="lod::scene::refresh::cull_regions::enqueue::produce_lod_cull_for_region<lod_avian::AvianLodSceneRegionIndex<'_, '_, chico_groves::shamanhome::vc::Shamanhome>, chico_sbs_trees_playground::vegetation_lod::VegetationCull, chico_groves::shamanhome::vc::Shamanhome, bevy_ecs::query::filter::With<bevy_camera::camera::Camera>>"},/Users/l-monninger/.cargo/registry/src/index.crates.io-1949cf8c6b5b557f/bevy_ecs-0.19.0/src/system/function_system.rs,54,42,1
system_commands{name="bevy_animation::animate_targets"},/Users/l-monninger/.cargo/registry/src/index.crates.io-1949cf8c6b5b557f/bevy_ecs-0.19.0/src/system/function_system.rs,54,42,1
check_conditions{name="avian3d::dynamics::integrator::pre_process_velocity_increments"},/Users/l-monninger/.cargo/registry/src/index.crates.io-1949cf8c6b5b557f/bevy_ecs-0.19.0/src/schedule/executor/single_threaded.rs,77,42,1
check_conditions{name="bevy_gizmos::end_gizmo_context<bevy_gizmos::frustum::FrustumGizmoConfigGroup, bevy_time::fixed::Fixed>"},/Users/l-monninger/.cargo/registry/src/index.crates.io-1949cf8c6b5b557f/bevy_ecs-0.19.0/src/schedule/executor/single_threaded.rs,77,42,1
system_commands{name="bevy_anti_alias::smaa::prepare_smaa_bind_groups"},/Users/l-monninger/.cargo/registry/src/index.crates.io-1949cf8c6b5b557f/bevy_ecs-0.19.0/src/system/function_system.rs,54,42,1
system_commands{name="bevy_post_process::effect_stack::prepare_post_processing_uniforms"},/Users/l-monninger/.cargo/registry/src/index.crates.io-1949cf8c6b5b557f/bevy_ecs-0.19.0/src/system/function_system.rs,54,42,1
system_commands{name="lod::scene::bounds_patch::patch_scene_bounds<chico_vegetation_components::ComponentsOnly<chico_vegetation_components::placed_vegetation::PlacedVegetation<chico_sbs_trees::temperate_conifer::TemperateConifer>>, lod_avian::AvianLodSceneBoundsMarshaller>"},/Users/l-monninger/.cargo/registry/src/index.crates.io-1949cf8c6b5b557f/bevy_ecs-0.19.0/src/system/function_system.rs,54,42,1
check_conditions{name="avian3d::collider_tree::update::clear_moved_proxies"},/Users/l-monninger/.cargo/registry/src/index.crates.io-1949cf8c6b5b557f/bevy_ecs-0.19.0/src/schedule/executor/single_threaded.rs,77,42,1
check_conditions{name="avian3d::schedule::update_last_physics_tick"},/Users/l-monninger/.cargo/registry/src/index.crates.io-1949cf8c6b5b557f/bevy_ecs-0.19.0/src/schedule/executor/single_threaded.rs,77,42,1
system_commands{name="lod::scene::refresh::sync::chunk::begin::begin_chunk_lod_fulfill<chico_groves::shamanhome::vc::Shamanhome>"},/Users/l-monninger/.cargo/registry/src/index.crates.io-1949cf8c6b5b557f/bevy_ecs-0.19.0/src/system/function_system.rs,54,42,1
system_commands{name="lod::scene::bounds_patch::patch_scene_bounds<chico_groves::tropical_thicket::vc::TropicalThicket, lod_avian::AvianLodSceneBoundsMarshaller>"},/Users/l-monninger/.cargo/registry/src/index.crates.io-1949cf8c6b5b557f/bevy_ecs-0.19.0/src/system/function_system.rs,54,42,1
system_commands{name="lod::scene::refresh::cull_regions::enqueue::produce_lod_cull_for_region<lod_avian::AvianLodSceneRegionIndex<'_, '_, chico_vegetation_components::ComponentsOnly<chico_vegetation_components::placed_vegetation::PlacedVegetation<chico_sbs_trees::jungle_storybook_tree::JungleStorybookTree>>>, chico_sbs_trees_playground::vegetation_lod::VegetationCull, chico_vegetation_components::ComponentsOnly<chico_vegetation_components::placed_vegetation::PlacedVegetation<chico_sbs_trees::jungle_storybook_tree::JungleStorybookTree>>, bevy_ecs::query::filter::With<bevy_camera::camera::Camera>>"},/Users/l-monninger/.cargo/registry/src/index.crates.io-1949cf8c6b5b557f/bevy_ecs-0.19.0/src/system/function_system.rs,54,42,1
RenderContextState::apply{system=bevy_pbr::atmosphere::node::atmosphere_luts},/Users/l-monninger/.cargo/registry/src/index.crates.io-1949cf8c6b5b557f/bevy_render-0.19.0/src/renderer/render_context.rs,110,42,1
RenderContextState::apply{system=bevy_post_process::dof::depth_of_field},/Users/l-monninger/.cargo/registry/src/index.crates.io-1949cf8c6b5b557f/bevy_render-0.19.0/src/renderer/render_context.rs,110,42,1
system_commands{name="lod::scene::refresh::sync::chunk::begin::begin_chunk_lod_fulfill<chico_vegetation_components::ComponentsOnly<chico_groves::wild_grass::vc::WildGrass>>"},/Users/l-monninger/.cargo/registry/src/index.crates.io-1949cf8c6b5b557f/bevy_ecs-0.19.0/src/system/function_system.rs,54,42,1
system_commands{name="lod::scene::refresh::cull_regions::enqueue::produce_lod_cull_for_region<lod_avian::AvianLodSceneRegionIndex<'_, '_, chico_vegetation_components::ComponentsOnly<chico_vegetation_components::placed_vegetation::PlacedVegetation<chico_sbs_trees::waialea_palm::WaialeaPalm>>>, chico_sbs_trees_playground::vegetation_lod::VegetationCull, chico_vegetation_components::ComponentsOnly<chico_vegetation_components::placed_vegetation::PlacedVegetation<chico_sbs_trees::waialea_palm::WaialeaPalm>>, bevy_ecs::query::filter::With<bevy_camera::camera::Camera>>"},/Users/l-monninger/.cargo/registry/src/index.crates.io-1949cf8c6b5b557f/bevy_ecs-0.19.0/src/system/function_system.rs,54,42,1
system_commands{name="lod::scene::refresh::sync::chunk::begin::begin_chunk_lod_fulfill<chico_groves::trade_winds::vc::TradeWinds>"},/Users/l-monninger/.cargo/registry/src/index.crates.io-1949cf8c6b5b557f/bevy_ecs-0.19.0/src/system/function_system.rs,54,42,1
check_conditions{name="avian3d::dynamics::rigid_body::forces::plugin::apply_constant_local_torques"},/Users/l-monninger/.cargo/registry/src/index.crates.io-1949cf8c6b5b557f/bevy_ecs-0.19.0/src/schedule/executor/single_threaded.rs,77,42,1
system_commands{name="lod::scene::refresh::sync::chunk::begin::begin_chunk_lod_fulfill<chico_groves::bush_scrub::vc::BushScrub>"},/Users/l-monninger/.cargo/registry/src/index.crates.io-1949cf8c6b5b557f/bevy_ecs-0.19.0/src/system/function_system.rs,54,42,1
system_commands{name="lod::scene::refresh::cull_regions::enqueue::produce_lod_cull_for_region<lod_avian::AvianLodSceneRegionIndex<'_, '_, chico_vegetation_components::ComponentsOnly<chico_vegetation_components::placed_vegetation::PlacedVegetation<chico_sbs_trees::friends_conifer::FriendsConifer>>>, chico_sbs_trees_playground::vegetation_lod::VegetationCull, chico_vegetation_components::ComponentsOnly<chico_vegetation_components::placed_vegetation::PlacedVegetation<chico_sbs_trees::friends_conifer::FriendsConifer>>, bevy_ecs::query::filter::With<bevy_camera::camera::Camera>>"},/Users/l-monninger/.cargo/registry/src/index.crates.io-1949cf8c6b5b557f/bevy_ecs-0.19.0/src/system/function_system.rs,54,42,1
system_commands{name="lod::scene::bounds_patch::patch_scene_bounds<chico_groves::jungle_massives::vc::JungleMassives, lod_avian::AvianLodSceneBoundsMarshaller>"},/Users/l-monninger/.cargo/registry/src/index.crates.io-1949cf8c6b5b557f/bevy_ecs-0.19.0/src/system/function_system.rs,54,42,1
system_commands{name="lod::scene::refresh::cull_regions::enqueue::produce_lod_cull_for_region<lod_avian::AvianLodSceneRegionIndex<'_, '_, chico_vegetation_components::ComponentsOnly<chico_vegetation_components::placed_vegetation::PlacedVegetation<chico_sbs_trees::liams_conifer::LiamsConifer>>>, chico_sbs_trees_playground::vegetation_lod::VegetationCull, chico_vegetation_components::ComponentsOnly<chico_vegetation_components::placed_vegetation::PlacedVegetation<chico_sbs_trees::liams_conifer::LiamsConifer>>, bevy_ecs::query::filter::With<bevy_camera::camera::Camera>>"},/Users/l-monninger/.cargo/registry/src/index.crates.io-1949cf8c6b5b557f/bevy_ecs-0.19.0/src/system/function_system.rs,54,42,1
system_commands{name="lod::scene::bounds_patch::patch_scene_bounds<chico_vegetation_components::ComponentsOnly<chico_vegetation_components::placed_vegetation::PlacedVegetation<chico_sbs_trees::rorys_head_trained::RorysHeadTrained>>, lod_avian::AvianLodSceneBoundsMarshaller>"},/Users/l-monninger/.cargo/registry/src/index.crates.io-1949cf8c6b5b557f/bevy_ecs-0.19.0/src/system/function_system.rs,54,42,1
check_conditions{name="bevy_transform_interpolation::ease_translation_lerp"},/Users/l-monninger/.cargo/registry/src/index.crates.io-1949cf8c6b5b557f/bevy_ecs-0.19.0/src/schedule/executor/single_threaded.rs,77,42,1
system{name="bevy_asset::assets::Assets<bevy_text::font::Font>::asset_events_condition"},/Users/l-monninger/.cargo/registry/src/index.crates.io-1949cf8c6b5b557f/bevy_ecs-0.19.0/src/system/function_system.rs,52,42,1
system_commands{name="chico_vegetation_shaders::chico_leaf_material::disable_leaf_shadow_casters"},/Users/l-monninger/.cargo/registry/src/index.crates.io-1949cf8c6b5b557f/bevy_ecs-0.19.0/src/system/function_system.rs,54,42,1
check_conditions{name="avian3d::dynamics::rigid_body::forces::plugin::apply_constant_linear_acceleration"},/Users/l-monninger/.cargo/registry/src/index.crates.io-1949cf8c6b5b557f/bevy_ecs-0.19.0/src/schedule/executor/single_threaded.rs,77,42,1
system_commands{name="lod::scene::refresh::cull_regions::enqueue::produce_lod_cull_for_region<lod_avian::AvianLodSceneRegionIndex<'_, '_, chico_vegetation_components::FlattenedComponentsOnly<chico_vegetation_components::placed_vegetation::PlacedVegetation<alloc::sync::Arc<chico_sbs_trees::rorys_head_trained::RorysHeadTrained>>>>, chico_sbs_trees_playground::vegetation_lod::VegetationCull, chico_vegetation_components::FlattenedComponentsOnly<chico_vegetation_components::placed_vegetation::PlacedVegetation<alloc::sync::Arc<chico_sbs_trees::rorys_head_trained::RorysHeadTrained>>>, bevy_ecs::query::filter::With<bevy_camera::camera::Camera>>"},/Users/l-monninger/.cargo/registry/src/index.crates.io-1949cf8c6b5b557f/bevy_ecs-0.19.0/src/system/function_system.rs,54,42,1
system_commands{name="lod::scene::refresh::sync::chunk::begin::begin_chunk_lod_fulfill<chico_groves::unending_jungle::vc::UnendingJungle>"},/Users/l-monninger/.cargo/registry/src/index.crates.io-1949cf8c6b5b557f/bevy_ecs-0.19.0/src/system/function_system.rs,54,42,1
check_conditions{name="bevy_transform_interpolation::hermite::ease_rotation_hermite<avian3d::interpolation::AngVelSource>"},/Users/l-monninger/.cargo/registry/src/index.crates.io-1949cf8c6b5b557f/bevy_ecs-0.19.0/src/schedule/executor/single_threaded.rs,77,42,1
system_commands{name="render_item::mesh::fetch_meshes<render_item::mesh::handle::MeshHandle<sdf_common::noisy::NoisySurface<sdf_common::cylinder::TaperedCylinder>>, chico_vegetation_shaders::chico_stick_material::ChicoStickMaterial>"},/Users/l-monninger/.cargo/registry/src/index.crates.io-1949cf8c6b5b557f/bevy_ecs-0.19.0/src/system/function_system.rs,54,42,1
system_commands{name="lod::scene::refresh::cull_regions::enqueue::produce_lod_cull_for_region<lod_avian::AvianLodSceneRegionIndex<'_, '_, chico_groves::leeward::vc::Leeward>, chico_sbs_trees_playground::vegetation_lod::VegetationCull, chico_groves::leeward::vc::Leeward, bevy_ecs::query::filter::With<bevy_camera::camera::Camera>>"},/Users/l-monninger/.cargo/registry/src/index.crates.io-1949cf8c6b5b557f/bevy_ecs-0.19.0/src/system/function_system.rs,54,42,1
system_commands{name="bevy_pbr::render::morph::no_automatic_morph_batching"},/Users/l-monninger/.cargo/registry/src/index.crates.io-1949cf8c6b5b557f/bevy_ecs-0.19.0/src/system/function_system.rs,54,42,1
system_commands{name="bevy_ui_render::ui_texture_slice_pipeline::extract_ui_texture_slices"},/Users/l-monninger/.cargo/registry/src/index.crates.io-1949cf8c6b5b557f/bevy_ecs-0.19.0/src/system/function_system.rs,54,42,1
system_commands{name="lod::scene::refresh::cull_regions::enqueue::produce_lod_cull_for_region<lod_avian::AvianLodSceneRegionIndex<'_, '_, chico_groves::low_bush::vc::LowBush>, chico_sbs_trees_playground::vegetation_lod::VegetationCull, chico_groves::low_bush::vc::LowBush, bevy_ecs::query::filter::With<bevy_camera::camera::Camera>>"},/Users/l-monninger/.cargo/registry/src/index.crates.io-1949cf8c6b5b557f/bevy_ecs-0.19.0/src/system/function_system.rs,54,42,1
system_commands{name="bevy_post_process::bloom::prepare_bloom_bind_groups"},/Users/l-monninger/.cargo/registry/src/index.crates.io-1949cf8c6b5b557f/bevy_ecs-0.19.0/src/system/function_system.rs,54,42,1
system_commands{name="lod::scene::bounds_patch::patch_scene_bounds<chico_groves::tropical_undergrowth::vc::TropicalUndergrowth, lod_avian::AvianLodSceneBoundsMarshaller>"},/Users/l-monninger/.cargo/registry/src/index.crates.io-1949cf8c6b5b557f/bevy_ecs-0.19.0/src/system/function_system.rs,54,42,1
system_commands{name="lod::scene::bounds_patch::patch_scene_bounds<chico_vegetation_components::FlattenedComponentsOnly<chico_vegetation_components::placed_vegetation::PlacedVegetation<alloc::sync::Arc<chico_sbs_trees::jungle_storybook_tree::JungleStorybookTree>>>, lod_avian::AvianLodSceneBoundsMarshaller>"},/Users/l-monninger/.cargo/registry/src/index.crates.io-1949cf8c6b5b557f/bevy_ecs-0.19.0/src/system/function_system.rs,54,42,1
system_commands{name="lod::scene::bounds_patch::patch_scene_bounds<chico_groves::levantine_scrub::vc::LevantineScrub, lod_avian::AvianLodSceneBoundsMarshaller>"},/Users/l-monninger/.cargo/registry/src/index.crates.io-1949cf8c6b5b557f/bevy_ecs-0.19.0/src/system/function_system.rs,54,42,1
system_commands{name="lod::scene::refresh::cull_regions::enqueue::produce_lod_cull_for_region<lod_avian::AvianLodSceneRegionIndex<'_, '_, chico_vegetation_components::FlattenedComponentsOnly<chico_vegetation_components::placed_vegetation::PlacedVegetation<alloc::sync::Arc<chico_sbs_trees::storybook_tree::StorybookTree>>>>, chico_sbs_trees_playground::vegetation_lod::VegetationCull, chico_vegetation_components::FlattenedComponentsOnly<chico_vegetation_components::placed_vegetation::PlacedVegetation<alloc::sync::Arc<chico_sbs_trees::storybook_tree::StorybookTree>>>, bevy_ecs::query::filter::With<bevy_camera::camera::Camera>>"},/Users/l-monninger/.cargo/registry/src/index.crates.io-1949cf8c6b5b557f/bevy_ecs-0.19.0/src/system/function_system.rs,54,42,1
system_commands{name="bevy_post_process::bloom::prepare_bloom_textures"},/Users/l-monninger/.cargo/registry/src/index.crates.io-1949cf8c6b5b557f/bevy_ecs-0.19.0/src/system/function_system.rs,54,42,1
system_commands{name="material_ref::fulfill::invalidate_changed_material_ref_roots"},/Users/l-monninger/.cargo/registry/src/index.crates.io-1949cf8c6b5b557f/bevy_ecs-0.19.0/src/system/function_system.rs,54,42,1
system{name="bevy_asset::assets::Assets<bevy_sprite_render::tilemap_chunk::tilemap_chunk_material::TilemapChunkMaterial>::asset_events_condition"},/Users/l-monninger/.cargo/registry/src/index.crates.io-1949cf8c6b5b557f/bevy_ecs-0.19.0/src/system/function_system.rs,52,42,1
system_commands{name="lod::scene::bounds_patch::patch_scene_bounds<chico_groves::palm_shade::vc::PalmShade, lod_avian::AvianLodSceneBoundsMarshaller>"},/Users/l-monninger/.cargo/registry/src/index.crates.io-1949cf8c6b5b557f/bevy_ecs-0.19.0/src/system/function_system.rs,54,42,1
system{name="bevy_asset::assets::Assets<bevy_animation::graph::AnimationGraph>::asset_events_condition"},/Users/l-monninger/.cargo/registry/src/index.crates.io-1949cf8c6b5b557f/bevy_ecs-0.19.0/src/system/function_system.rs,52,42,1
system_commands{name="lod::scene::refresh::cull_regions::enqueue::produce_lod_cull_for_region<lod_avian::AvianLodSceneRegionIndex<'_, '_, chico_vegetation_components::ComponentsOnly<chico_vegetation_components::placed_vegetation::PlacedVegetation<chico_sbs_trees::tuft_patch::TuftPatch>>>, chico_sbs_trees_playground::vegetation_lod::VegetationCull, chico_vegetation_components::ComponentsOnly<chico_vegetation_components::placed_vegetation::PlacedVegetation<chico_sbs_trees::tuft_patch::TuftPatch>>, bevy_ecs::query::filter::With<bevy_camera::camera::Camera>>"},/Users/l-monninger/.cargo/registry/src/index.crates.io-1949cf8c6b5b557f/bevy_ecs-0.19.0/src/system/function_system.rs,54,42,1
system_commands{name="lod::scene::refresh::cull_regions::enqueue::produce_lod_cull_for_region<lod_avian::AvianLodSceneRegionIndex<'_, '_, chico_groves::unending_jungle::vc::UnendingJungle>, chico_sbs_trees_playground::vegetation_lod::VegetationCull, chico_groves::unending_jungle::vc::UnendingJungle, bevy_ecs::query::filter::With<bevy_camera::camera::Camera>>"},/Users/l-monninger/.cargo/registry/src/index.crates.io-1949cf8c6b5b557f/bevy_ecs-0.19.0/src/system/function_system.rs,54,42,1
system_commands{name="lod::scene::refresh::cull_regions::enqueue::produce_lod_cull_for_region<lod_avian::AvianLodSceneRegionIndex<'_, '_, chico_vegetation_components::FlattenedComponentsOnly<chico_vegetation_components::placed_vegetation::PlacedVegetation<alloc::sync::Arc<chico_sbs_trees::kamakura_torch::KamakuraTorch>>>>, chico_sbs_trees_playground::vegetation_lod::VegetationCull, chico_vegetation_components::FlattenedComponentsOnly<chico_vegetation_components::placed_vegetation::PlacedVegetation<alloc::sync::Arc<chico_sbs_trees::kamakura_torch::KamakuraTorch>>>, bevy_ecs::query::filter::With<bevy_camera::camera::Camera>>"},/Users/l-monninger/.cargo/registry/src/index.crates.io-1949cf8c6b5b557f/bevy_ecs-0.19.0/src/system/function_system.rs,54,42,1
check_conditions{name="avian3d::dynamics::solver::xpbd::plugin::prepare_xpbd_joint<avian3d::dynamics::joints::distance::DistanceJoint>"},/Users/l-monninger/.cargo/registry/src/index.crates.io-1949cf8c6b5b557f/bevy_ecs-0.19.0/src/schedule/executor/single_threaded.rs,77,42,1
system_commands{name="lod::scene::bounds_patch::patch_scene_bounds<chico_vegetation_components::ComponentsOnly<chico_sbs_trees::storybook_tree::StorybookTree>, lod_avian::AvianLodSceneBoundsMarshaller>"},/Users/l-monninger/.cargo/registry/src/index.crates.io-1949cf8c6b5b557f/bevy_ecs-0.19.0/src/system/function_system.rs,54,42,1
system_commands{name="lod::scene::bounds_patch::patch_scene_bounds<chico_vegetation_components::ComponentsOnly<chico_sbs_trees::vase_tree::VaseTree>, lod_avian::AvianLodSceneBoundsMarshaller>"},/Users/l-monninger/.cargo/registry/src/index.crates.io-1949cf8c6b5b557f/bevy_ecs-0.19.0/src/system/function_system.rs,54,42,1
system_commands{name="bevy_sprite::calculate_bounds_2d_sprite_mesh"},/Users/l-monninger/.cargo/registry/src/index.crates.io-1949cf8c6b5b557f/bevy_ecs-0.19.0/src/system/function_system.rs,54,42,1
system_commands{name="lod::scene::refresh::sync::chunk::begin::begin_chunk_lod_fulfill<chico_vegetation_components::ComponentsOnly<chico_sbs_trees::braid_oak_tree::BraidOakTree>>"},/Users/l-monninger/.cargo/registry/src/index.crates.io-1949cf8c6b5b557f/bevy_ecs-0.19.0/src/system/function_system.rs,54,42,1
check_conditions{name="avian3d::collider_tree::optimization::block_on_optimize_trees"},/Users/l-monninger/.cargo/registry/src/index.crates.io-1949cf8c6b5b557f/bevy_ecs-0.19.0/src/schedule/executor/single_threaded.rs,77,42,1
system_commands{name="lod::scene::refresh::sync::chunk::begin::begin_chunk_lod_fulfill<chico_vegetation_components::ComponentsOnly<chico_sbs_trees::penmarch_torch::PenmarchTorch>>"},/Users/l-monninger/.cargo/registry/src/index.crates.io-1949cf8c6b5b557f/bevy_ecs-0.19.0/src/system/function_system.rs,54,42,1
system_commands{name="bevy_audio::audio_output::cleanup_finished_audio<bevy_audio::pitch::Pitch>"},/Users/l-monninger/.cargo/registry/src/index.crates.io-1949cf8c6b5b557f/bevy_ecs-0.19.0/src/system/function_system.rs,54,42,1
system_commands{name="lod::scene::refresh::cull_regions::enqueue::produce_lod_cull_for_region<lod_avian::AvianLodSceneRegionIndex<'_, '_, chico_groves::forlorn_savanna::vc::ForlornSavanna>, chico_sbs_trees_playground::vegetation_lod::VegetationCull, chico_groves::forlorn_savanna::vc::ForlornSavanna, bevy_ecs::query::filter::With<bevy_camera::camera::Camera>>"},/Users/l-monninger/.cargo/registry/src/index.crates.io-1949cf8c6b5b557f/bevy_ecs-0.19.0/src/system/function_system.rs,54,42,1
system_commands{name="lod::scene::refresh::cull_regions::enqueue::produce_lod_cull_for_region<lod_avian::AvianLodSceneRegionIndex<'_, '_, chico_groves::vineyard::vc::Vineyard>, chico_sbs_trees_playground::vegetation_lod::VegetationCull, chico_groves::vineyard::vc::Vineyard, bevy_ecs::query::filter::With<bevy_camera::camera::Camera>>"},/Users/l-monninger/.cargo/registry/src/index.crates.io-1949cf8c6b5b557f/bevy_ecs-0.19.0/src/system/function_system.rs,54,42,1
system_commands{name="lod::scene::refresh::sync::chunk::begin::begin_chunk_lod_fulfill<chico_groves::arid_conifer_sapling::vc::AridConiferSapling>"},/Users/l-monninger/.cargo/registry/src/index.crates.io-1949cf8c6b5b557f/bevy_ecs-0.19.0/src/system/function_system.rs,54,42,1
system_commands{name="lod::scene::bounds_patch::patch_scene_bounds<chico_vegetation_components::ComponentsOnly<chico_vegetation_components::placed_vegetation::PlacedVegetation<chico_sbs_trees::date_palm::DatePalm>>, lod_avian::AvianLodSceneBoundsMarshaller>"},/Users/l-monninger/.cargo/registry/src/index.crates.io-1949cf8c6b5b557f/bevy_ecs-0.19.0/src/system/function_system.rs,54,42,1
system_commands{name="lod::scene::refresh::cull_regions::enqueue::produce_lod_cull_for_region<lod_avian::AvianLodSceneRegionIndex<'_, '_, chico_vegetation_components::ComponentsOnly<chico_vegetation_components::placed_vegetation::PlacedVegetation<chico_sbs_trees::northern_conifer::NorthernConifer>>>, chico_sbs_trees_playground::vegetation_lod::VegetationCull, chico_vegetation_components::ComponentsOnly<chico_vegetation_components::placed_vegetation::PlacedVegetation<chico_sbs_trees::northern_conifer::NorthernConifer>>, bevy_ecs::query::filter::With<bevy_camera::camera::Camera>>"},/Users/l-monninger/.cargo/registry/src/index.crates.io-1949cf8c6b5b557f/bevy_ecs-0.19.0/src/system/function_system.rs,54,42,1
system_commands{name="bevy_core_pipeline::prepass::background_motion_vectors::prepare_background_motion_vectors_bind_groups"},/Users/l-monninger/.cargo/registry/src/index.crates.io-1949cf8c6b5b557f/bevy_ecs-0.19.0/src/system/function_system.rs,54,42,1
system_commands{name="bevy_light::spot_light::update_spot_light_bounding_spheres"},/Users/l-monninger/.cargo/registry/src/index.crates.io-1949cf8c6b5b557f/bevy_ecs-0.19.0/src/system/function_system.rs,54,42,1
system_commands{name="lod::scene::refresh::cull_regions::enqueue::produce_lod_cull_for_region<lod_avian::AvianLodSceneRegionIndex<'_, '_, chico_groves::conifer_massives::vc::ConiferMassives>, chico_sbs_trees_playground::vegetation_lod::VegetationCull, chico_groves::conifer_massives::vc::ConiferMassives, bevy_ecs::query::filter::With<bevy_camera::camera::Camera>>"},/Users/l-monninger/.cargo/registry/src/index.crates.io-1949cf8c6b5b557f/bevy_ecs-0.19.0/src/system/function_system.rs,54,42,1
check_conditions{name="avian3d::dynamics::solver::xpbd::plugin::writeback_joint_forces<avian3d::dynamics::joints::spherical::SphericalJoint>"},/Users/l-monninger/.cargo/registry/src/index.crates.io-1949cf8c6b5b557f/bevy_ecs-0.19.0/src/schedule/executor/single_threaded.rs,77,42,1
system_commands{name="lod::scene::refresh::cull_regions::enqueue::produce_lod_cull_for_region<lod_avian::AvianLodSceneRegionIndex<'_, '_, chico_vegetation_components::ComponentsOnly<chico_vegetation_components::placed_vegetation::PlacedVegetation<chico_sbs_trees::rorys_head_trained::RorysHeadTrained>>>, chico_sbs_trees_playground::vegetation_lod::VegetationCull, chico_vegetation_components::ComponentsOnly<chico_vegetation_components::placed_vegetation::PlacedVegetation<chico_sbs_trees::rorys_head_trained::RorysHeadTrained>>, bevy_ecs::query::filter::With<bevy_camera::camera::Camera>>"},/Users/l-monninger/.cargo/registry/src/index.crates.io-1949cf8c6b5b557f/bevy_ecs-0.19.0/src/system/function_system.rs,54,42,1
system_commands{name="bevy_pbr::volumetric_fog::render::prepare_volumetric_fog_uniforms"},/Users/l-monninger/.cargo/registry/src/index.crates.io-1949cf8c6b5b557f/bevy_ecs-0.19.0/src/system/function_system.rs,54,42,1
system_commands{name="lod::scene::refresh::cull_regions::enqueue::produce_lod_cull_for_region<lod_avian::AvianLodSceneRegionIndex<'_, '_, chico_vegetation_components::ComponentsOnly<chico_sbs_trees::kamakura_torch::KamakuraTorch>>, chico_sbs_trees_playground::vegetation_lod::VegetationCull, chico_vegetation_components::ComponentsOnly<chico_sbs_trees::kamakura_torch::KamakuraTorch>, bevy_ecs::query::filter::With<bevy_camera::camera::Camera>>"},/Users/l-monninger/.cargo/registry/src/index.crates.io-1949cf8c6b5b557f/bevy_ecs-0.19.0/src/system/function_system.rs,54,42,1
check_conditions{name="avian3d::dynamics::solver::xpbd::plugin::prepare_xpbd_joint<avian3d::dynamics::joints::prismatic::PrismaticJoint>"},/Users/l-monninger/.cargo/registry/src/index.crates.io-1949cf8c6b5b557f/bevy_ecs-0.19.0/src/schedule/executor/single_threaded.rs,77,42,1
system_commands{name="bevy_render::uniform::prepare_uniform_components<bevy_post_process::motion_blur::MotionBlurUniform>"},/Users/l-monninger/.cargo/registry/src/index.crates.io-1949cf8c6b5b557f/bevy_ecs-0.19.0/src/system/function_system.rs,54,42,1
system_commands{name="lod::scene::refresh::sync::chunk::begin::begin_chunk_lod_fulfill<chico_vegetation_components::ComponentsOnly<chico_sbs_trees::liams_conifer::LiamsConifer>>"},/Users/l-monninger/.cargo/registry/src/index.crates.io-1949cf8c6b5b557f/bevy_ecs-0.19.0/src/system/function_system.rs,54,42,1
system_commands{name="bevy_pbr::atmosphere::resources::queue_render_sky_pipelines"},/Users/l-monninger/.cargo/registry/src/index.crates.io-1949cf8c6b5b557f/bevy_ecs-0.19.0/src/system/function_system.rs,54,42,1
system_commands{name="lod::scene::refresh::cull_regions::enqueue::produce_lod_cull_for_region<lod_avian::AvianLodSceneRegionIndex<'_, '_, chico_vegetation_components::ComponentsOnly<chico_vegetation_components::placed_vegetation::PlacedVegetation<chico_sbs_trees::braid_oak_tree::BraidOakTree>>>, chico_sbs_trees_playground::vegetation_lod::VegetationCull, chico_vegetation_components::ComponentsOnly<chico_vegetation_components::placed_vegetation::PlacedVegetation<chico_sbs_trees::braid_oak_tree::BraidOakTree>>, bevy_ecs::query::filter::With<bevy_camera::camera::Camera>>"},/Users/l-monninger/.cargo/registry/src/index.crates.io-1949cf8c6b5b557f/bevy_ecs-0.19.0/src/system/function_system.rs,54,42,1
system_commands{name="lod::scene::bounds_patch::patch_scene_bounds<chico_groves::strange_oasis::vc::StrangeOasis, lod_avian::AvianLodSceneBoundsMarshaller>"},/Users/l-monninger/.cargo/registry/src/index.crates.io-1949cf8c6b5b557f/bevy_ecs-0.19.0/src/system/function_system.rs,54,42,1
system_commands{name="lod::scene::refresh::cull_regions::enqueue::produce_lod_cull_for_region<lod_avian::AvianLodSceneRegionIndex<'_, '_, chico_vegetation_components::ComponentsOnly<chico_vegetation_components::placed_vegetation::PlacedVegetation<chico_sbs_trees::sopes_banyan::SopesBanyan>>>, chico_sbs_trees_playground::vegetation_lod::VegetationCull, chico_vegetation_components::ComponentsOnly<chico_vegetation_components::placed_vegetation::PlacedVegetation<chico_sbs_trees::sopes_banyan::SopesBanyan>>, bevy_ecs::query::filter::With<bevy_camera::camera::Camera>>"},/Users/l-monninger/.cargo/registry/src/index.crates.io-1949cf8c6b5b557f/bevy_ecs-0.19.0/src/system/function_system.rs,54,42,1
system_commands{name="lod::scene::refresh::sync::chunk::begin::begin_chunk_lod_fulfill<chico_vegetation_components::FlattenedComponentsOnly<chico_vegetation_components::placed_vegetation::PlacedVegetation<alloc::sync::Arc<chico_sbs_trees::braid_oak_tree::BraidOakTree>>>>"},/Users/l-monninger/.cargo/registry/src/index.crates.io-1949cf8c6b5b557f/bevy_ecs-0.19.0/src/system/function_system.rs,54,42,1
system_commands{name="lod::scene::bounds_patch::patch_scene_bounds<chico_groves::riparian_mix::vc::RiparianMix, lod_avian::AvianLodSceneBoundsMarshaller>"},/Users/l-monninger/.cargo/registry/src/index.crates.io-1949cf8c6b5b557f/bevy_ecs-0.19.0/src/system/function_system.rs,54,42,1
system_commands{name="lod::scene::refresh::sync::chunk::begin::begin_chunk_lod_fulfill<chico_groves::alpine::vc::Alpine>"},/Users/l-monninger/.cargo/registry/src/index.crates.io-1949cf8c6b5b557f/bevy_ecs-0.19.0/src/system/function_system.rs,54,42,1
system_commands{name="bevy_render::uniform::prepare_uniform_components<bevy_core_pipeline::skybox::SkyboxUniforms>"},/Users/l-monninger/.cargo/registry/src/index.crates.io-1949cf8c6b5b557f/bevy_ecs-0.19.0/src/system/function_system.rs,54,42,1
check_conditions{name="bevy_transform_interpolation::ease_rotation_slerp"},/Users/l-monninger/.cargo/registry/src/index.crates.io-1949cf8c6b5b557f/bevy_ecs-0.19.0/src/schedule/executor/single_threaded.rs,77,42,1
system_commands{name="lod::scene::refresh::cull_regions::enqueue::produce_lod_cull_for_region<lod_avian::AvianLodSceneRegionIndex<'_, '_, chico_vegetation_components::ComponentsOnly<chico_vegetation_components::placed_vegetation::PlacedVegetation<chico_sbs_trees::storybook_tree::StorybookTree>>>, chico_sbs_trees_playground::vegetation_lod::VegetationCull, chico_vegetation_components::ComponentsOnly<chico_vegetation_components::placed_vegetation::PlacedVegetation<chico_sbs_trees::storybook_tree::StorybookTree>>, bevy_ecs::query::filter::With<bevy_camera::camera::Camera>>"},/Users/l-monninger/.cargo/registry/src/index.crates.io-1949cf8c6b5b557f/bevy_ecs-0.19.0/src/system/function_system.rs,54,42,1
check_conditions{name="avian3d::dynamics::solver::plugin::solve_restitution"},/Users/l-monninger/.cargo/registry/src/index.crates.io-1949cf8c6b5b557f/bevy_ecs-0.19.0/src/schedule/executor/single_threaded.rs,77,42,1
system_commands{name="render_item::mesh::fetch_meshes<render_item::mesh::handle::MeshHandle<sdf_common::noisy::NoisySurface<sdf_common::ball::Ball>>, bevy_pbr::pbr_material::StandardMaterial>"},/Users/l-monninger/.cargo/registry/src/index.crates.io-1949cf8c6b5b557f/bevy_ecs-0.19.0/src/system/function_system.rs,54,41,1
system_commands{name="lod::scene::refresh::cull_regions::enqueue::produce_lod_cull_for_region<lod_avian::AvianLodSceneRegionIndex<'_, '_, chico_vegetation_components::ComponentsOnly<chico_sbs_trees::palm_bush::PalmBush>>, chico_sbs_trees_playground::vegetation_lod::VegetationCull, chico_vegetation_components::ComponentsOnly<chico_sbs_trees::palm_bush::PalmBush>, bevy_ecs::query::filter::With<bevy_camera::camera::Camera>>"},/Users/l-monninger/.cargo/registry/src/index.crates.io-1949cf8c6b5b557f/bevy_ecs-0.19.0/src/system/function_system.rs,54,41,1
system_commands{name="lod::scene::bounds_patch::patch_scene_bounds<chico_groves::bush_scrub::vc::BushScrub, lod_avian::AvianLodSceneBoundsMarshaller>"},/Users/l-monninger/.cargo/registry/src/index.crates.io-1949cf8c6b5b557f/bevy_ecs-0.19.0/src/system/function_system.rs,54,41,1
system_commands{name="lod::scene::bounds_patch::patch_scene_bounds<chico_groves::vineyard::vc::Vineyard, lod_avian::AvianLodSceneBoundsMarshaller>"},/Users/l-monninger/.cargo/registry/src/index.crates.io-1949cf8c6b5b557f/bevy_ecs-0.19.0/src/system/function_system.rs,54,41,1
system_commands{name="lod::scene::refresh::cull_regions::enqueue::produce_lod_cull_for_region<lod_avian::AvianLodSceneRegionIndex<'_, '_, chico_vegetation_components::ComponentsOnly<chico_sbs_trees::date_palm::DatePalm>>, chico_sbs_trees_playground::vegetation_lod::VegetationCull, chico_vegetation_components::ComponentsOnly<chico_sbs_trees::date_palm::DatePalm>, bevy_ecs::query::filter::With<bevy_camera::camera::Camera>>"},/Users/l-monninger/.cargo/registry/src/index.crates.io-1949cf8c6b5b557f/bevy_ecs-0.19.0/src/system/function_system.rs,54,41,1
system_commands{name="bevy_light::cluster::add_light_probe_and_decal_aabbs"},/Users/l-monninger/.cargo/registry/src/index.crates.io-1949cf8c6b5b557f/bevy_ecs-0.19.0/src/system/function_system.rs,54,41,1
system_commands{name="lod::scene::bounds_patch::patch_scene_bounds<chico_vegetation_components::ComponentsOnly<chico_vegetation_components::placed_vegetation::PlacedVegetation<chico_sbs_trees::liams_conifer::LiamsConifer>>, lod_avian::AvianLodSceneBoundsMarshaller>"},/Users/l-monninger/.cargo/registry/src/index.crates.io-1949cf8c6b5b557f/bevy_ecs-0.19.0/src/system/function_system.rs,54,41,1
check_conditions{name="avian3d::dynamics::solver::plugin::store_contact_impulses"},/Users/l-monninger/.cargo/registry/src/index.crates.io-1949cf8c6b5b557f/bevy_ecs-0.19.0/src/schedule/executor/single_threaded.rs,77,41,1
RenderContextState::apply{system=bevy_post_process::effect_stack::post_processing},/Users/l-monninger/.cargo/registry/src/index.crates.io-1949cf8c6b5b557f/bevy_render-0.19.0/src/renderer/render_context.rs,110,41,1
system_commands{name="bevy_render::extract_resource::extract_resource<bevy_camera::clear_color::ClearColor, ()>"},/Users/l-monninger/.cargo/registry/src/index.crates.io-1949cf8c6b5b557f/bevy_ecs-0.19.0/src/system/function_system.rs,54,41,1
system_commands{name="lod::scene::refresh::cull_regions::enqueue::produce_lod_cull_for_region<lod_avian::AvianLodSceneRegionIndex<'_, '_, chico_vegetation_components::ComponentsOnly<chico_vegetation_components::placed_vegetation::PlacedVegetation<chico_sbs_trees::temperate_conifer::TemperateConifer>>>, chico_sbs_trees_playground::vegetation_lod::VegetationCull, chico_vegetation_components::ComponentsOnly<chico_vegetation_components::placed_vegetation::PlacedVegetation<chico_sbs_trees::temperate_conifer::TemperateConifer>>, bevy_ecs::query::filter::With<bevy_camera::camera::Camera>>"},/Users/l-monninger/.cargo/registry/src/index.crates.io-1949cf8c6b5b557f/bevy_ecs-0.19.0/src/system/function_system.rs,54,41,1
system_commands{name="render_item::mesh::fetch_meshes<render_item::mesh::handle::MeshHandle<sdf_common::noisy::NoisySurface<sdf_common::cylinder::TaperedCylinder>>, bevy_pbr::pbr_material::StandardMaterial>"},/Users/l-monninger/.cargo/registry/src/index.crates.io-1949cf8c6b5b557f/bevy_ecs-0.19.0/src/system/function_system.rs,54,41,1
check_conditions{name="bevy_gizmos::start_gizmo_context<bevy_light::gizmos::LightGizmoConfigGroup, bevy_time::fixed::Fixed>"},/Users/l-monninger/.cargo/registry/src/index.crates.io-1949cf8c6b5b557f/bevy_ecs-0.19.0/src/schedule/executor/single_threaded.rs,77,41,1
system_commands{name="lod::scene::refresh::cull_regions::enqueue::produce_lod_cull_for_region<lod_avian::AvianLodSceneRegionIndex<'_, '_, chico_groves::temperate_lower_massives::vc::TemperateLowerMassives>, chico_sbs_trees_playground::vegetation_lod::VegetationCull, chico_groves::temperate_lower_massives::vc::TemperateLowerMassives, bevy_ecs::query::filter::With<bevy_camera::camera::Camera>>"},/Users/l-monninger/.cargo/registry/src/index.crates.io-1949cf8c6b5b557f/bevy_ecs-0.19.0/src/system/function_system.rs,54,41,1
system_commands{name="avian3d::collision::collider::backend::init_collider_constructor_hierarchies"},/Users/l-monninger/.cargo/registry/src/index.crates.io-1949cf8c6b5b557f/bevy_ecs-0.19.0/src/system/function_system.rs,54,41,1
system_commands{name="bevy_render::uniform::prepare_uniform_components<bevy_post_process::dof::DepthOfFieldUniform>"},/Users/l-monninger/.cargo/registry/src/index.crates.io-1949cf8c6b5b557f/bevy_ecs-0.19.0/src/system/function_system.rs,54,41,1
RenderContextState::apply{system=bevy_pbr::atmosphere::node::render_sky},/Users/l-monninger/.cargo/registry/src/index.crates.io-1949cf8c6b5b557f/bevy_render-0.19.0/src/renderer/render_context.rs,110,41,1
system_commands{name="lod::scene::refresh::cull_regions::enqueue::produce_lod_cull_for_region<lod_avian::AvianLodSceneRegionIndex<'_, '_, chico_groves::orchard::vc::Orchard>, chico_sbs_trees_playground::vegetation_lod::VegetationCull, chico_groves::orchard::vc::Orchard, bevy_ecs::query::filter::With<bevy_camera::camera::Camera>>"},/Users/l-monninger/.cargo/registry/src/index.crates.io-1949cf8c6b5b557f/bevy_ecs-0.19.0/src/system/function_system.rs,54,41,1
system_commands{name="render_item::mesh::handle::enforce_caching<sdf_common::crook_cylinder::CrookCylinder, chico_vegetation_shaders::chico_stick_material::ChicoStickMaterial>"},/Users/l-monninger/.cargo/registry/src/index.crates.io-1949cf8c6b5b557f/bevy_ecs-0.19.0/src/system/function_system.rs,54,41,1
system_commands{name="lod::scene::refresh::cull_regions::enqueue::produce_lod_cull_for_region<lod_avian::AvianLodSceneRegionIndex<'_, '_, chico_vegetation_components::FlattenedComponentsOnly<chico_vegetation_components::placed_vegetation::PlacedVegetation<alloc::sync::Arc<chico_sbs_trees::braid_oak_tree::BraidOakTree>>>>, chico_sbs_trees_playground::vegetation_lod::VegetationCull, chico_vegetation_components::FlattenedComponentsOnly<chico_vegetation_components::placed_vegetation::PlacedVegetation<alloc::sync::Arc<chico_sbs_trees::braid_oak_tree::BraidOakTree>>>, bevy_ecs::query::filter::With<bevy_camera::camera::Camera>>"},/Users/l-monninger/.cargo/registry/src/index.crates.io-1949cf8c6b5b557f/bevy_ecs-0.19.0/src/system/function_system.rs,54,41,1
system_commands{name="bevy_audio::audio_output::play_queued_audio_system<bevy_audio::audio_source::AudioSource>"},/Users/l-monninger/.cargo/registry/src/index.crates.io-1949cf8c6b5b557f/bevy_ecs-0.19.0/src/system/function_system.rs,54,41,1
check_conditions{name="bevy_gizmos::start_gizmo_context<bevy_gizmos::config::DefaultGizmoConfigGroup, bevy_time::fixed::Fixed>"},/Users/l-monninger/.cargo/registry/src/index.crates.io-1949cf8c6b5b557f/bevy_ecs-0.19.0/src/schedule/executor/single_threaded.rs,77,41,1
system_commands{name="lod::scene::refresh::cull_regions::enqueue::produce_lod_cull_for_region<lod_avian::AvianLodSceneRegionIndex<'_, '_, chico_groves::spotty_bushes::vc::SpottyBushes>, chico_sbs_trees_playground::vegetation_lod::VegetationCull, chico_groves::spotty_bushes::vc::SpottyBushes, bevy_ecs::query::filter::With<bevy_camera::camera::Camera>>"},/Users/l-monninger/.cargo/registry/src/index.crates.io-1949cf8c6b5b557f/bevy_ecs-0.19.0/src/system/function_system.rs,54,41,1
system_commands{name="lod::scene::refresh::sync::chunk::begin::begin_chunk_lod_fulfill<chico_vegetation_components::ComponentsOnly<chico_sbs_trees::palm_crown::PalmCrown>>"},/Users/l-monninger/.cargo/registry/src/index.crates.io-1949cf8c6b5b557f/bevy_ecs-0.19.0/src/system/function_system.rs,54,41,1
system_commands{name="bevy_render::uniform::prepare_uniform_components<bevy_pbr::deferred::PbrDeferredLightingDepthId>"},/Users/l-monninger/.cargo/registry/src/index.crates.io-1949cf8c6b5b557f/bevy_ecs-0.19.0/src/system/function_system.rs,54,41,1
system_commands{name="lod::scene::refresh::cull_regions::enqueue::produce_lod_cull_for_region<lod_avian::AvianLodSceneRegionIndex<'_, '_, chico_groves::rolling_oaks::vc::RollingOaks>, chico_sbs_trees_playground::vegetation_lod::VegetationCull, chico_groves::rolling_oaks::vc::RollingOaks, bevy_ecs::query::filter::With<bevy_camera::camera::Camera>>"},/Users/l-monninger/.cargo/registry/src/index.crates.io-1949cf8c6b5b557f/bevy_ecs-0.19.0/src/system/function_system.rs,54,41,1
check_conditions{name="avian3d::dynamics::ccd::solve_swept_ccd"},/Users/l-monninger/.cargo/registry/src/index.crates.io-1949cf8c6b5b557f/bevy_ecs-0.19.0/src/schedule/executor/single_threaded.rs,77,41,1
system_commands{name="bevy_anti_alias::fxaa::prepare_fxaa_pipelines"},/Users/l-monninger/.cargo/registry/src/index.crates.io-1949cf8c6b5b557f/bevy_ecs-0.19.0/src/system/function_system.rs,54,41,1
system_commands{name="lod::scene::refresh::cull_regions::enqueue::produce_lod_cull_for_region<lod_avian::AvianLodSceneRegionIndex<'_, '_, chico_groves::jungle_lower_massives::vc::JungleLowerMassives>, chico_sbs_trees_playground::vegetation_lod::VegetationCull, chico_groves::jungle_lower_massives::vc::JungleLowerMassives, bevy_ecs::query::filter::With<bevy_camera::camera::Camera>>"},/Users/l-monninger/.cargo/registry/src/index.crates.io-1949cf8c6b5b557f/bevy_ecs-0.19.0/src/system/function_system.rs,54,41,1
system_commands{name="bevy_gizmos_render::extract_gizmo_data"},/Users/l-monninger/.cargo/registry/src/index.crates.io-1949cf8c6b5b557f/bevy_ecs-0.19.0/src/system/function_system.rs,54,41,1
system_commands{name="chico_sbs_trees_playground::commands::show::sync_show"},/Users/l-monninger/.cargo/registry/src/index.crates.io-1949cf8c6b5b557f/bevy_ecs-0.19.0/src/system/function_system.rs,54,41,1
check_conditions{name="bevy_app::main_schedule::FixedMain::run_fixed_main"},/Users/l-monninger/.cargo/registry/src/index.crates.io-1949cf8c6b5b557f/bevy_ecs-0.19.0/src/schedule/executor/single_threaded.rs,77,41,1
system_commands{name="lod::scene::refresh::cull_regions::enqueue::produce_lod_cull_for_region<lod_avian::AvianLodSceneRegionIndex<'_, '_, chico_groves::riverine_green::vc::RiverineGreen>, chico_sbs_trees_playground::vegetation_lod::VegetationCull, chico_groves::riverine_green::vc::RiverineGreen, bevy_ecs::query::filter::With<bevy_camera::camera::Camera>>"},/Users/l-monninger/.cargo/registry/src/index.crates.io-1949cf8c6b5b557f/bevy_ecs-0.19.0/src/system/function_system.rs,54,41,1
system_commands{name="lod::scene::refresh::sync::chunk::begin::begin_chunk_lod_fulfill<chico_vegetation_components::ComponentsOnly<chico_groves::monster_grass::vc::MonsterGrass>>"},/Users/l-monninger/.cargo/registry/src/index.crates.io-1949cf8c6b5b557f/bevy_ecs-0.19.0/src/system/function_system.rs,54,41,1
system_commands{name="bevy_audio::audio_output::cleanup_finished_audio<bevy_audio::audio_source::AudioSource>"},/Users/l-monninger/.cargo/registry/src/index.crates.io-1949cf8c6b5b557f/bevy_ecs-0.19.0/src/system/function_system.rs,54,41,1
system_commands{name="bevy_core_pipeline::oit::resolve::queue_oit_resolve_pipeline"},/Users/l-monninger/.cargo/registry/src/index.crates.io-1949cf8c6b5b557f/bevy_ecs-0.19.0/src/system/function_system.rs,54,41,1
system_commands{name="bevy_render::uniform::prepare_uniform_components<bevy_anti_alias::contrast_adaptive_sharpening::CasUniform>"},/Users/l-monninger/.cargo/registry/src/index.crates.io-1949cf8c6b5b557f/bevy_ecs-0.19.0/src/system/function_system.rs,54,41,1
system_commands{name="lod::scene::refresh::sync::chunk::begin::begin_chunk_lod_fulfill<chico_groves::jungle_lower_massives::vc::JungleLowerMassives>"},/Users/l-monninger/.cargo/registry/src/index.crates.io-1949cf8c6b5b557f/bevy_ecs-0.19.0/src/system/function_system.rs,54,41,1
system_commands{name="lod::scene::refresh::cull_regions::enqueue::produce_lod_cull_for_region<lod_avian::AvianLodSceneRegionIndex<'_, '_, chico_vegetation_components::ComponentsOnly<chico_vegetation_components::placed_vegetation::PlacedVegetation<chico_sbs_trees::kamakura_torch::KamakuraTorch>>>, chico_sbs_trees_playground::vegetation_lod::VegetationCull, chico_vegetation_components::ComponentsOnly<chico_vegetation_components::placed_vegetation::PlacedVegetation<chico_sbs_trees::kamakura_torch::KamakuraTorch>>, bevy_ecs::query::filter::With<bevy_camera::camera::Camera>>"},/Users/l-monninger/.cargo/registry/src/index.crates.io-1949cf8c6b5b557f/bevy_ecs-0.19.0/src/system/function_system.rs,54,41,1
system_commands{name="lod::scene::refresh::cull_regions::enqueue::produce_lod_cull_for_region<lod_avian::AvianLodSceneRegionIndex<'_, '_, chico_groves::goettingen_follow::vc::GoettingenFollow>, chico_sbs_trees_playground::vegetation_lod::VegetationCull, chico_groves::goettingen_follow::vc::GoettingenFollow, bevy_ecs::query::filter::With<bevy_camera::camera::Camera>>"},/Users/l-monninger/.cargo/registry/src/index.crates.io-1949cf8c6b5b557f/bevy_ecs-0.19.0/src/system/function_system.rs,54,41,1
